SKU,Title,CreatedAt,Category,Subcategory,PriceHUF
"BK92398","Cablu/sufa elastica impletita 4m cu carlige metalice pentru remorcare 2T","2026-02-25T08:01:38.446Z","Accesorii agricole","Chingi, cabluri si coliere","1849"
"BK92399","Cablu/sufa elastica impletita 4m cu carlige metalice pentru remorcare 2T","2026-02-25T08:01:38.446Z","Accesorii agricole","Chingi, cabluri si coliere","1249"
"BK87666","Set maner poarta cu arc si izolatori gard electric Breckner Germany","2026-02-25T08:01:38.450Z","Zootehnie","Gard electric","2090"
"BK87669","Maner poarta negru cu carlig si arc gard electric Breckner Germany","2026-02-25T08:01:38.450Z","Zootehnie","Gard electric","521"
"BK87670","Maner poarta negru cu carlig si arc gard electric Breckner Germany","2026-02-25T08:01:38.450Z","Zootehnie","Gard electric","613"
"BK87695","Set maner poarta cu arc si izolatori gard electric Breckner Germany","2026-02-25T08:01:38.450Z","Zootehnie","Gard electric","1690"
"DISBG27","Filtru ulei tractor Konig 45CP, 50CP. Jinma 80CP","2026-02-25T08:01:38.450Z","Piese tractoare straine","Konig Traktoren","2890"
"DISBG28","Filtru ulei tractor Konig 45CP, 50CP. Jinma 80CP","2026-02-25T08:01:38.450Z","Piese tractoare straine","Konig Traktoren","2690"
"DISBG32","Filtru motorina tractor Konig 25CP, 45CP, 50CP. Jinma 70CP","2026-02-25T08:01:38.450Z","Piese tractoare straine","Konig Traktoren","418"
"DISBG33","Filtru motorina tractor Konig 25CP, 45CP, 50CP. Jinma 70CP","2026-02-25T08:01:38.450Z","Piese tractoare straine","Konig Traktoren","2249"
"BK87684","Tester tensiune gard electric Breckner Germany","2026-02-25T08:01:38.450Z","Zootehnie","Gard electric","10390"
"DISDP39","Coada lemn dreapta lopata 34x42x1500mm","2026-02-25T08:01:38.451Z","Casa si gradina","Gradinarit","1249"
"DISDP40","Coada lemn dreapta lopata 34x42x1500mm","2026-02-25T08:01:38.451Z","Casa si gradina","Gradinarit","1790"
"DISDP37","Coada lemn dreapta furca 34x42x1500mm","2026-02-25T08:01:38.451Z","Casa si gradina","Gradinarit","1590"
"DISAL71/80-100A","Colier furtun inox reglabil 80-100A","2026-02-25T08:01:38.451Z","Accesorii agricole","Chingi, cabluri si coliere","165"
"BK80332","Colier furtun inox reglabil 90-110A","2026-02-25T08:01:38.451Z","Accesorii agricole","Chingi, cabluri si coliere","182"
"BK99720","Fir rotund pentru motocoasa, 1.65 mm x 15 m Breckner Germany","2026-02-25T08:01:38.453Z","Utilaje mici","Motocositori","233"
"BK99725","Fir rotund pentru motocoasa, 2.4 mm x 15 m Breckner Germany","2026-02-25T08:01:38.453Z","Utilaje mici","Motocositori","373"
"BK99726","Fir rotund pentru motocoasa, 2.4 mm x 90 m Breckner Germany","2026-02-25T08:01:38.453Z","Utilaje mici","Motocositori","2349"
"BK99727","Fir rotund pentru motocoasa, 2.4 mm x 360 m Breckner Germany","2026-02-25T08:01:38.453Z","Utilaje mici","Motocositori","8249"
"BK87850","Pompa transfer motorina 12V Breckner Germany","2026-02-25T08:01:38.454Z","Accesorii agricole","Sisteme alimentare combustibil","3590"
"BK87851","Pompa transfer motorina 12V Breckner Germany","2026-02-25T08:01:38.454Z","Accesorii agricole","Sisteme alimentare combustibil","2849"
"BK80748","Cleste de crotaliat bovine si ovine compatibil cu majoritatea tipurilor de crotalii de pe piata","2026-02-25T08:01:38.454Z","Zootehnie","Marcare animale","3549"
"BK80749","Cleste de crotaliat bovine si ovine compatibil cu majoritatea tipurilor de crotalii de pe piata","2026-02-25T08:01:38.454Z","Zootehnie","Marcare animale","4690"
"BK87585","Tester tensiune gard electric","2026-02-25T08:01:38.455Z","Zootehnie","Gard electric","3749"
"BK87586","Tester tensiune gard electric","2026-02-25T08:01:38.455Z","Zootehnie","Gard electric","4190"
"BK87467","Bec cu LED E27 9W 220V din sticla Breckner Germany","2026-02-25T08:01:38.455Z","Casa si gradina","Iluminat","1749"
"BK90204","Suzeta pentru galeata alaptat vitei","2026-02-25T08:01:38.455Z","Zootehnie","Adapatori animale","425"
"BK90235","Manson lung cauciuc pentru aparat de muls vaci Breckner Germany","2026-02-25T08:01:38.455Z","Zootehnie","Mulgatoare","1649"
"BK90236","Manson lung cauciuc pentru aparat de muls vaci Breckner Germany","2026-02-25T08:01:38.455Z","Zootehnie","Mulgatoare","1649"
"BK90247","Garnitura colector 160cc pentru aparat de muls vaci Breckner Germany","2026-02-25T08:01:38.455Z","Zootehnie","Mulgatoare","586"
"BK90252","Grup de muls 160cc pentru aparat de muls vaci Breckner Germany","2026-02-25T08:01:38.455Z","Zootehnie","Mulgatoare","21490"
"BK87540","Izolator inelar PP medium pentru fir gard electric Breckner Germany","2026-02-25T08:01:38.455Z","Zootehnie","Gard electric","55"
"M87Z661","Izolator cu ancorare dubla 5.8mm 85x87mm gard electric Breckner Germany","2026-02-25T08:01:38.455Z","Zootehnie","Gard electric","216"
"M87Z663","Set maner poarta cu arc si izolatori gard electric Mezofarm","2026-02-25T08:01:38.455Z","Zootehnie","Gard electric","2090"
"M87Z666","Set maner poarta cu arc si izolatori gard electric Mezofarm","2026-02-25T08:01:38.455Z","Zootehnie","Gard electric","2349"
"BK90511","Opritor de lapte pentru aparat de muls vaci Breckner Germany","2026-02-25T08:01:38.456Z","Zootehnie","Mulgatoare","563"
"BK90507","Vizor manson pentru aparat de muls Breckner Germany","2026-02-25T08:01:38.456Z","Zootehnie","Mulgatoare","309"
"BK90560","Perie scurta pentru curatare aparat de muls vaci Breckner Germany","2026-02-25T08:01:38.456Z","Zootehnie","Mulgatoare","494"
"BK90561","Perie lunga pentru curatare aparat de muls vaci Breckner Germany","2026-02-25T08:01:38.456Z","Zootehnie","Mulgatoare","543"
"M87Z608","Sarma galvanizata pentru gard electric 1.6mm x 1000m Breckner Germany","2026-02-25T08:01:38.456Z","Zootehnie","Gard electric","18049"
"BK99740","Cap tambur universal motocoasa cu fir fi2.5mm si filet prindere M10 x P1.25LH Breckner Germany","2026-02-25T08:01:38.456Z","Utilaje mici","Motocositori","2090"
"BK99741","Cap tambur universal motocoasa cu fir fi2.5mm si filet prindere M10 x P1.25LH Breckner Germany","2026-02-25T08:01:38.456Z","Utilaje mici","Motocositori","2090"
"BK99742","Cap tambur universal motocoasa cu fir fi2.5mm si filet prindere M10 x P1.25LH Breckner Germany","2026-02-25T08:01:38.456Z","Utilaje mici","Motocositori","2649"
"BK99744","Demaror complet pentru motocoasa Breckner Germany","2026-02-25T08:01:38.456Z","Utilaje mici","Motocositori","1849"
"BK99745","Demaror complet pentru motocoasa Breckner Germany","2026-02-25T08:01:38.456Z","Utilaje mici","Motocositori","1149"
"BK99746","Demaror complet pentru motocoasa Breckner Germany","2026-02-25T08:01:38.456Z","Utilaje mici","Motocositori","1249"
"BK99747","Demaror complet pentru motocoasa Breckner Germany","2026-02-25T08:01:38.456Z","Utilaje mici","Motocositori","879"
"BK89517","Cleste sfic cu tais lateral 180mm profesional Coofix","2026-02-25T08:01:38.457Z","Casa si gradina","Scule si unelte","1590"
"DISSC64","Suruburi cap hexagon DIN 933-8.8 M24X70 10 buc","2026-02-25T08:01:38.457Z","Accesorii agricole","Suruburi","3590"
"DISSC65","Suruburi cap hexagon DIN 933-8.8 M24X70 10 buc","2026-02-25T08:01:38.457Z","Accesorii agricole","Suruburi","4990"
"DISSC66","Suruburi cap hexagon DIN 933-8.8 M24X70 10 buc","2026-02-25T08:01:38.457Z","Accesorii agricole","Suruburi","3890"
"BK80445","Inel nazal metalic pentru bovine, rumegatoare cu surub prindere Breckner Germany","2026-02-25T08:01:38.457Z","Zootehnie","Accesorii animale","1049"
"BK80446","Inel nazal metalic pentru bovine, rumegatoare cu surub prindere Breckner Germany","2026-02-25T08:01:38.457Z","Zootehnie","Accesorii animale","782"
"BK87518","Conector fir electric galvanizat cu suruburi pentru gard electric","2026-02-25T08:01:38.457Z","Zootehnie","Gard electric","1190"
"BK80440","Cleste crestare ureche tip U Breckner Germany","2026-02-25T08:01:38.457Z","Zootehnie","Accesorii animale","2890"
"BK87114","Kit complet gard electric 12/220V, 4.8 Joule lungime fir 1000m, 100 izolatori si placute avertizare Breckner Germany","2026-02-25T08:01:38.458Z","Zootehnie","Gard electric","46649"
"DISFW75","Secera profesionala din otel calit 45mm cu maner de lemn","2026-02-25T08:01:38.459Z","Casa si gradina","Gradinarit","3490"
"DISFW76","Secera profesionala din otel calit 45mm cu maner de lemn","2026-02-25T08:01:38.459Z","Casa si gradina","Gradinarit","607"
"DISFW81","Coasa profesionala fara coada 750mm","2026-02-25T08:01:38.459Z","Casa si gradina","Gradinarit","4790"
"DISFW82","Coasa profesionala fara coada 800mm","2026-02-25T08:01:38.459Z","Casa si gradina","Gradinarit","4790"
"BK87917","Masca de sudura automata cu cristale neagra Breckner Germany","2026-02-25T08:01:38.460Z","Accesorii agricole","Echipamente de sudura","5649"
"BK87918","Masca de sudura automata cu cristale neagra Breckner Germany","2026-02-25T08:01:38.460Z","Accesorii agricole","Echipamente de sudura","6490"
"BK69291R","Panou LED slim 60W, 220V, IP20, 6500K, 595x595x20mm pentru tavan casetat Breckner Germany","2026-02-25T08:01:38.460Z","Casa si gradina","Iluminat","13549"
"BK81215","Carlig cu inel siguranta sarcina maxima 3.15T Breckner Germany","2026-02-25T08:01:38.461Z","Accesorii agricole","Chingi, cabluri si coliere","2490"
"BK90413","Set cric suport capra auto greutate maxima 6T 2 buc","2026-02-25T08:01:38.461Z","Accesorii agricole","Cricuri","12590"
"BK90415","Presa hidraulica pentru lucrari de tinichigerie, sarcina maxima 10 Tone","2026-02-25T08:01:38.461Z","Accesorii agricole","Cricuri","55449"
"BK90382","Bara suport pentru motor tip traversa Breckner Germany","2026-02-25T08:01:38.461Z","Accesorii agricole","Cricuri","22149"
"BK90383","Bara suport pentru motor tip traversa Breckner Germany","2026-02-25T08:01:38.461Z","Accesorii agricole","Cricuri","26190"
"BK80204","Cutit cutter profesional cu maner anti-alunecare si functie blocare 165mm Breckner Germany","2026-02-25T08:01:38.461Z","Casa si gradina","Scule si unelte","373"
"BK80205","Cutit cutter rosu cu functie blocare lama 150mm Breckner Germany","2026-02-25T08:01:38.461Z","Casa si gradina","Scule si unelte","149"
"BK80206","Cutit cutter rosu cu functie blocare lama 150mm Breckner Germany","2026-02-25T08:01:38.462Z","Casa si gradina","Scule si unelte","68"
"BK92469","Suzeta din inox cu bila 80x21mm M20 pentru adapare porci si vitei","2026-02-25T08:01:38.462Z","Zootehnie","Adapatori animale","688"
"BK90271","Robinet tip fluture pentru aparat de muls vaci Breckner Germany","2026-02-25T08:01:38.462Z","Zootehnie","Mulgatoare","262"
"BK92867","Garnitura capac bidon 30L pentru aparat de muls vaci Breckner Germany","2026-02-25T08:01:38.462Z","Zootehnie","Mulgatoare","1149"
"BK92866","Garnitura capac bidon 40L pentru aparat de muls vaci Breckner Germany","2026-02-25T08:01:38.462Z","Zootehnie","Mulgatoare","1249"
"BK92884","Pulsator 50/50 pentru aparat de muls vaci Breckner Germany","2026-02-25T08:01:38.462Z","Zootehnie","Mulgatoare","5390"
"BK92890","Regulator presiune pentru rezervor vacuum aparat de muls vaci Breckner Germany","2026-02-25T08:01:38.462Z","Zootehnie","Mulgatoare","824"
"BK92893","Dop rezervor vacuum pentru aparat de muls vaci Breckner Germany","2026-02-25T08:01:38.462Z","Zootehnie","Mulgatoare","134"
"BK92895","Colector complet 160cc pentru aparat de muls vaci Breckner Germany","2026-02-25T08:01:38.462Z","Zootehnie","Mulgatoare","3090"
"DISFW66","Palan manual cu lant sarcina maxima 1000Kg lungime lant 3m si carlig cu siguranta","2026-02-25T08:01:38.462Z","Casa si gradina","Scule si unelte","17190"
"DISFW68","Palan manual cu lant sarcina maxima 1000Kg lungime lant 3m si carlig cu siguranta","2026-02-25T08:01:38.462Z","Casa si gradina","Scule si unelte","15949"
"BK89592","Pistol tub silicon 225mm Crownman","2026-02-25T08:01:38.463Z","Casa si gradina","Scule si unelte","1090"
"BK89593","Pistol tub silicon 225mm Crownman","2026-02-25T08:01:38.463Z","Casa si gradina","Scule si unelte","1149"
"BK92334","Furtun racire drept int. 57x1000mm silicon cu insertie textila Breckner Germany","2026-02-25T08:01:38.463Z","Accesorii agricole","Furtunuri","9449"
"BK92335","Furtun racire drept int. 57x1000mm silicon cu insertie textila Breckner Germany","2026-02-25T08:01:38.463Z","Accesorii agricole","Furtunuri","10390"
"DISCC05","Comutator 10A pentru aparat de muls vaci Breckner Germany","2026-02-25T08:01:38.463Z","Zootehnie","Mulgatoare","4749"
"DISCC10","Unitatea de evacuare pentru pompa vacuum aparat de muls vaci Breckner Germany","2026-02-25T08:01:38.463Z","Zootehnie","Mulgatoare","4149"
"DISCC12","Vacuumetru fi 63mm pentru aparat de muls vaci Breckner Germany","2026-02-25T08:01:38.463Z","Zootehnie","Mulgatoare","6249"
"BK87544","Izolator prindere cu filet, negru pentru stalp metalic gard electric Breckner Germany","2026-02-25T08:01:38.464Z","Zootehnie","Gard electric","99"
"DISCC24","Rola 50m furtun de vidat transparent simplu pentru aparat de muls vaci Breckner Germany","2026-02-25T08:01:38.464Z","Zootehnie","Mulgatoare","73249"
"DISCC50","Grup de muls 160cc pentru aparat de muls vaci Breckner Germany","2026-02-25T08:01:38.464Z","Zootehnie","Mulgatoare","21490"
"BK87758","Pompa transfer motorina 220V debit 40L/min. Breckner Germany","2026-02-25T08:01:38.464Z","Accesorii agricole","Sisteme alimentare combustibil","29890"
"BK92936","Dulap metalic fiset 1800x900x400mm cu 2 usi securizate, 4 polite, gri Breckner Germany","2026-02-25T08:01:38.464Z","Casa si gradina","Mobilier","57590"
"BK92952","Raft metalic cu 5 polite MDF, 180x100x30cm, 250kg/polita, montaj fara suruburi, galvanizat","2026-02-25T08:01:38.464Z","Casa si gradina","Mobilier","14149"
"BK19666","Simering ax ridicare hidraulica 23x37.5x11mm pentru Case IH, New Holland, Fiat OEM 47129342","2026-02-25T08:01:38.465Z","Piese tractoare straine","Fiat","981"
"BK85064","Furtun aer compresor L 20 m cu capete de legatura pentru umflat roti","2026-02-25T08:01:38.465Z","Accesorii agricole","Furtunuri","4690"
"DISDD47","Set 9 imbusuri hexagonale cu brat scurt si varf sferic unghi desfacere 25 grade profesional Coofix","2026-02-25T08:01:38.466Z","Casa si gradina","Scule si unelte","2190"
"BK81097","Chinga de ridicare 6mx125mm 5T","2026-02-25T08:01:38.466Z","Accesorii agricole","Chingi, cabluri si coliere","11349"
"BK92720","Pompa apa pentru Case IH cod OEM J286277, J802970, J286278 Breckner Germany","2026-02-25T08:01:38.466Z","Piese tractoare straine","Case","11749"
"BK69247","Lampa LED cu panou solar iluminat stradal 300W, 6500K, IP65 Breckner Germany","2026-02-25T08:01:38.467Z","Casa si gradina","Iluminat","19290"
"DISEU67","Mini polizor drept 4.2V 15000rpm cu baterie 600mAh JoustMax","2026-02-25T08:01:38.467Z","Casa si gradina","Scule si unelte","7990"
"DISEU68","Mini polizor drept 4.2V 15000rpm cu baterie 600mAh JoustMax","2026-02-25T08:01:38.467Z","Casa si gradina","Scule si unelte","7790"
"DISHB57","Far cu semnalizare 12V pentru JCB cod OEM 700/38400 Breckner Germany","2026-02-25T08:01:38.467Z","Piese tractoare straine","JCB","5149"
"DISHB58","Far cu semnalizare 12V pentru JCB cod OEM 700/38400 Breckner Germany","2026-02-25T08:01:38.467Z","Piese tractoare straine","JCB","6449"
"BK77539","Set baterie manometru cu 2 cai pentru agent frigorific, AC R22 Breckner Germany","2026-02-25T08:01:38.468Z","Casa si gradina","Scule si unelte","22649"
"BK77540","Set baterie manometru cu 2 cai pentru agent frigorific, AC R22 Breckner Germany","2026-02-25T08:01:38.468Z","Casa si gradina","Scule si unelte","14190"
"BK77594","Tirant central universal cat 2-2, 670x890mm lagar 26mm Breckner Germany","2026-02-25T08:01:38.468Z","Accesorii agricole","Tiranti centrali","49290"
"BK77595","Tirant central universal cat 2-2, 670x890mm lagar 26mm Breckner Germany","2026-02-25T08:01:38.468Z","Accesorii agricole","Tiranti centrali","49290"
"BK77600","Tirant central universal cat 2-2, 670x890mm lagar 26mm Breckner Germany","2026-02-25T08:01:38.468Z","Accesorii agricole","Tiranti centrali","18849"
"BK77601","Tirant central universal cat 2-2, 670x890mm lagar 26mm Breckner Germany","2026-02-25T08:01:38.468Z","Accesorii agricole","Tiranti centrali","17690"
"DISHH77","Tirant central universal cat 3-3, 670x890mm lagar 32mm Breckner Germany","2026-02-25T08:01:38.468Z","Accesorii agricole","Tiranti centrali","22790"
"DISHH78","Tirant central universal cat 2-2, 720x940mm lagar 26mm Breckner Germany","2026-02-25T08:01:38.468Z","Accesorii agricole","Tiranti centrali","18390"
"BK77604","Tirant central universal cat 2-2, 720x940mm lagar 26mm Breckner Germany","2026-02-25T08:01:38.468Z","Accesorii agricole","Tiranti centrali","19049"
"DISHN85","Tirant central reglabil hidraulic, categoria 2-2, 700mm inchis, cursa 375mm","2026-02-25T08:01:38.468Z","Accesorii agricole","Tiranti centrali","47649"
"BK87783","Adapatoare plastic 5L 1.5kg cu plutitor si accesorii de prindere Breckner Germany","2026-02-25T08:01:38.468Z","Zootehnie","Adapatori animale","3590"
"DISFM94","Robinet regulator gaz pentru tun mecanic cu explozie speriat pasari","2026-02-25T08:01:38.468Z","Zootehnie","Tun pentru speriat pasari","7290"
"BK81339","Troliu electric cu telecomanda 12V, 1,6T (3000lbs) cablu otel 5x11m, solenoid 100A Breckner Germany","2026-02-25T08:01:38.468Z","Casa si gradina","Scule si unelte","48949"
"BK81340","Troliu electric cu telecomanda 12V, 1,6T (3000lbs) cablu otel 5x11m, solenoid 100A Breckner Germany","2026-02-25T08:01:38.468Z","Casa si gradina","Scule si unelte","49690"
"DISSP60","Intrerupator lumini cabina, usa universal cod OEM 85AG-13713-AC, 3K93122, 206020, NS41901","2026-02-25T08:01:38.468Z","Piese tractoare straine","Piese universale","199"
"BK77653","Mixer, malaxor electric cu amestecator 1400W pentru vopsea, mortar, adeziv Hoteche","2026-02-25T08:01:38.469Z","Casa si gradina","Scule si unelte","34349"
"DISMA68","Pompa transfer motorina 220V 550W Breckner Debit 60L/min. (Kit cu contor, furtun aspiratie 1,5M, furtun transfer 4M, Pistol)","2026-02-25T08:01:38.469Z","Accesorii agricole","Sisteme alimentare combustibil","89649"
"DISHG51","Patina cala stabilizator pentru JCB cod OEM 331/20550 Breckner Germany","2026-02-25T08:01:38.469Z","Piese tractoare straine","JCB","1390"
"DISHG51A","Patina cala stabilizator pentru JCB cod OEM 331/20550 Breckner Germany","2026-02-25T08:01:38.469Z","Piese tractoare straine","JCB","1790"
"BK90873","Colier furtun metalic reglabil 3 inch. 57-76mm Breckner Germany","2026-02-25T08:01:38.470Z","Accesorii agricole","Chingi, cabluri si coliere","111"
"DISHR27","Pompa apa de suprafata 280W, 24V debit 1,5m3/h pentru panou solar fotovoltaic Breckner Germany","2026-02-25T08:01:38.470Z","Casa si gradina","Aparate si masini gradinarit","12890"
"DISHR26","Pompa apa de suprafata 180W, 12V debit 1,5m3/h pentru panou solar fotovoltaic Breckner Germany","2026-02-25T08:01:38.471Z","Casa si gradina","Aparate si masini gradinarit","11549"
"DISCC09","Pompa vacuum 80cc pentru aparat de muls vaci Breckner Germany","2026-02-25T08:01:38.471Z","Zootehnie","Mulgatoare","41990"
"DISCC22","Opritor de lapte pentru aparat de muls vaci Breckner Germany","2026-02-25T08:01:38.471Z","Zootehnie","Mulgatoare","398"
"DISCC45","Garnitura colector 160cc pentru aparat de muls vaci Breckner Germany","2026-02-25T08:01:38.471Z","Zootehnie","Mulgatoare","586"
"DISCC14","Capac transparent bidon 40L cu 3 iesiri pentru aparat de muls vaci Breckner Germany","2026-02-25T08:01:38.471Z","Zootehnie","Mulgatoare","2890"
"DISED20","Robinet plastic 1/2 x fi 16mm pentru aparat de muls Breckner Germany","2026-02-25T08:01:38.471Z","Zootehnie","Mulgatoare","445"
"DISDT49","Aparat de muls vaci 2 posturi bidon 40L inox cu butelie, vacuum rezervor Breckner Germany","2026-02-25T08:01:38.471Z","Zootehnie","Mulgatoare","274790"
"DISLD62","Aparat generator de impulsuri 14 Joule pentru gard electric 230V, 120Km Britmann","2026-02-25T08:01:38.471Z","Zootehnie","Gard electric","39990"
"BK99769","Fir patrat rasucit pentru motocoasa 3mmx15m Breckner Germany","2026-02-25T08:01:38.471Z","Utilaje mici","Motocositori","519"
"BK99770","Fir patrat rasucit pentru motocoasa 2.4mmx15m Breckner Germany","2026-02-25T08:01:38.471Z","Utilaje mici","Motocositori","376"
"BK99773","Cap motocoasa, autocut profesional pentru defrisari Breckner Germany","2026-02-25T08:01:38.471Z","Utilaje mici","Motocositori","1249"
"BK99774","Cap motocoasa, autocut profesional pentru defrisari Breckner Germany","2026-02-25T08:01:38.471Z","Utilaje mici","Motocositori","1349"
"BK77851","Cleste castrare cu inel pentru bovine, ovine, porci Breckner Germany","2026-02-25T08:01:38.471Z","Zootehnie","Accesorii animale","2290"
"BK77852","Cleste castrare cu inel pentru bovine, ovine, porci Breckner Germany","2026-02-25T08:01:38.471Z","Zootehnie","Accesorii animale","4090"
"DISLF49","Perie tesala metalica spiralata pentru cai 230x105mm Breckner Germany","2026-02-25T08:01:38.471Z","Zootehnie","Mulgatoare","2849"
"BK77916","Cleste castrare cu inel pentru bovine, ovine, porci Breckner Germany","2026-02-25T08:01:38.471Z","Zootehnie","Accesorii animale","1590"
"BK77915","Cleste castrare cu inel pentru bovine, ovine, porci Breckner Germany","2026-02-25T08:01:38.471Z","Zootehnie","Accesorii animale","2349"
"BK77940","Dozator, seringa automata 30ml pentru administrare suspensii, solutii orale Breckner Germany","2026-02-25T08:01:38.471Z","Zootehnie","Mulgatoare","13090"
"BK77937","Set 2 renete stanga/dreapta pentru curatarea ongloanelor, copitelor Breckner Germany","2026-02-25T08:01:38.471Z","Zootehnie","Accesorii animale","2749"
"BK77936","Set 2 renete stanga/dreapta pentru curatarea ongloanelor, copitelor Breckner Germany","2026-02-25T08:01:38.471Z","Zootehnie","Accesorii animale","2749"
"BK77935","Set 2 renete stanga/dreapta pentru curatarea ongloanelor, copitelor Breckner Germany","2026-02-25T08:01:38.471Z","Zootehnie","Accesorii animale","2749"
"BK77934","Set 2 renete stanga/dreapta pentru curatarea ongloanelor, copitelor 210mm Breckner Germany","2026-02-25T08:01:38.471Z","Zootehnie","Accesorii animale","2749"
"BK77938","Set 2 renete stanga/dreapta pentru curatarea ongloanelor, copitelor 210mm Breckner Germany","2026-02-25T08:01:38.471Z","Zootehnie","Accesorii animale","2749"
"DISLC16","Foarfeca manuala de tuns oi 350mm Breckner Germany","2026-02-25T08:01:38.471Z","Zootehnie","Accesorii animale","1549"
"DISLC19","Reneta cu lama dubla si carlig pentru curatarea ongloanelor, copitelor 160mm Breckner Germany","2026-02-25T08:01:38.471Z","Zootehnie","Accesorii animale","1290"
"DISLC40","Cleste aplicator inele nazale din sarma pentru porci Breckner Germany","2026-02-25T08:01:38.471Z","Zootehnie","Accesorii animale","2449"
"DISLF44","Cleste universal pentru aplicat crotalii bovine, ovine Breckner Germany","2026-02-25T08:01:38.471Z","Zootehnie","Accesorii animale","4549"
"DISLF52","Reneta profesionala pentru curatarea ongloanelor si copitelor la cabaline Breckner Germany","2026-02-25T08:01:38.471Z","Zootehnie","Accesorii animale","2190"
"DISLF58","Dispozitiv extractie vitei, forceps Breckner Germany","2026-02-25T08:01:38.471Z","Zootehnie","Accesorii animale","40190"
"DISLF59","Dispozitiv extractie vitei, forceps Breckner Germany","2026-02-25T08:01:38.471Z","Zootehnie","Accesorii animale","38590"
"DISVR41","Cleste dublu articulat pentru ongloane (copite) Breckner Germany","2026-02-25T08:01:38.471Z","Zootehnie","Accesorii animale","12790"
"BK78048P","Cutie depozitare portocalie din plastic modulara, 12 sertare 158x266x170mm Breckner Germany","2026-02-25T08:01:38.472Z","Casa si gradina","Cutii depozitare","5549"
"BK78048R","Cutie depozitare portocalie din plastic modulara, 12 sertare 158x266x170mm Breckner Germany","2026-02-25T08:01:38.472Z","Casa si gradina","Cutii depozitare","5549"
"BK78001","Lanterna, lampa de lucru LED portabila cu baterie 6V 4Ah,USB, 100x95x200mm FELINAR","2026-02-25T08:01:38.472Z","Casa si gradina","Scule si unelte","4090"
"BK78002","Lanterna, lampa de lucru LED portabila cu baterie 6V 4Ah,USB, 100x95x200mm FELINAR","2026-02-25T08:01:38.472Z","Casa si gradina","Scule si unelte","4190"
"DISLD09","Pistol pentru suflat aer comprimat cu duza scurta/medie/lunga","2026-02-25T08:01:38.472Z","Casa si gradina","Scule si unelte","1749"
"DISLD10","Pistol pentru suflat aer comprimat cu duza scurta/medie/lunga","2026-02-25T08:01:38.472Z","Casa si gradina","Scule si unelte","1749"
"DISLD11","Pistol suflat aer cu furtun","2026-02-25T08:01:38.472Z","Casa si gradina","Scule si unelte","1990"
"DISLD12","Pistol suflat aer cu furtun","2026-02-25T08:01:38.472Z","Casa si gradina","Scule si unelte","2090"
"DISGK39","Lift electric pentru materiale constructii inaltime max 6m, 265kg cu telecomanda","2026-02-25T08:01:38.472Z","Casa si gradina","Scule si unelte","715890"
"BK78204","Cleste pentru segmenti, inele piston 40-160mm Breckner Germany","2026-02-25T08:01:38.474Z","Casa si gradina","Scule si unelte","2290"
"BK78205","Cleste pentru segmenti, inele piston 40-160mm Breckner Germany","2026-02-25T08:01:38.474Z","Casa si gradina","Scule si unelte","1990"
"DISHV09","Intrerupator lumini pentru John Deere cod OEM AL155611","2026-02-25T08:01:38.474Z","Piese tractoare straine","John Deere","8849"
"DISHV12","Intrerupator lumini pentru John Deere cod OEM AL155611","2026-02-25T08:01:38.474Z","Piese tractoare straine","John Deere","6390"
"FOXAB80","Spray degripant (antirugina) 400 ml","2026-02-25T08:01:38.474Z","Accesorii agricole","Spray-uri si intretinere","620"
"DISKU15N","Scaun plastic pliabil negru 286X325X270 mm","2026-02-25T08:01:38.474Z","Casa si gradina","Scule si unelte","2549"
"UTB101.31.151","Kit de reparatie cap tirant lateral cat. 2 pentru John Deere","2026-02-25T08:01:38.474Z","Piese tractoare straine","John Deere","5549"
"DISKN12","Element elastic EMP pentru granulator furaje 40TH157","2026-02-25T08:01:38.474Z","Casa si gradina","Peleti","640"
"DISKN13","Set pinion si coroana atac pentru granulator furaje 40TH157","2026-02-25T08:01:38.474Z","Casa si gradina","Peleti","44290"
"DISLV31","Aspersor spray cu duza 10cm, D1/2, filet interior pentru sisteme irigatii, raza 5.2m","2026-02-25T08:01:38.475Z","Casa si gradina","Sisteme de irigare","1149"
"DISLV33","Aspersor spray cu duza 5cm, D1/2, filet interior pentru sisteme irigatii, raza 5.2m","2026-02-25T08:01:38.475Z","Casa si gradina","Sisteme de irigare","1349"
"DISAL71/10-16A","Colier furtun inox reglabil 10-16A","2026-02-25T08:01:38.475Z","Accesorii agricole","Chingi, cabluri si coliere","64"
"DISAL71/12-20A","Colier furtun inox reglabil 12-20A","2026-02-25T08:01:38.475Z","Accesorii agricole","Chingi, cabluri si coliere","67"
"DISAL71/16-27A","Colier furtun inox reglabil 16-27A","2026-02-25T08:01:38.475Z","Accesorii agricole","Chingi, cabluri si coliere","75"
"DISAL71/20-32A","Colier furtun inox reglabil 20-32A","2026-02-25T08:01:38.475Z","Accesorii agricole","Chingi, cabluri si coliere","91"
"DISAL71/60-80A","Colier furtun inox reglabil 60-80A","2026-02-25T08:01:38.475Z","Accesorii agricole","Chingi, cabluri si coliere","115"
"BK78354","Aparat de spalat cu presiune 7.5CP 18 Mpa cu furtun si pistol Breckner Germany","2026-02-25T08:01:38.475Z","Casa si gradina","Aparate de spalat cu presiune","93390"
"BK78386","Tub de picurare orb pentru irigatii D16 mm fara gauri 200m Breckner Germany","2026-02-25T08:01:38.475Z","Casa si gradina","Sisteme de irigare","10790"
"BK78356","Tub picurare apa, rola 200M 4L/H, D16mm. pas 30cm Breckner Germany","2026-02-25T08:01:38.476Z","Casa si gradina","Sisteme de irigare","11890"
"BK78355","Tub picurare apa, rola 100M 4L/h, D16mm pas 33cm Breckner Germany","2026-02-25T08:01:38.476Z","Casa si gradina","Sisteme de irigare","6049"
"DISMM31","Cort auto impermeabil pentru 2 persoane, prindere pe plafon cu plaforma si scara","2026-02-25T08:01:38.476Z","Casa si gradina","Corturi","356490"
"DISLT70","Coada din lemn lacuita 120cm pentru unelte gradina","2026-02-25T08:01:38.476Z","Casa si gradina","Gradinarit","978"
"BK78365","Conector, mufa imbinare banda picurare D17x17mm pentru sisteme de irigatii Breckner Germany","2026-02-25T08:01:38.476Z","Casa si gradina","Sisteme de irigare","48"
"DISLX17","Sac plasa cu maner 600x400mm tip Raschel pentru legume 20Kg portocaliu","2026-02-25T08:01:38.476Z","Casa si gradina","Saci","34"
"DISLX18","Sac plasa cu maner 330x500mm tip Raschel pentru legume 10Kg portocaliu","2026-02-25T08:01:38.476Z","Casa si gradina","Saci","26"
"DISLX19","Sac plasa 500x800mm tip Raschel pentru legume 40Kg verde inchis","2026-02-25T08:01:38.476Z","Casa si gradina","Saci","50"
"DISLX21","Sac plasa cu maner 600x400mm tip Raschel pentru legume 20Kg rosu","2026-02-25T08:01:38.476Z","Casa si gradina","Saci","34"
"DISLX22","Sac plasa 500x800mm tip Raschel pentru legume 40Kg galben","2026-02-25T08:01:38.476Z","Casa si gradina","Saci","49"
"BK78360","Banda picurare apa, rola 3000M 2L/H, D16mm. pas 10cm Breckner Germany","2026-02-25T08:01:38.476Z","Casa si gradina","Sisteme de irigare","48749"
"BK88785","Conector, mufa imbinare banda picurare D17x17mm pentru sisteme de irigatii Breckner Germany","2026-02-25T08:01:38.476Z","Casa si gradina","Sisteme de irigare","27"
"BK88744","Ciuperca picurare debit 4 L/h pentru tub de picurare cu compensator Breckner Germany","2026-02-25T08:01:38.476Z","Casa si gradina","Sisteme de irigare","26"
"BK88745","Ciuperca picurare debit 8L/H pentru tub de picurare cu compensator Breckner Germany","2026-02-25T08:01:38.476Z","Casa si gradina","Sisteme de irigare","21"
"DISKZ74","Stabilizator tirant lateral pentru Massey Ferguson cod OEM S.17959","2026-02-25T08:01:38.476Z","Piese tractoare straine","Massey Ferguson","5490"
"DISKR75","Gratie metalica Hanneman 510x420mm","2026-02-25T08:01:38.477Z","Zootehnie","Unelte apicole","2749"
"DISKR81","Afumator albine din inox cu cilindru scut termic si burduf din piele 190mm","2026-02-25T08:01:38.477Z","Zootehnie","Unelte apicole","3849"
"DISKR83","Afumator albine din inox cu cilindru scut termic si burduf din piele 190mm","2026-02-25T08:01:38.477Z","Zootehnie","Unelte apicole","3490"
"Ceara.2","Faguri artificiali 410x260mm","2026-02-25T08:01:38.477Z","Zootehnie","Unelte apicole","11649"
"Ceara.1","Faguri artificiali 410x130mm","2026-02-25T08:01:38.477Z","Zootehnie","Unelte apicole","16949"
"DISKR82","Afumator albine din otel inox cu cilindru scut termic si burduf din piele 160mm","2026-02-25T08:01:38.477Z","Zootehnie","Unelte apicole","3390"
"DISKR93R","Furculita apicola pentru descapacit cu dinti indoiti din inox cu maner plastic 210mm","2026-02-25T08:01:38.477Z","Zootehnie","Unelte apicole","644"
"DISKR93Y","Furculita apicola pentru descapacit cu dinti indoiti din inox cu maner plastic 210mm","2026-02-25T08:01:38.477Z","Zootehnie","Unelte apicole","640"
"DISKU74","Cilindru servodirectie pentru Case IH, FIAT, New Holland cod OEM 5134221, 5144124, 5144126, 5143970, 5156718","2026-02-25T08:01:38.477Z","Piese tractoare straine","Fiat","21090"
"DISKU75","Cilindru servodirectie pentru Case IH, FIAT, New Holland cod OEM 5134221, 5144124, 5144126, 5143970, 5156718","2026-02-25T08:01:38.477Z","Piese tractoare straine","Fiat","21349"
"BK78528","Cap tambur universal pentru motocoasa cu filet prindere M10 x P1.25LH Breckner Germany","2026-02-25T08:01:38.477Z","Utilaje mici","Motocositori","2290"
"BK78529","Cap tambur universal pentru motocoasa cu filet prindere M10 x P1.25LH Breckner Germany","2026-02-25T08:01:38.477Z","Utilaje mici","Motocositori","2049"
"BK78530","Cap tambur universal pentru motocoasa cu filet prindere M10 x P1.25LH Breckner Germany","2026-02-25T08:01:38.477Z","Utilaje mici","Motocositori","2849"
"BK78533","Fir rotund cu insertie metalica pentru motocoasa 2.7mmx10m Breckner Germany","2026-02-25T08:01:38.477Z","Utilaje mici","Motocositori","710"
"BK78537","Fir rotund pentru motocoasa 2.4mmx15m Breckner Germany","2026-02-25T08:01:38.477Z","Utilaje mici","Motocositori","346"
"BK88741","Banda picurare apa, rola 1000M 1.38L/H, D16mm. pas 10cm Breckner Germany","2026-02-25T08:01:38.477Z","Casa si gradina","Sisteme de irigare","16290"
"DISKS33","Centrifuga manuala apicola, extractor miere din inox cu 4 rame","2026-02-25T08:01:38.477Z","Zootehnie","Unelte apicole","117049"
"DISKS34","Centrifuga manuala apicola, extractor miere din inox cu 4 rame","2026-02-25T08:01:38.477Z","Zootehnie","Unelte apicole","84349"
"BK80474","Maner stupi albine 104x80mm","2026-02-25T08:01:38.477Z","Zootehnie","Unelte apicole","479"
"DISKS58","Furculita descapacit, decapsulare miere din inox cu maner din lemn","2026-02-25T08:01:38.477Z","Zootehnie","Unelte apicole","1749"
"DISKS59","Furculita descapacit, decapsulare miere din inox cu maner din lemn","2026-02-25T08:01:38.477Z","Zootehnie","Unelte apicole","1649"
"DISKS74","Cilindru pentru marcare matca","2026-02-25T08:01:38.477Z","Zootehnie","Unelte apicole","454"
"DISLU17","Balama poarta 150mm","2026-02-25T08:01:38.477Z","Casa si gradina","Feronerie","893"
"DISLU18","Balama poarta 200mm","2026-02-25T08:01:38.477Z","Casa si gradina","Feronerie","1190"
"BK80475","Furculita apicola pentru descapacit din inox cu maner plastic 190mm","2026-02-25T08:01:38.478Z","Zootehnie","Unelte apicole","953"
"DISKS68","Ondulator sarma 210mm","2026-02-25T08:01:38.478Z","Zootehnie","Unelte apicole","2090"
"DISKS87","Masca protectie apicola","2026-02-25T08:01:38.478Z","Zootehnie","Unelte apicole","1090"
"BK69963","Lampa LED cu panou solar 1.8W/5.5V, baterie 2000mAh, senzor de miscare si telecomanda IP65 Breckner Germany","2026-02-25T08:01:38.478Z","Casa si gradina","Iluminat","5349"
"BK78042B","Cantar electronic digital de mana portabil 50Kg Breckner Germany","2026-02-25T08:01:38.478Z","Casa si gradina","Scule si unelte","987"
"DISMU44","Robinet tub picurare egal D16x16mm, PN4, pentru sisteme de irigatii","2026-02-25T08:01:38.478Z","Casa si gradina","Sisteme de irigare","80"
"DISMW80","Robinet tub picurare egal 16x16mm PN4 pentru sisteme de irigatii","2026-02-25T08:01:38.478Z","Casa si gradina","Sisteme de irigare","215"
"DISKL42","Racord 45 grade fixare suzeta adapare","2026-02-25T08:01:38.478Z","Zootehnie","Adapatori animale","1549"
"DISLZ17","Trusa scule si unelte combinate 8 piese","2026-02-25T08:01:38.478Z","Casa si gradina","Scule si unelte","2790"
"DISLZ18","Trusa scule si unelte combinate 8 piese","2026-02-25T08:01:38.478Z","Casa si gradina","Scule si unelte","4490"
"DISLZ22","Trusa scule si unelte combinate 37 piese","2026-02-25T08:01:38.478Z","Casa si gradina","Scule si unelte","6490"
"DISLZ23","Trusa scule si unelte combinate 37 piese","2026-02-25T08:01:38.478Z","Casa si gradina","Scule si unelte","11749"
"DISLZ35","Trusa scule si unelte combinate 12 piese","2026-02-25T08:01:38.478Z","Casa si gradina","Scule si unelte","1949"
"BK78704","Recipient ulei uzat portabil 10L Breckner Germany","2026-02-25T08:01:38.479Z","Casa si gradina","Scule si unelte","3749"
"BK78726","Presa cu clichet pentru etrier frana universala Breckner Germany","2026-02-25T08:01:38.479Z","Casa si gradina","Scule si unelte","4149"
"BK78727","Presa cu clichet pentru etrier frana universala Breckner Germany","2026-02-25T08:01:38.479Z","Casa si gradina","Scule si unelte","3449"
"BK78042G","Cantar electronic digital de mana portabil 50 Kg Breckner Germany","2026-02-25T08:01:38.479Z","Casa si gradina","Scule si unelte","983"
"BK78042R","Cantar electronic digital de mana portabil 50 Kg Breckner Germany","2026-02-25T08:01:38.479Z","Casa si gradina","Scule si unelte","987"
"DISKV17","Cric profesional tip crocodil extra lung cu sarcina 3T 130-630mm Floor Jack","2026-02-25T08:01:38.479Z","Accesorii agricole","Cricuri","117090"
"DISMC24","Trusa reparat filete M5, M6, M8, M10, M12 131 piese Breckner Germany","2026-02-25T08:01:38.479Z","Casa si gradina","Scule si unelte","14590"
"DISMC11","Presa hidraulica pentru lucrari de tinichigerie, sarcina maxima 10 Tone","2026-02-25T08:01:38.479Z","Accesorii agricole","Cricuri","97590"
"DISMC13","Recuperator de ulei 80L","2026-02-25T08:01:38.479Z","Casa si gradina","Scule si unelte","52049"
"DISMS74","Levier dulgher 600x17mm","2026-02-25T08:01:38.479Z","Casa si gradina","Scule si unelte","1390"
"DISMS34","Filtru aer si ungator cu regulator de presiune max. 1 MPa, racord 1/4","2026-02-25T08:01:38.479Z","Casa si gradina","Scule si unelte","5249"
"DISMS35","Filtru aer si ungator cu regulator de presiune max. 1 MPa, racord 1/2","2026-02-25T08:01:38.479Z","Casa si gradina","Scule si unelte","5449"
"DISMS37","Filtru aer si ungator cu regulator de presiune max. 1 MPa, racord 1/4","2026-02-25T08:01:38.479Z","Casa si gradina","Scule si unelte","3949"
"DISMS39","Filtru aer si ungator cu regulator de presiune max. 1 MPa, racord 1/2","2026-02-25T08:01:38.479Z","Casa si gradina","Scule si unelte","10990"
"DISKV53","Maner din plastic pentru pila ascutit lant de drujba Breckner Germany","2026-02-25T08:01:38.480Z","Utilaje mici","Drujbe","282"
"DISKV54","Maner din plastic pentru pila ascutit lant de drujba Breckner Germany","2026-02-25T08:01:38.480Z","Utilaje mici","Drujbe","263"
"DISKV56","Maner din lemn pentru pila ascutit lant de drujba Breckner Germany","2026-02-25T08:01:38.480Z","Utilaje mici","Drujbe","162"
"DISKV57","Maner din lemn pentru pila ascutit lant de drujba Breckner Germany","2026-02-25T08:01:38.480Z","Utilaje mici","Drujbe","246"
"DISKV58","Maner din plastic pentru pila ascutit lant de drujba Breckner Germany","2026-02-25T08:01:38.480Z","Utilaje mici","Drujbe","287"
"DISKV64","Masina ascutit lant drujba 85W, 12V, disc 108x22x3.2mm, turatie 5000rpm","2026-02-25T08:01:38.480Z","Utilaje mici","Drujbe","16290"
"DISKV65","Masina ascutit lant drujba 85W, 220V, disc 108x22x3.2mm, turatie 5000rpm","2026-02-25T08:01:38.480Z","Utilaje mici","Drujbe","17790"
"DISKV70","Set 5 pile abrazive pentru dispozitiv ascutit lant drujba 5/32 (4.0mm)","2026-02-25T08:01:38.480Z","Utilaje mici","Drujbe","4490"
"DISKV71","Set 5 pile abrazive pentru dispozitiv ascutit lant drujba 3/16 (4.8mm)","2026-02-25T08:01:38.480Z","Utilaje mici","Drujbe","4490"
"DISKV72","Set 5 pile abrazive pentru dispozitiv ascutit lant drujba 7/32 (5.5mm)","2026-02-25T08:01:38.480Z","Utilaje mici","Drujbe","4190"
"DISEH40","Manson scurt de silicon pentru aparat de muls vaci Breckner Germany","2026-02-25T08:01:38.480Z","Zootehnie","Mulgatoare","1749"
"DISHC54","Manson scurt de silicon pentru aparat de muls vaci Breckner Germany","2026-02-25T08:01:38.480Z","Zootehnie","Mulgatoare","1990"
"DISMZ70","Foarfeca electrica de gradina cu 2 acumulatori 16.8V, 2Ah Li-ion, 850W, diametru taiere 0-28mm","2026-02-25T08:01:38.480Z","Casa si gradina","Gradinarit","33990"
"DISMT11","Maceta din otel 610mm cu maner de lemn","2026-02-25T08:01:38.480Z","Casa si gradina","Scule si unelte","987"
"DISMT12","Maceta din otel 610mm cu maner de lemn","2026-02-25T08:01:38.480Z","Casa si gradina","Scule si unelte","926"
"DISKV30","Pila pentru ascutit lant drujba fi 4.8mm 3/16","2026-02-25T08:01:38.480Z","Utilaje mici","Drujbe","310"
"DISKV52","Maner din plastic pentru pila ascutit lant de drujba","2026-02-25T08:01:38.480Z","Utilaje mici","Drujbe","282"
"DISKV55","Maner din plastic pentru pila ascutit lant de drujba","2026-02-25T08:01:38.480Z","Utilaje mici","Drujbe","333"
"DISKV78","Disc ascutire lant drujba 108x22x4.8mm","2026-02-25T08:01:38.480Z","Utilaje mici","Drujbe","710"
"DISKV50","Cheie pentru bujie drujba 17x19x160mmmm cu surubelnita dreapta inclusa","2026-02-25T08:01:38.480Z","Utilaje mici","Drujbe","427"
"DISKV85","Dispozitiv pentru masina nituit lant drujba","2026-02-25T08:01:38.480Z","Utilaje mici","Drujbe","1149"
"DISKV86","Dispozitiv pentru masina nituit lant drujba","2026-02-25T08:01:38.480Z","Utilaje mici","Drujbe","1149"
"DISMT60","Faseta, colier plastic negru 3.6x200mm 100 buc/set Breckner Germany","2026-02-25T08:01:38.480Z","Accesorii agricole","Chingi, cabluri si coliere","300"
"DISMK84","Baterie electrica instant incalzire apa calda cu afisaj digital 3000W, 220V, 35-55 grade IPX4","2026-02-25T08:01:38.480Z","Casa si gradina","Instalatii sanitare","6390"
"DISMK85","Baterie electrica instant incalzire apa calda cu afisaj digital 3000W, 220V, 35-55 grade IPX4","2026-02-25T08:01:38.480Z","Casa si gradina","Instalatii sanitare","6249"
"DISMK86","Baterie electrica instant incalzire apa calda cu afisaj digital 3000W, 220V, 35-55 grade IPX4","2026-02-25T08:01:38.480Z","Casa si gradina","Instalatii sanitare","6849"
"DISMM92","Dulap carucior pentru scule metalic cu 7 sertare 995x680x458mm","2026-02-25T08:01:38.480Z","Casa si gradina","Scule si unelte","149390"
"DISMM93","Dulap carucior pentru scule metalic cu 7 sertare 995x680x458mm","2026-02-25T08:01:38.480Z","Casa si gradina","Scule si unelte","144049"
"BK79079","Banda LED inteligenta 2W/m 5V cu telecomanda, control muzical, bluetooth, aplicatie USB, 10m RGB+IC IP68 Breckner Germany","2026-02-25T08:01:38.481Z","Casa si gradina","Iluminat","6749"
"BK79080","Banda LED inteligenta 2W/m 5V cu telecomanda, control muzical, bluetooth, aplicatie USB, 10m RGB+IC IP68 Breckner Germany","2026-02-25T08:01:38.481Z","Casa si gradina","Iluminat","6849"
"BK79097","Banda LED cu panou solar 5V, 10m, telecomanda RGB+IC IP65 Breckner Germany","2026-02-25T08:01:38.481Z","Casa si gradina","Iluminat","4590"
"DISHX79","Ciuperca picurare PC cu compensator 4l/h pentru tub, furtun de irigare","2026-02-25T08:01:38.481Z","Casa si gradina","Sisteme de irigare","41"
"DISHX80","Ciuperca picurare PC cu compensator 8l/h pentru tub, furtun de irigare","2026-02-25T08:01:38.481Z","Casa si gradina","Sisteme de irigare","40"
"BK79476","Senzor pozitie ridicare/coborare tiranti John Deere cod OEM AT333680, RE261354, RE56165, RE24467","2026-02-25T08:01:38.482Z","Piese tractoare straine","John Deere","16390"
"BK78042O","Cantar electronic digital de mana portabil 50Kg Breckner Germany","2026-02-25T08:01:38.482Z","Casa si gradina","Scule si unelte","987"
"BK79638","Aplica LED liniara 40W, 220V, 1200x62x25mm IP20 Breckner Germany","2026-02-25T08:01:38.482Z","Casa si gradina","Iluminat","1690"
"BK79621","Bec LED 9W, 220V, E27 lumina rece 6500K Breckner Germany","2026-02-25T08:01:38.482Z","Casa si gradina","Iluminat","391"
"BK79622","Bec LED 15W, 220V, E27 lumina rece 6500K Breckner Germany","2026-02-25T08:01:38.482Z","Casa si gradina","Iluminat","525"
"BK79623","Bec LED 9W, 220V, E27 lumina rece 6500K Breckner Germany","2026-02-25T08:01:38.482Z","Casa si gradina","Iluminat","391"
"BK79624","Bec LED 15W, 220V, E27 lumina rece 6500K Breckner Germany","2026-02-25T08:01:38.482Z","Casa si gradina","Iluminat","511"
"BK79639","Aplica LED liniara 60W, 220V, 1200x75x25mm IP20 Breckner Germany","2026-02-25T08:01:38.482Z","Casa si gradina","Iluminat","1949"
"BK79642","Aplica LED liniara 40W, 220V, 1200x62x25mm IP20 Breckner Germany","2026-02-25T08:01:38.482Z","Casa si gradina","Iluminat","1890"
"BK79643","Aplica LED liniara 60W, 220V, 1200x75x25mm IP20 Breckner Germany","2026-02-25T08:01:38.482Z","Casa si gradina","Iluminat","2290"
"BK79636","Aplica LED liniara 20W, 220V, 600x62x25mm IP20 Breckner Germany","2026-02-25T08:01:38.482Z","Casa si gradina","Iluminat","1090"
"BK79640","Aplica LED liniara 20W, 220V, 600x62x25mm IP20 Breckner Germany","2026-02-25T08:01:38.482Z","Casa si gradina","Iluminat","1249"
"BK79641","Aplica LED liniara 30W, 220V, 600x75x25mm IP20 Breckner Germany","2026-02-25T08:01:38.482Z","Casa si gradina","Iluminat","1690"
"BK88768","Ciuperca picurare PC cu compensator 2l/h pentru tub, furtun de irigare","2026-02-25T08:01:38.482Z","Casa si gradina","Sisteme de irigare","31"
"DISMK97","Lacat cu 3 chei auriu 38mm","2026-02-25T08:01:38.482Z","Casa si gradina","Scule si unelte","387"
"DISGP91","Pompa hidraulica sens pe dreapta, debit 27cm3 pentru John Deere OEM AL156335","2026-02-25T08:01:38.482Z","Piese tractoare straine","John Deere","56190"
"DISFV92Q","Carlig de ridicare/tragere cu siguranta 2T","2026-02-25T08:01:38.482Z","Accesorii agricole","Chingi, cabluri si coliere","1049"
"DISMW33","Trusa verificare si incarcare instalatii aer conditionat auto R22, R32, R134a, R410a","2026-02-25T08:01:38.482Z","Casa si gradina","Scule si unelte","31990"
"DISMW34","Trusa verificare si incarcare instalatii aer conditionat auto, freon R22, R32, R134a, R410a","2026-02-25T08:01:38.482Z","Casa si gradina","Scule si unelte","34349"
"DISMW35","Trusa verificare si incarcare instalatii aer conditionat auto, freon R22, R32, R134a, R410a","2026-02-25T08:01:38.482Z","Casa si gradina","Scule si unelte","28090"
"DISMW25","Set cuple rapide pentru instalatie aer conditionat R134a","2026-02-25T08:01:38.483Z","Casa si gradina","Scule si unelte","7790"
"DISMW26","Set cuple rapide pentru instalatie aer conditionat R134a","2026-02-25T08:01:38.483Z","Casa si gradina","Scule si unelte","4690"
"DISMW27","Set cuple rapide pentru instalatie aer conditionat R134a","2026-02-25T08:01:38.483Z","Casa si gradina","Scule si unelte","2990"
"DISMW28","Set cuple rapide pentru instalatie aer conditionat R134a","2026-02-25T08:01:38.483Z","Casa si gradina","Scule si unelte","2849"
"DISMW46","Foarfeca taiat tevi PVC cu diametru 16-32mm","2026-02-25T08:01:38.483Z","Casa si gradina","Scule si unelte","943"
"DISMW47","Foarfeca taiat tevi PVC cu diametru 16-32mm","2026-02-25T08:01:38.483Z","Casa si gradina","Scule si unelte","1290"
"DISGS22","Pompa alimentare pentru Massey Ferguson, Perkins, Landini cod OEM 7971040, 7971233, 994094, 25061529, 25066378, 2641309, 2641310, 2641311, 2641317, 2641A063, 886062M1, 3637307M91, 4222111M91, 886062M91","2026-02-25T08:01:38.483Z","Piese tractoare straine","Massey Ferguson","5790"
"DISGS31","Pompa alimentare pentru Case, Landini, Massey Ferguson, Perkins cod OEM 4224451M91, 3639696M91, 2641A082, PE2641A067, PEULPK0005, U5LPK005, F055477, 2010877, 2641A052, 2641A057, 2641A067, 3055623","2026-02-25T08:01:38.483Z","Piese tractoare straine","Case","5090"
"BK87797","Adapatoare anti-inghet cu bila pentru vaci 50L 58x61x45cm Breckner Germany","2026-02-25T08:01:38.483Z","Zootehnie","Adapatori animale","120190"
"BK87798","Adapatoare anti-inghet cu bila pentru vaci 80L 60x100x45cm Breckner Germany","2026-02-25T08:01:38.483Z","Zootehnie","Adapatori animale","180690"
"DISFP91","Extractor rulmenti cu 2 brate 4/100mm","2026-02-25T08:01:38.483Z","Casa si gradina","Scule si unelte","1849"
"DISFP92","Extractor rulmenti cu 2 brate 6/150mm","2026-02-25T08:01:38.483Z","Casa si gradina","Scule si unelte","3349"
"DISFP93","Extractor rulmenti cu 2 brate 8/200mm","2026-02-25T08:01:38.483Z","Casa si gradina","Scule si unelte","5190"
"DISFP95","Extractor rulmenti cu 3 brate 4/100mm","2026-02-25T08:01:38.483Z","Casa si gradina","Scule si unelte","1990"
"BK79565","Banda delimitare si semnalizare rosu/alb 75mmx50m","2026-02-25T08:01:38.484Z","Casa si gradina","Benzi adezive","421"
"BK80597","Extractor rulmenti cu 3 brate 12/300mm","2026-02-25T08:01:38.484Z","Casa si gradina","Scule si unelte","10790"
"DISRC07","Garnitura evacuare Massey Ferguson, Landini cod OEM 36862143","2026-02-25T08:01:38.484Z","Piese tractoare straine","Massey Ferguson","142"
"DISRC08","Garnitura evacuare Massey Ferguson, Landini cod OEM 36862143","2026-02-25T08:01:38.484Z","Piese tractoare straine","Massey Ferguson","142"
"DISRC11","Prezon si piulita galerie evacuare Massey Ferguson cod OEM 0826232, 1476027X1, 2188134, 41346, 731327M1, 731862M1, 731866M1, 734697M1, 734697","2026-02-25T08:01:38.484Z","Piese tractoare straine","Massey Ferguson","381"
"DISLZ51","Trusa chei tubulare 8-32mm, antrenor cu clichet 1/2 inch 24 piese Breckner Germany","2026-02-25T08:01:38.484Z","Casa si gradina","Scule si unelte","9190"
"BK79260","Set dus multifunctional cu termostat, afisaj digital temperatura apa, 4 functii de curgere a apei, pipa cada, dus dreptunghiular, dus de mana, dus bideu, gri","2026-02-25T08:01:38.484Z","Casa si gradina","Instalatii sanitare","40049"
"BK79261","Set dus multifunctional cu termostat, afisaj digital temperatura apa, 4 functii de curgere a apei, pipa cada, dus dreptunghiular, dus de mana, dus bideu, gri","2026-02-25T08:01:38.484Z","Casa si gradina","Instalatii sanitare","38949"
"BK79262","Set dus multifunctional cu termostat, afisaj digital temperatura apa, 4 functii de curgere a apei, pipa cada, dus dreptunghiular, dus de mana, dus bideu, gri","2026-02-25T08:01:38.484Z","Casa si gradina","Instalatii sanitare","39490"
"BK79263","Set dus multifunctional cu termostat, afisaj digital temperatura apa, 4 functii de curgere a apei, pipa cada, dus dreptunghiular, dus de mana, dus bideu, gri","2026-02-25T08:01:38.484Z","Casa si gradina","Instalatii sanitare","40449"
"BK79264","Set dus multifunctional cu termostat, afisaj digital temperatura apa, 4 functii de curgere a apei, pipa cada, dus dreptunghiular, dus de mana, dus bideu, gri","2026-02-25T08:01:38.484Z","Casa si gradina","Instalatii sanitare","56249"
"DISDB88","Cheie reglabila mops 300mm profesionala pentru conducte si tevi (cheie franceza) 12 inch","2026-02-25T08:01:38.484Z","Casa si gradina","Instalatii sanitare","3190"
"DISGG13","Cleste taiat cabluri 250mm","2026-02-25T08:01:38.484Z","Casa si gradina","Scule si unelte","1390"
"DISHZ67","Cleste papagal reglabil cu autoblocare 250mm","2026-02-25T08:01:38.484Z","Casa si gradina","Scule si unelte","1690"
"DISHZ68","Cleste papagal reglabil cu autoblocare 250mm","2026-02-25T08:01:38.484Z","Casa si gradina","Scule si unelte","2390"
"BK50017","Radiator apa pentru Massey Ferguson motor Perkins cod OEM 885579M93, 885580M3, 885411M93, 897358M4, 885579M92, 885579M93 Breckner Germany","2026-02-25T08:01:38.484Z","Piese tractoare straine","Massey Ferguson","75590"
"DISLZ49","Trusa chei tubulare 8-32mm, antrenor cu clichet 1/2 inch 24 piese Breckner Germany","2026-02-25T08:01:38.484Z","Casa si gradina","Scule si unelte","11149"
"DISPK09","Filtru aer si ungator cu regulator de presiune max. 1 MPa, racord 1/2","2026-02-25T08:01:38.484Z","Casa si gradina","Scule si unelte","7149"
"DISPR07","Teu compresiune cu filet interior mama 90 grade D25x25mmx1/2, PN16 bar pentru sisteme de irigatii","2026-02-25T08:01:38.484Z","Casa si gradina","Sisteme de irigare","1149"
"DISPR68","Mufa conector stut egal tub picurare 16x16mm pentru sisteme de irigatii","2026-02-25T08:01:38.484Z","Casa si gradina","Sisteme de irigare","7"
"DISPR24","Racord drept tub picurare 20x20mm pentru sisteme de irigatii","2026-02-25T08:01:38.484Z","Casa si gradina","Sisteme de irigare","13"
"DISPR33","Racord drept tub picurare 16x16mm pentru sisteme de irigatii","2026-02-25T08:01:38.484Z","Casa si gradina","Sisteme de irigare","38"
"DISHX77","Perforator tub, furtun orb de irigare DN3","2026-02-25T08:01:38.484Z","Casa si gradina","Sisteme de irigare","462"
"BK79279","Extractor rulmenti cu 3 brate 10/250mm","2026-02-25T08:01:38.485Z","Casa si gradina","Scule si unelte","8449"
"DISMG15","Presa extractor pivoti si capeti de bara camion 32x70mm. Breckner Germany","2026-02-25T08:01:38.485Z","Casa si gradina","Scule si unelte","45449"
"DISMG16","Presa extractor pivoti si capeti de bara camion 58x90mm. Breckner Germany","2026-02-25T08:01:38.485Z","Casa si gradina","Scule si unelte","36149"
"BK79289","Macara hidraulica pliabila tip girafa pentru atelier 2T","2026-02-25T08:01:38.485Z","Accesorii agricole","Cricuri","67390"
"DISAL71/100-120A","Colier furtun inox reglabil 100-120A","2026-02-25T08:01:38.485Z","Accesorii agricole","Chingi, cabluri si coliere","164"
"BK88764","Tija, carlig fixare furtun, tub de irigare D16mm","2026-02-25T08:01:38.485Z","Casa si gradina","Sisteme de irigare","55"
"BK79305","Trusa extractor pneumatic injectoare universal Breckner Germany","2026-02-25T08:01:38.485Z","Casa si gradina","Scule si unelte","31990"
"BK88544","Teu conector stut egal tub picurare 16x16x16mm pentru sisteme de irigatii","2026-02-25T08:01:38.486Z","Casa si gradina","Sisteme de irigare","33"
"BK79699","Camera de supraveghere 3 lentile, 3 obiective 8 MP, 2 CPU dual control, P2P WIFI 2.4G, PTZ cu senzor de miscare, alarma, night vision, AI detectie umana si aplicatie iCSee","2026-02-25T08:01:38.486Z","Casa si gradina","Sisteme de supraveghere si securitate","26549"
"BK79698","Camera de supraveghere 3 lentile, 3 obiective 8 MP, 2 CPU dual control, P2P WIFI 2.4G, PTZ cu senzor de miscare, alarma, night vision, AI detectie umana si aplicatie iCSee","2026-02-25T08:01:38.486Z","Casa si gradina","Sisteme de supraveghere si securitate","26049"
"DISSV84","Disc ambreiaj John Deere cod Ex: 300mm, In: 26mm, Z=15 OEM AL120016, AL23094, AL30451","2026-02-25T08:01:38.486Z","Piese tractoare straine","John Deere","12790"
"DISPV28","Kit reparatie maneta frana mana Massey Ferguson cod OEM 892266, 892266M2, 892267M1, 892268M1, 892269M1, 898654M91, 898654M91, 898654M92, 898654M92","2026-02-25T08:01:38.486Z","Piese tractoare straine","Massey Ferguson","1849"
"DISTT10","Fosa septica vidanjabila 1500L orizontala, tricompartimentata 1-6 persoane","2026-02-25T08:01:38.487Z","Casa si gradina","Fose septice","37590"
"DISPT64","Ruleta 5mx19mm profesionala Crownman","2026-02-25T08:01:38.487Z","Casa si gradina","Scule si unelte","744"
"DISPT65","Ruleta 7.5mx25mm profesionala Crownman","2026-02-25T08:01:38.487Z","Casa si gradina","Scule si unelte","1190"
"DISDF97","Ruleta 5mx19mm profesionala Crownman","2026-02-25T08:01:38.487Z","Casa si gradina","Scule si unelte","1390"
"DISPT63","Ruleta 3mx16mm profesionala Crownman","2026-02-25T08:01:38.487Z","Casa si gradina","Scule si unelte","519"
"DISKP93G","Nucleu imperechere din plastic 250x150x170mm","2026-02-25T08:01:38.487Z","Zootehnie","Unelte apicole","9690"
"DISKP93R","Nucleu imperechere din plastic 250x150x170mm","2026-02-25T08:01:38.487Z","Zootehnie","Unelte apicole","8949"
"DISLW01","Plasa umbrire 40% latime 1.5m, lungime 10m verde din polietilena cu protectie UV","2026-02-25T08:01:38.487Z","Casa si gradina","Plasa umbrire","1190"
"DISLW03","Plasa umbrire 40% latime 10m, lungime 50m verde din polietilena cu protectie UV","2026-02-25T08:01:38.487Z","Casa si gradina","Plasa umbrire","39349"
"DISLW07","Plasa umbrire 95% latime 1.5m, lungime 10m verde din polietilena cu protectie UV","2026-02-25T08:01:38.487Z","Casa si gradina","Plasa umbrire","3490"
"DISLW08","Plasa umbrire 95% latime 1.7m, lungime 10m verde din polietilena cu protectie UV","2026-02-25T08:01:38.487Z","Casa si gradina","Plasa umbrire","4190"
"DISTT70","Centrifuga manuala apicola, extractor miere din inox cu 3 rame","2026-02-25T08:01:38.487Z","Zootehnie","Unelte apicole","78449"
"DISPY35","Pompa de stropit, vermorel manual cu rezervor 18L, 3 duze, presiune max. 3 bar","2026-02-25T08:01:38.488Z","Casa si gradina","Pompe de stropit","4649"
"DISPY35Y","Pompa de stropit, vermorel manual cu rezervor 18L, 3 duze, presiune max. 3 bar","2026-02-25T08:01:38.488Z","Casa si gradina","Pompe de stropit","4990"
"DISNK30","Aparat de aer conditionat portabil 4100 BTU, 420W, 220V cu functie dezumidificare, ventilatie, telecomanda, mod somn, kit instalare inclus Breckner Germany","2026-02-25T08:01:38.488Z","Casa si gradina","Sisteme de ventilatie","100049"
"DISGW32","Lance de pulverizare 130 bar YLG07 pentru aparat de spalat cu presiune BK77091","2026-02-25T08:01:38.488Z","Casa si gradina","Aparate de spalat cu presiune","942"
"DISGW31","Lance de pulverizare 130 bar YLG07 pentru aparat de spalat cu presiune BK77091","2026-02-25T08:01:38.488Z","Casa si gradina","Aparate de spalat cu presiune","1249"
"40TH301","Moara cereale elctrica 3.9 KW, 220V, viteza 2850 r/min, capacitate 240 Kg/h, 4 site incluse THOR","2026-02-25T08:01:38.488Z","Utilaje mici","Mori cereale","23290"
"40TH302","Moara cereale elctrica 3.9 KW, 220V, viteza 2850 r/min, capacitate 240 Kg/h, 4 site incluse THOR","2026-02-25T08:01:38.488Z","Utilaje mici","Mori cereale","24290"
"DISEG27","Pompa de stropit vermorel 2 in 1 manuala si electrica, rezervor 18L, baterie 12V 8Ah, debit 3.1 L/min Breckner Germany","2026-02-25T08:01:38.488Z","Casa si gradina","Pompe de stropit","13290"
"BK79975","Hranitoare pentru pui si pasari de curte 1 kg Breckner Germany","2026-02-25T08:01:38.488Z","Zootehnie","Adapatori animale","488"
"BK92127","Tirant central reglabil hidraulic, categoria 1-2, inchis 600mm, cursa 280mm","2026-02-25T08:01:38.488Z","Accesorii agricole","Tiranti centrali","66890"
"BK76106","Palan manual cu lant 3m, sarcina maxima 2000 kg, carlig cu siguranta Breckner Germany","2026-02-25T08:01:38.488Z","Casa si gradina","Scule si unelte","18049"
"BK76107","Palan manual cu lant 3m, sarcina maxima 2000 kg, carlig cu siguranta Breckner Germany","2026-02-25T08:01:38.488Z","Casa si gradina","Scule si unelte","18649"
"BK76155","Pistol de suflat aer comprimat cu duza scurta 18mm, medie 100mm","2026-02-25T08:01:38.489Z","Casa si gradina","Scule si unelte","838"
"BK76158","Pistol de vopsit cu aer comprimat 500ml, duza 1.3mm, debit 180ml/min, presiune max. 3.5 bar","2026-02-25T08:01:38.489Z","Casa si gradina","Scule si unelte","7090"
"BK76159","Pistol de vopsit cu aer comprimat 500ml, duza 1.3mm, debit 180ml/min, presiune max. 3.5 bar","2026-02-25T08:01:38.489Z","Casa si gradina","Scule si unelte","6949"
"BK76141","Pistol de vopsit cu aer comprimat 500ml, duza 1.3mm, debit 180ml/min, presiune max. 4 bar","2026-02-25T08:01:38.489Z","Casa si gradina","Scule si unelte","17349"
"BK76153","Pistol umflat roti profesional cu furtun 340mm si manometru mecanic 0-16 bar","2026-02-25T08:01:38.489Z","Casa si gradina","Scule si unelte","2190"
"BK76154","Pistol umflat roti profesional cu furtun 340mm si manometru mecanic 0-16 bar","2026-02-25T08:01:38.489Z","Casa si gradina","Scule si unelte","2190"
"DISUE01","Motofierastrau, drujba 2 timpi 2.8CP, 52cc cu lama 16 inch(40cm) accesorii incluse","2026-02-25T08:01:38.489Z","Utilaje mici","Drujbe","26049"
"DISUE02","Motofierastrau, drujba 2 timpi 2.8CP, 52cc cu lama 16 inch(40cm) accesorii incluse","2026-02-25T08:01:38.489Z","Utilaje mici","Drujbe","29449"
"DISUE03","Motofierastrau, drujba 2 timpi 2.8CP, 52cc cu lama 16 inch(40cm) accesorii incluse","2026-02-25T08:01:38.489Z","Utilaje mici","Drujbe","22490"
"DISMD21","Trusa chei tubulare 8-32mm si chei fixe combinate 8-19mm, 1/2 antrenor cu clichet 37 piese Breckner Germany","2026-02-25T08:01:38.489Z","Casa si gradina","Scule si unelte","17090"
"BK56527","Trusa pompa tester auto pentru presiune si vacuum Breckner Germany","2026-02-25T08:01:38.489Z","Casa si gradina","Scule si unelte","5490"
"BK56516","Dispozitiv pneumatic montare burduf planetara 15-120mm, presiune max. 8 bar Breckner Germany","2026-02-25T08:01:38.489Z","Casa si gradina","Scule si unelte","22449"
"BK56563","Pistol Tornador curatare interior cu presiune, rezervor 1L Breckner Germany","2026-02-25T08:01:38.489Z","Casa si gradina","Aparate de spalat cu presiune","11349"
"BK56568","Pistol Tornador curatare interior cu presiune, rezervor 1L Breckner Germany","2026-02-25T08:01:38.489Z","Casa si gradina","Aparate de spalat cu presiune","5890"
"BK56573","Lance spumare cu rezervor 1L pentru aparat de spalat cu presiune Breckner Germany","2026-02-25T08:01:38.489Z","Casa si gradina","Aparate de spalat cu presiune","4190"
"DISRN62","Trusa blocare cale si fixare distributie motoare VAG 1.8, 2.0 TSI/TFSI (EA888) Breckner Germany","2026-02-25T08:01:38.489Z","Casa si gradina","Scule si unelte","11149"
"DISTP30","Cleste taiat cabluri 250mm","2026-02-25T08:01:38.489Z","Casa si gradina","Scule si unelte","1449"
"DISTP36","Extractor rulmenti cu 2 brate 10/250mm","2026-02-25T08:01:38.489Z","Casa si gradina","Scule si unelte","6890"
"DISTP52","Extractor rulmenti cu 2 brate 4/100mm","2026-02-25T08:01:38.489Z","Casa si gradina","Scule si unelte","3990"
"BK76144","Set 5 piese aer comprimat cu furtun spiralat 5m, pistol spalat, vopsit, umflat si suflat aer Breckner Germany","2026-02-25T08:01:38.489Z","Casa si gradina","Scule si unelte","8949"
"BK76145","Set 5 piese aer comprimat cu furtun spiralat 5m, pistol spalat, vopsit, umflat si suflat aer Breckner Germany","2026-02-25T08:01:38.489Z","Casa si gradina","Scule si unelte","9349"
"BK76147","Set 5 piese aer comprimat cu furtun spiralat 5m, pistol spalat, vopsit, umflat si suflat aer Breckner Germany","2026-02-25T08:01:38.489Z","Casa si gradina","Scule si unelte","8790"
"BK76148","Set 5 piese aer comprimat cu furtun spiralat 5m, pistol spalat, vopsit, umflat si suflat aer Breckner Germany","2026-02-25T08:01:38.489Z","Casa si gradina","Scule si unelte","10690"
"DISTP32","Extractor rulmenti cu 2 brate 3/75mm","2026-02-25T08:01:38.489Z","Casa si gradina","Scule si unelte","1090"
"DISTP33","Extractor rulmenti cu 2 brate 4/100mm","2026-02-25T08:01:38.489Z","Casa si gradina","Scule si unelte","1690"
"DISTP34","Extractor rulmenti cu 2 brate 6/150mm","2026-02-25T08:01:38.489Z","Casa si gradina","Scule si unelte","2649"
"DISTP35","Extractor rulmenti cu 2 brate 8/200mm","2026-02-25T08:01:38.489Z","Casa si gradina","Scule si unelte","4390"
"DISTP38","Extractor rulmenti cu 3 brate 4/100mm","2026-02-25T08:01:38.489Z","Casa si gradina","Scule si unelte","2249"
"DISTP39","Extractor rulmenti cu 3 brate 6/150mm","2026-02-25T08:01:38.489Z","Casa si gradina","Scule si unelte","3390"
"DISTP40","Extractor rulmenti cu 3 brate 8/200mm","2026-02-25T08:01:38.489Z","Casa si gradina","Scule si unelte","5349"
"DISTP41","Extractor rulmenti cu 3 brate 10/250mm","2026-02-25T08:01:38.489Z","Casa si gradina","Scule si unelte","8490"
"DISTP42","Extractor rulmenti cu 3 brate 12/300mm","2026-02-25T08:01:38.489Z","Casa si gradina","Scule si unelte","10849"
"DISTP53","Extractor rulmenti cu 2 brate 6/150mm","2026-02-25T08:01:38.489Z","Casa si gradina","Scule si unelte","7290"
"DISTP54","Extractor rulmenti cu 2 brate 8/200mm","2026-02-25T08:01:38.489Z","Casa si gradina","Scule si unelte","8649"
"DISTP55","Extractor rulmenti cu 2 brate 10/250mm","2026-02-25T08:01:38.489Z","Casa si gradina","Scule si unelte","15590"
"DISTU48","Dispozitiv indoit tevi 6mm, 8mm, 10mm","2026-02-25T08:01:38.489Z","Casa si gradina","Instalatii sanitare","2490"
"DISTU49","Dispozitiv indoit tevi 6mm, 8mm, 10mm","2026-02-25T08:01:38.489Z","Casa si gradina","Instalatii sanitare","3049"
"BK92753","Cric mecanic OFF ROAD tip farm 33 inch sarcina maxima 3 Tone Breckner Germany","2026-02-25T08:01:38.490Z","Accesorii agricole","Cricuri","25090"
"DISTG77","Placa perforata 40x250mm, grosime 2mm, otel zincat","2026-02-25T08:01:38.490Z","Casa si gradina","Feronerie","186"
"DISSY31","Cupla rapida tata filet exterior aer comprimat 1/4","2026-02-25T08:01:38.491Z","Casa si gradina","Scule si unelte","459"
"DISSY33","Cleste contragreutati echilibrare roti vulcanizare","2026-02-25T08:01:38.491Z","Vulcanizare","Contragreutati jante","3349"
"DISSY34","Cleste contragreutati echilibrare roti vulcanizare","2026-02-25T08:01:38.491Z","Vulcanizare","Contragreutati jante","3349"
"BK69176","Far stanga/dreapta Massey Ferguson, Landini 170x138mm cod OEM 1693944M93, 1693944","2026-02-25T08:01:38.491Z","Piese tractoare straine","Massey Ferguson","2590"
"DISUF88","Set 6 surubelnite de precizie drepte si in cruce cu varf magnetic profesionale Cr-V Crownman","2026-02-25T08:01:38.491Z","Casa si gradina","Scule si unelte","1690"
"DISUF89","Set 6 surubelnite de precizie drepte si in cruce cu varf magnetic profesionale Cr-V Crownman","2026-02-25T08:01:38.491Z","Casa si gradina","Scule si unelte","445"
"DISUF90","Ruleta 7.5mx25mm profesionala Crownman","2026-02-25T08:01:38.491Z","Casa si gradina","Scule si unelte","1849"
"DISUF94","Set 3 pile universale mixte 200mm Crownman","2026-02-25T08:01:38.491Z","Casa si gradina","Scule si unelte","2390"
"DISUG03","Fierastrau bomfaier manual aluminiu 300mm pentru metal, lemn Crownman","2026-02-25T08:01:38.491Z","Casa si gradina","Gradinarit","1849"
"DISUF07","Cutit cutter profesional cu lama otel 18mm SK5, corp ABS cu maner TPR Crownman","2026-02-25T08:01:38.491Z","Casa si gradina","Scule si unelte","354"
"DISUF08","Cutit cutter profesional cu lama otel 18mm SK5, corp ABS cu maner TPR Crownman","2026-02-25T08:01:38.491Z","Casa si gradina","Scule si unelte","455"
"DISUF24","Cheie franceza reglabila 200mm Crownman","2026-02-25T08:01:38.491Z","Casa si gradina","Scule si unelte","1249"
"DISUF25","Cheie franceza reglabila 250mm Crownman","2026-02-25T08:01:38.491Z","Casa si gradina","Scule si unelte","1790"
"DISTX27","Kit profesional vulcanizare anvelope tubeless la rece cu snur si adeziv","2026-02-25T08:01:38.491Z","Vulcanizare","Accesorii vulcanizare","953"
"DISTX28","Kit profesional vulcanizare anvelope tubeless la rece cu snur si adeziv","2026-02-25T08:01:38.491Z","Vulcanizare","Accesorii vulcanizare","1590"
"DISTX32","Rola presare petice vulcanizare anvelope metalica 6mm","2026-02-25T08:01:38.491Z","Vulcanizare","Accesorii vulcanizare","512"
"BK80199","Valva roata tubeless 43mm TR413","2026-02-25T08:01:38.491Z","Vulcanizare","Valve","38"
"BK65047","Electromotor 12V/3KW pentru Case IH, Deutz-Fahr, Steyr, Same cod OEM 296191800, 0001358020, 0001230012, 0001262029, 1530289C1, 1530359C1, 2.9619.080.0, 2.9619.340.0, 2.9619.360.0, 2.9619.370.0","2026-02-25T08:01:38.491Z","Piese tractoare straine","Case","70190"
"DISSY39","Baterie chiuveta bucatarie rotativa monocomanda, cartus ceramic, crom lucios","2026-02-25T08:01:38.491Z","Casa si gradina","Instalatii sanitare","6090"
"DISSY43","Baterie chiuveta bucatarie cu dus extractibil, pipa flexibila 2 functii, crom lucios","2026-02-25T08:01:38.492Z","Casa si gradina","Instalatii sanitare","10449"
"DISSY47","Robinet apa de serviciu, montaj perete, otel inoxidabil, crom lucios","2026-02-25T08:01:38.492Z","Casa si gradina","Sisteme de irigare","2990"
"DISSY01","Contragreutati autoadezive zincate echilibrare roti Fe 60g (5gx12 buc) 100 benzi/cutie","2026-02-25T08:01:38.492Z","Vulcanizare","Contragreutati jante","6090"
"DISRW18","Lant drujba pas 325, 33 de dinti, 1.5mm, lungime 40cm Breckner Germany","2026-02-25T08:01:38.492Z","Utilaje mici","Drujbe","2249"
"BK79940","Lant drujba pas 3/8, 26 de dinti, 1.3mm, lungime 35cm Breckner Germany","2026-02-25T08:01:38.492Z","Utilaje mici","Drujbe","1290"
"BK79947","Lant drujba pas 325, 32 de dinti, 1.5mm, lungime 38cm Breckner Germany","2026-02-25T08:01:38.492Z","Utilaje mici","Drujbe","1990"
"BK79952","Lant drujba pas 325, 36 de dinti, 1.5mm, lungime 45cm Breckner Germany","2026-02-25T08:01:38.492Z","Utilaje mici","Drujbe","2249"
"BK79944","Lant drujba pas 3/8, 27+1 de dinti, 1.3mm, lungime 40cm Breckner Germany","2026-02-25T08:01:38.492Z","Utilaje mici","Drujbe","1490"
"DISRW59","Prelungitor valva roata 45 grade, lungime 34mm","2026-02-25T08:01:38.492Z","Vulcanizare","Valve","824"
"DISUD73","Capcana otel mecanica tip cleste pentru cartite, popandai si soareci de camp 21x12x15cm","2026-02-25T08:01:38.492Z","Casa si gradina","Produse antidaunatori","1390"
"DISUD74","Capcana otel mecanica tip cleste pentru cartite, popandai si soareci de camp 21x12x15cm","2026-02-25T08:01:38.492Z","Casa si gradina","Produse antidaunatori","1490"
"DISRH81","Adaptor cupa excavator Caterpillar J450 cod OEM 6I6464","2026-02-25T08:01:38.492Z","Piese tractoare straine","Caterpillar","24949"
"DISRK45","Cupla rapida mama aer comprimat cu stut 1/4","2026-02-25T08:01:38.492Z","Casa si gradina","Scule si unelte","486"
"DISRK46","Cupla rapida mama aer comprimat cu stut 1/4","2026-02-25T08:01:38.492Z","Casa si gradina","Scule si unelte","397"
"DISRK47","Cupla rapida mama filet interior aer comprimat 1/4","2026-02-25T08:01:38.492Z","Casa si gradina","Scule si unelte","397"
"DISRK75","Furtun aer compresor 12m PVC 6x11mm si cuple rapide universale","2026-02-25T08:01:38.492Z","Casa si gradina","Scule si unelte","3190"
"DISRK76","Furtun aer compresor 12m cauciucat 6x12mm si cuple rapide universale","2026-02-25T08:01:38.492Z","Casa si gradina","Scule si unelte","3649"
"DISRL71","Prelungitor valva roata 90 grade, lungime 34mm","2026-02-25T08:01:38.492Z","Vulcanizare","Valve","501"
"DISRK50","Set 5 piese aer comprimat cu furtun spiralat 5m, pistol spalat, vopsit, umflat si suflat aer","2026-02-25T08:01:38.492Z","Casa si gradina","Scule si unelte","11190"
"DISRK51","Set 5 piese aer comprimat cu furtun spiralat 5m, pistol spalat, vopsit, umflat si suflat aer","2026-02-25T08:01:38.492Z","Casa si gradina","Scule si unelte","12849"
"DISRK53","Set 5 cuple rapide 1/4 pentru furtunuri aer comprimat si scule pneumatice","2026-02-25T08:01:38.492Z","Casa si gradina","Scule si unelte","691"
"DISRK54","Set 5 cuple rapide 1/4 pentru furtunuri aer comprimat si scule pneumatice","2026-02-25T08:01:38.492Z","Casa si gradina","Scule si unelte","869"
"DISRK55","Set 5 cuple rapide 1/4 pentru furtunuri aer comprimat si scule pneumatice","2026-02-25T08:01:38.492Z","Casa si gradina","Scule si unelte","869"
"DISRK62","Pistol umflat roti cu furtun si manometru mecanic 0-16 bar","2026-02-25T08:01:38.492Z","Casa si gradina","Scule si unelte","2349"
"DISRK64","Pistol suflat aer comprimat cu duza 120mm, furtun spiralat PU 5m si mufa rapida T","2026-02-25T08:01:38.492Z","Casa si gradina","Scule si unelte","2249"
"DISRK65","Pistol suflat aer comprimat cu duza 120mm, furtun spiralat PU 5m si mufa rapida T","2026-02-25T08:01:38.492Z","Casa si gradina","Scule si unelte","2490"
"BK69179","Far New Holland, Ford cod OEM 82014128","2026-02-25T08:01:38.492Z","Piese tractoare straine","New Holland","3190"
"UTBGV7274","Prezon roata cu piulita JCB 2CX, 3CX, 4CX, 5CX cod OEM 826-00923, 106-40001","2026-02-25T08:01:38.492Z","Piese tractoare straine","JCB","1349"
"BK76859","Polizor unghiular flex 750W, 220V, disc 125mm, turatie 11000 r/min Breckner Germany","2026-02-25T08:01:38.493Z","Casa si gradina","Scule si unelte","11090"
"BK76860","Polizor unghiular flex 750W, 220V, disc 125mm, turatie 11000 r/min Breckner Germany","2026-02-25T08:01:38.493Z","Casa si gradina","Scule si unelte","13549"
"DISDU30","Cric mecanic OFF ROAD tip farm 48 inch sarcina maxima 3 Tone Breckner Germany","2026-02-25T08:01:38.493Z","Accesorii agricole","Cricuri","21990"
"DISRK13","Levier otel schimb anvelope vulcanizare 500x28x8mm","2026-02-25T08:01:38.493Z","Vulcanizare","Accesorii vulcanizare","2149"
"DISRK14","Levier otel schimb anvelope vulcanizare 600x28x8mm","2026-02-25T08:01:38.493Z","Vulcanizare","Accesorii vulcanizare","1149"
"DISRK15","Levier otel schimb anvelope vulcanizare 700x28x8mm","2026-02-25T08:01:38.493Z","Vulcanizare","Accesorii vulcanizare","1349"
"DISFR97B","Stalp iluminat 5m din otel cu brat orizontal si flansa montare beton","2026-02-25T08:01:38.493Z","Casa si gradina","Iluminat","44649"
"DISRK18","Presa hidraulica 20T, deschidere reglabila 30-950mm, cursa piston 0-120mm","2026-02-25T08:01:38.493Z","Accesorii agricole","Cricuri","56190"
"DISRK17","Presa hidraulica 20T, deschidere reglabila 30-950mm, cursa piston 0-120mm","2026-02-25T08:01:38.493Z","Accesorii agricole","Cricuri","68549"
"DISRH96","Presa hidraulica 20T, deschidere reglabila 30-950mm, cursa piston 0-120mm","2026-02-25T08:01:38.493Z","Accesorii agricole","Cricuri","55149"
"DISRK16","Presa hidraulica 20T, deschidere reglabila 30-950mm, cursa piston 0-120mm","2026-02-25T08:01:38.493Z","Accesorii agricole","Cricuri","70890"
"DISRK01","Presa hidraulica 30T, deschidere reglabila 0-820mm, cursa piston 0-160mm","2026-02-25T08:01:38.493Z","Accesorii agricole","Cricuri","195149"
"DISRK19","Presa hidraulica 32T, deschidere reglabila 50-1050mm, cursa piston 0-140mm","2026-02-25T08:01:38.493Z","Accesorii agricole","Cricuri","81390"
"DISUJ11","Trusa vulcanizare anvelope tubeless la rece cu snur 200mm, ac insertie, ac spirala, lubrifiant, cutter, chei imbus 32 piese X-TRA SEAL","2026-02-25T08:01:38.493Z","Vulcanizare","Accesorii vulcanizare","11649"
"DISUJ12","Trusa vulcanizare anvelope tubeless la rece cu snur 200mm, ac insertie, ac spirala, lubrifiant, cutter, chei imbus 32 piese X-TRA SEAL","2026-02-25T08:01:38.493Z","Vulcanizare","Accesorii vulcanizare","10790"
"DISUN41","Rola fata de masa decorativa PVC 1.37x20m, grosime 0.18mm, textil 45 g/mp, model floarea soarelui Breckner Germany","2026-02-25T08:01:38.493Z","Casa si gradina","Mobilier","14590"
"DISUN31","Rola folie protectie masa transparenta PVC siliconizat 0.8x20m, grosime 1.2mm Breckner Germany","2026-02-25T08:01:38.493Z","Casa si gradina","Mobilier","31690"
"DISUN34","Rola folie protectie masa transparenta PVC siliconizat 0.8x20m, grosime 1.2mm Breckner Germany","2026-02-25T08:01:38.493Z","Casa si gradina","Mobilier","32890"
"BK88541","Mufa imbinare tub picurare 16mmx3/4 tol filet exterior pentru sisteme de irigatii","2026-02-25T08:01:38.493Z","Casa si gradina","Sisteme de irigare","84"
"BK87045","Recuperator de ulei 80L cu aspirare si sistem de golire pneumatic","2026-02-25T08:01:38.493Z","Casa si gradina","Scule si unelte","42690"
"BK76378","Trusa tester compresie motoare diesel cu manometru mecanic 0-70 bar 19 piese","2026-02-25T08:01:38.493Z","Casa si gradina","Scule si unelte","9349"
"BK76379","Trusa tester compresie motoare diesel cu manometru mecanic 0-70 bar 19 piese","2026-02-25T08:01:38.493Z","Casa si gradina","Scule si unelte","14349"
"DISSY76","Furtun cu incalzire 15m pentru pompa spuma poliuretanica","2026-02-25T08:01:38.493Z","Casa si gradina","Scule si unelte","365790"
"DISRW64","Set ferodouri saboti frana 50x6mm Fiat 450-480 cod OEM 596209","2026-02-25T08:01:38.493Z","Piese tractoare straine","Fiat","3049"
"DISRW65","Set ferodouri saboti frana New Holland, Ford cod OEM 81814147, C5NN2284D","2026-02-25T08:01:38.493Z","Piese tractoare straine","New Holland","3349"
"BK76382","Trusa pompa tester presiune si vacuum pentru aerisire frane, testare ABS, EGR, AC si sistem incalzire auto","2026-02-25T08:01:38.493Z","Casa si gradina","Scule si unelte","4990"
"BK93062","Tirant central reglabil hidraulic, categoria 2-2, cupla rapida, 555mm inchis, cursa 195mm","2026-02-25T08:01:38.493Z","Accesorii agricole","Tiranti centrali","48549"
"BK93063","Tirant central reglabil hidraulic, categoria 2-2, inchis 680mm, cursa 360mm","2026-02-25T08:01:38.493Z","Accesorii agricole","Tiranti centrali","55390"
"BK93064","Tirant central reglabil hidraulic, categoria 1-2, inchis 500mm, cursa 180mm","2026-02-25T08:01:38.493Z","Accesorii agricole","Tiranti centrali","48790"
"BK93065","Tirant central reglabil hidraulic, categoria 1-2, inchis 680mm, cursa 360mm","2026-02-25T08:01:38.493Z","Accesorii agricole","Tiranti centrali","52790"
"BK87198","Contragreutati autoadezive zincate echilibrare roti Fe 60g (5gx12 buc) 100 benzi/cutie","2026-02-25T08:01:38.493Z","Vulcanizare","Contragreutati jante","6290"
"BK98463","Cilindru receptor frana Massey Ferguson, Landini cod OEM 1697360M91, 3186482M91, 3186842M1, M3186482, 1669574M91, 1675277M91","2026-02-25T08:01:38.493Z","Piese tractoare straine","Massey Ferguson","5949"
"BK98466","Cilindru receptor frana Valmet, Steyr cod OEM 30181500, 30181510, V30181500, V30181510, 166700350720, R34012.2.1","2026-02-25T08:01:38.493Z","Piese tractoare straine","Valtra (Valmet)","7090"
"BK98604","Pompa frana principala Case IH cod OEM 1500537C91","2026-02-25T08:01:38.493Z","Piese tractoare straine","Case","11749"
"BK98615","Kit reparatie pompa frana Massey Ferguson seria 300 cod OEM 1810936M91","2026-02-25T08:01:38.493Z","Piese tractoare straine","Massey Ferguson","2249"
"BK98616","Kit reparatie pompa frana Massey Ferguson seria 300 cod OEM 1811086M91, 3900290M91, 12-AG014, 71715035","2026-02-25T08:01:38.494Z","Piese tractoare straine","Massey Ferguson","1690"
"BK98621","Cilindru receptor frana Deutz-Fahr seria 06, Intrac, DX3 cod OEM R28125B1, 02381321","2026-02-25T08:01:38.494Z","Piese tractoare straine","Deutz","6090"
"BK98626","Cilindru receptor frana Fendt Farmer 300, Favorit 500, Xylon, 300 Vario cod OEM G380132070200","2026-02-25T08:01:38.494Z","Piese tractoare straine","Fendt","17290"
"BK98627","Cilindru receptor frana Fendt Farmer 200, Farmer 300, Farmer 300 GT cod OEM G246100150010","2026-02-25T08:01:38.494Z","Piese tractoare straine","Fendt","10449"
"BK98628","Cilindru receptor frana New Holland seria 40, T6, TS, Ford seria 40 cod OEM 83997398, 81866484, E9NN2N448AA, E9NN2N448AB","2026-02-25T08:01:38.494Z","Piese tractoare straine","New Holland","5990"
"DISRS24","Ax priza putere Case IH, New Holland, Steyr, Ford 182.5mm 1-3/4 PTO Z=20 cod OEM 47132584","2026-02-25T08:01:38.494Z","Piese tractoare straine","Case","9849"
"DISRS27","Segmenti piston motor Fendt 108mm, 3x2.5x4mm cod OEM F824200310320, F824200310330, F524200310150, 800014610000","2026-02-25T08:01:38.494Z","Piese tractoare straine","Fendt","4390"
"DISRS28","Piston motor complet Fiat 110mm echipat cu segmenti, bolt 40mm si sigurante cod OEM 1909211, 87569555, 90367, 1901249, 1901344, SF1909211, 33-267, 123/1909211, 1909211GP","2026-02-25T08:01:38.494Z","Piese tractoare straine","Fiat","28049"
"DISRS33","Furtun radiator inferior Case IH, New Holland, Steyr 105mm cod OEM 5096235","2026-02-25T08:01:38.494Z","Piese tractoare straine","Case","781"
"DISRS37","Culbutor evacuare Ford, New Holland, Case IH, Fiat 25.4mm cod OEM 87802659, 83919161, 83956710, 82932992, 81804316","2026-02-25T08:01:38.494Z","Piese tractoare straine","Ford","9490"
"DISRS38","Culbutor motor John Deere 20mm cod OEM AT31250, RE19031, RE31973","2026-02-25T08:01:38.494Z","Piese tractoare straine","John Deere","9490"
"DISRS58","Siguranta supapa John Deere cod OEM R91889","2026-02-25T08:01:38.494Z","Piese tractoare straine","John Deere","223"
"DISRS30","Bieleta de directie John Deere, Deutz 235mm cod OEM AL68253, AL168703","2026-02-25T08:01:38.494Z","Piese tractoare straine","John Deere","15090"
"DISRS34","Furtun radiator superior Ford 42x195mm cod OEM E7NN8260AA, 83961073","2026-02-25T08:01:38.494Z","Piese tractoare straine","Ford","1290"
"DISRS47","Intrerupator pedala frana New Holland, Massey Ferguson, Case IH, Same, Lamborghini, Ford, Mc Cormick 4 pini cod OEM 3532018M91, 3532018M1, LA321564850, LA83961542","2026-02-25T08:01:38.494Z","Piese tractoare straine","New Holland","5049"
"BK76846","Bormasina cu impact 850W, 220V, mandrina 13mm, turatie 3300rpm Breckner Germany","2026-02-25T08:01:38.494Z","Casa si gradina","Scule si unelte","11990"
"BK76867","Suflanta aer si aspirator de gradina 750W, 220V, debit aer 4.5 m3/min, turatie 15000rpm Breckner Germany","2026-02-25T08:01:38.494Z","Casa si gradina","Scule si unelte","16990"
"BK76869","Pistol cu aer cald 2000W, 220V, debit aer 300/500 L/min, 2 trepte de temperatura 50-600°C Breckner Germany","2026-02-25T08:01:38.494Z","Casa si gradina","Scule si unelte","8249"
"BK76870","Pistol cu aer cald 2000W, 220V, debit aer 300/500 L/min, 2 trepte de temperatura 300/600°C Breckner Germany","2026-02-25T08:01:38.494Z","Casa si gradina","Scule si unelte","6649"
"BK76876","Slefuitor orbital excentric 125mm, 350W, 220V cu sistem de aspirare, turatie 12000rpm Breckner Germany","2026-02-25T08:01:38.494Z","Casa si gradina","Scule si unelte","12949"
"BK76883","Trusa masina sudat tevi PPR 600W cu termostat analogic 0-300°C, 4 bacuri 20-32mm Breckner Germany","2026-02-25T08:01:38.494Z","Casa si gradina","Instalatii sanitare","5949"
"BK76886","Trusa masina sudat tevi PPR 800W cu afisaj digital 0-280°C, 3 bacuri 20-25-32mm Breckner Germany","2026-02-25T08:01:38.494Z","Casa si gradina","Instalatii sanitare","10649"
"BK98605","Pompe frana combina Claas cod OEM 0006071880, 0006553400, 0006945730, 0006945731, 655340.0, 694573, 6945730, 694573.0, 655340, 607188, 0006945731N, B103486, B112260","2026-02-25T08:01:38.494Z","Piese tractoare straine","Claas","13249"
"BK98608","Pompa frana principala Massey Ferguson seria 300 cod OEM 3614780M91","2026-02-25T08:01:38.494Z","Piese tractoare straine","Massey Ferguson","10049"
"BK98617","Cilindru receptor frana David Brown seria 800, 900 cod OEM K950557, 52625R, 413-59","2026-02-25T08:01:38.494Z","Piese tractoare straine","David Brown","8090"
"DISRR70","Pompa frana principala New Holland seria CS6000, CR, CS, CX cod OEM 84062326, 84435867, B206646","2026-02-25T08:01:38.494Z","Piese tractoare straine","New Holland","10590"
"DISRR91","Suport fulie ventilator Perkins cod OEM 4113K005","2026-02-25T08:01:38.494Z","Piese tractoare straine","Perkins","27490"
"DISRR92","Filtru uscator aer conditionat Massey Ferguson, Deutz 275mm cod OEM 0.010.2261.0, 001022610, 051489, 1022610, 9971632, 65213034, 9202-474","2026-02-25T08:01:38.494Z","Piese tractoare straine","Massey Ferguson","9549"
"DISRS05","Set pinioane sateliti diferential John Deere, New Holland, Deutz, Fendt, Case IH, Fiat Z=11 cod OEM 04322261, 1927557ZP, 3230257R1, 4322261, F174.300.020.070, F174300020070, L113016, L29227, L35573","2026-02-25T08:01:38.494Z","Piese tractoare straine","John Deere","3949"
"DISRS06","Pinion satelit fata John Deere, Case IH, Deutz, Fendt, Fiat 56.3x77x36mm Z=34 cod OEM L39994, L41120, 83943740, 83947536, 83985466, 9361509, 9571402, F198.300.020.640, F198300020640","2026-02-25T08:01:38.494Z","Piese tractoare straine","John Deere","10590"
"DISRS18","Rulment cu ace ax cutie viteza Ford, New Holland cod OEM C5NN7120B, 81821350, 960E7120, C9NN7120A","2026-02-25T08:01:38.494Z","Piese tractoare straine","Ford","1090"
"DISRS39","Intrerupator ridicare hidraulica Case IH Maxxum MX, CX cod OEM 194214A1, 225023A1, 225023A3, 194214A3","2026-02-25T08:01:38.494Z","Piese tractoare straine","Case","4890"
"DISRS46","Electrovalva 4x4 John Deere 2 pini cod OEM RE50782","2026-02-25T08:01:38.494Z","Piese tractoare straine","John Deere","9490"
"DISRR90","Supapa aer conditionat John Deere, Case IH, New Holland cod OEM AZ47109, AZ45987","2026-02-25T08:01:38.494Z","Piese tractoare straine","John Deere","5549"
"BK76887","Masina de insurubat si gaurit cu 2 acumulatori 12V, 1.5Ah Li-ion, cuplu 25Nm, mandrina 10mm, 0-350/1350rpm Breckner Germany","2026-02-25T08:01:38.494Z","Casa si gradina","Scule si unelte","10390"
"BK76888","Masina de insurubat si gaurit cu percutie, 2 acumulatori 21V, 1.5Ah Li-ion, cuplu 29Nm, mandrina 10mm, 0-350/1350rpm Breckner Germany","2026-02-25T08:01:38.494Z","Casa si gradina","Scule si unelte","14349"
"BK87095","Masina de recanelare anvelope portabila 1000W, 220V cu afisaj digital, reglaj tensiune, 20 lame U si V incluse","2026-02-25T08:01:38.494Z","Vulcanizare","Echipamente vulcanizare","123349"
"40TH438","Saltea ortopedica 90x200x20cm din spuma ecologica, hipoalergenica, suprafata inferioara antiderapanta THOR","2026-02-25T08:01:38.494Z","Casa si gradina","Mobilier","47849"
"40TH439","Saltea ortopedica 140x200x20cm din spuma ecologica, hipoalergenica, suprafata inferioara antiderapanta THOR","2026-02-25T08:01:38.494Z","Casa si gradina","Mobilier","59690"
"40TH440","Saltea ortopedica 160x200x20cm din spuma ecologica, hipoalergenica, suprafata inferioara antiderapanta THOR","2026-02-25T08:01:38.494Z","Casa si gradina","Mobilier","65190"
"40TH441","Saltea ortopedica 180x200x20cm din spuma ecologica, hipoalergenica, suprafata inferioara antiderapanta THOR","2026-02-25T08:01:38.494Z","Casa si gradina","Mobilier","71549"
"DISGN79","Masina de tocat carne electrica inox 600W, 220V, capacitate 100 kg/h, adaptor carnati, 2 site si 2 cutite incluse 340x185x365mm","2026-02-25T08:01:38.494Z","Zootehnie","Echipamente de procesare","52749"
"DISGN80","Masina de tocat carne electrica inox 850W, 220V, capacitate 150 kg/h, adaptor carnati, 2 site si 2 cutite incluse 380x210x415mm","2026-02-25T08:01:38.494Z","Zootehnie","Echipamente de procesare","63790"
"DISGN81","Masina de feliat carne si mezeluri electrica 150W, 220V, grosime reglabila 0.2-12mm, diametru lama 250mm","2026-02-25T08:01:38.494Z","Zootehnie","Echipamente de procesare","140449"
"40TH431","Masa de masaj pliabila portabila 2 zone, cadru lemn, spuma 5cm, inaltime 55-76cm, piele ecologica rosu burgundy 60x213cm THOR","2026-02-25T08:01:38.494Z","Casa si gradina","Mobilier","39990"
"40TH432","Masa de masaj pliabila portabila 2 zone, cadru lemn, spuma 5cm, inaltime 55-76cm, piele ecologica crem 60x213cm THOR","2026-02-25T08:01:38.494Z","Casa si gradina","Mobilier","39990"
"40TH433","Masa de masaj pliabila portabila 2 zone, cadru lemn, spuma 5cm, inaltime 55-76cm, piele ecologica neagra 60x213cm THOR","2026-02-25T08:01:38.494Z","Casa si gradina","Mobilier","39990"
"40TH434","Masa de masaj pliabila portabila 3 zone, cadru lemn, spuma 5cm, inaltime 55-76cm, piele ecologica rosu burgundy 60x213cm THOR","2026-02-25T08:01:38.494Z","Casa si gradina","Mobilier","44690"
"40TH435","Masa de masaj pliabila portabila 3 zone, cadru lemn, spuma 5cm, inaltime 55-76cm, piele ecologica crem 60x213cm THOR","2026-02-25T08:01:38.494Z","Casa si gradina","Mobilier","44690"
"40TH436","Masa de masaj pliabila portabila 3 zone, cadru lemn, spuma 5cm, inaltime 55-76cm, piele ecologica neagra 60x213cm THOR","2026-02-25T08:01:38.494Z","Casa si gradina","Mobilier","47649"
"40TH437","Masa de masaj pliabila portabila 2 zone, cadru lemn, spuma 6cm, inaltime 55-76cm, piele ecologica neagra 60x213cm THOR","2026-02-25T08:01:38.494Z","Casa si gradina","Mobilier","41549"
"BK87214","Robinet tub picurare egal 16x16mm pentru sisteme de irigatii","2026-02-25T08:01:38.494Z","Casa si gradina","Sisteme de irigare","156"
"BK79988","Disc lamelar abraziv cu zirconiu 125x22mm T27 ZA60 pentru slefuire, polizare metal si inox Breckner Germany","2026-02-25T08:01:38.494Z","Casa si gradina","Scule si unelte","356"
"BK87215","Robinet tub picurare egal 20x20mm pentru sisteme de irigatii","2026-02-25T08:01:38.494Z","Casa si gradina","Sisteme de irigare","171"
"BK87216","Robinet tub picurare egal 25x25mm pentru sisteme de irigatii","2026-02-25T08:01:38.494Z","Casa si gradina","Sisteme de irigare","192"
"BK79989","Disc abraziv netesut compact 125x22.23mm T27, granulatie medie pentru curatare rugina si vopsea Breckner Germany","2026-02-25T08:01:38.494Z","Casa si gradina","Scule si unelte","996"
"BK87218","Robinet banda picurare cu inel 25x25mm pentru sisteme de irigatii","2026-02-25T08:01:38.494Z","Casa si gradina","Sisteme de irigare","149"
"BK87221","Robinet banda picurare cu inel si garnitura 25x25mm pentru sisteme de irigatii","2026-02-25T08:01:38.494Z","Casa si gradina","Sisteme de irigare","171"
"BK87222","Robinet banda picurare cu inel si garnitura 32x32mm pentru sisteme de irigatii","2026-02-25T08:01:38.494Z","Casa si gradina","Sisteme de irigare","168"
"BK79990","Disc pasla pentru polisare 125x12x22.23mm, lustruire si finisare metal, inox, aluminiu Breckner Germany","2026-02-25T08:01:38.494Z","Casa si gradina","Scule si unelte","647"
"BK87236","Colier de bransare teava 32mm, filet interior 1 inch pentru sisteme de irigatii","2026-02-25T08:01:38.494Z","Casa si gradina","Sisteme de irigare","462"
"BK87237","Colier de bransare teava 40mm, filet interior 1 inch pentru sisteme de irigatii","2026-02-25T08:01:38.494Z","Casa si gradina","Sisteme de irigare","477"
"BK79991","Disc abraziv 225mm tip sita Velcro P240","2026-02-25T08:01:38.494Z","Casa si gradina","Scule si unelte","356"
"BK79992","Disc abraziv lamelar netesut 125x22mm, granulatie medie pentru polisare si finisare Breckner Germany","2026-02-25T08:01:38.494Z","Casa si gradina","Scule si unelte","1090"
"BK79993","Suport disc slefuire abraziv 125mm Velcro, adaptor M14 pentru polizor unghiular si bormasina Breckner Germany","2026-02-25T08:01:38.494Z","Casa si gradina","Scule si unelte","508"
"BK87217","Robinet tub picurare egal 32x32mm pentru sisteme de irigatii","2026-02-25T08:01:38.494Z","Casa si gradina","Sisteme de irigare","605"
"BK87220","Robinet banda picurare cu inel 40x40mm pentru sisteme de irigatii","2026-02-25T08:01:38.494Z","Casa si gradina","Sisteme de irigare","441"
"BK87223","Mufa imbinare banda picurare egala cu inel 25x25mm pentru sisteme de irigatii","2026-02-25T08:01:38.494Z","Casa si gradina","Sisteme de irigare","60"
"BK83019","Spray curatare si igienizare sistem aer conditionat 500ml Breckner Germany","2026-02-25T08:01:38.494Z","Accesorii agricole","Spray-uri si intretinere","903"
"BK87224","Mufa imbinare banda picurare egala cu inel 32x32mm pentru sisteme de irigatii","2026-02-25T08:01:38.494Z","Casa si gradina","Sisteme de irigare","57"
"BK87225","Mufa imbinare banda picurare egala cu inel 40x40mm pentru sisteme de irigatii","2026-02-25T08:01:38.494Z","Casa si gradina","Sisteme de irigare","78"
"BK87226","Racord drept tub picurare 25x25mm pentru sisteme de irigatii","2026-02-25T08:01:38.494Z","Casa si gradina","Sisteme de irigare","60"
"BK87227","Racord drept tub picurare 32x32mm pentru sisteme de irigatii","2026-02-25T08:01:38.494Z","Casa si gradina","Sisteme de irigare","91"
"BK87228","Teu conector stut egal tub picurare 25x25x25mm pentru sisteme de irigatii","2026-02-25T08:01:38.494Z","Casa si gradina","Sisteme de irigare","114"
"BK87229","Teu conector stut egal tub picurare 32x32x32mm pentru sisteme de irigatii","2026-02-25T08:01:38.494Z","Casa si gradina","Sisteme de irigare","159"
"BK87230","Dop tub picurare 25mm cu inel pentru sisteme de irigatii","2026-02-25T08:01:38.494Z","Casa si gradina","Sisteme de irigare","60"
"BK87231","Dop tub picurare 32mm cu inel pentru sisteme de irigatii","2026-02-25T08:01:38.494Z","Casa si gradina","Sisteme de irigare","91"
"BK87233","Racord drept furtun 40x40mm pentru sisteme de irigatii","2026-02-25T08:01:38.494Z","Casa si gradina","Sisteme de irigare","112"
"BK87234","Teu conector furtun 32x32x32mm pentru sisteme de irigatii","2026-02-25T08:01:38.494Z","Casa si gradina","Sisteme de irigare","149"
"BK87235","Teu conector furtun 40x40x40mm pentru sisteme de irigatii","2026-02-25T08:01:38.494Z","Casa si gradina","Sisteme de irigare","171"
"BK87238","Supapa ingropata cu racord rapid furtun 1 inch pentru sisteme de irigatii","2026-02-25T08:01:38.494Z","Casa si gradina","Sisteme de irigare","1949"
"BK98633","Camera de supraveghere lentila duala 4MP, P2P WIFI 2.4GHz, PTZ 360 grade, sirena, detectie umana AI si aplicatie iCSee","2026-02-25T08:01:38.494Z","Casa si gradina","Sisteme de supraveghere si securitate","11690"
"BK76890","Set rampe auto metalice hidraulice 1150x310x240mm, sarcina maxima 3T","2026-02-25T08:01:38.494Z","Casa si gradina","Scule si unelte","49149"
"BK98653","Camera de supraveghere smart 2MP tip bec E27, WIFI 2.4GHz, PTZ 360 grade, alarma, senzor miscare, detectie umana AI si aplicatie iCSee","2026-02-25T08:01:38.494Z","Casa si gradina","Sisteme de supraveghere si securitate","6490"
"BK93030","Carota diamantata 6x62mm, filet interior M14 pentru placi ceramice, marmura, granit Breckner Germany","2026-02-25T08:01:38.494Z","Casa si gradina","Scule si unelte","2349"
"BK93031","Carota diamantata 8x62mm, filet interior M14 pentru placi ceramice, marmura, granit Breckner Germany","2026-02-25T08:01:38.494Z","Casa si gradina","Scule si unelte","2349"
"BK93032","Carota diamantata 10x62mm, filet interior M14 pentru placi ceramice, marmura, granit Breckner Germany","2026-02-25T08:01:38.494Z","Casa si gradina","Scule si unelte","2349"
"BK93033","Carota diamantata 12x62mm, filet interior M14 pentru placi ceramice, marmura, granit Breckner Germany","2026-02-25T08:01:38.494Z","Casa si gradina","Scule si unelte","2349"
"BK93034","Carota diamantata 16x62mm, filet interior M14 pentru placi ceramice, marmura, granit Breckner Germany","2026-02-25T08:01:38.494Z","Casa si gradina","Scule si unelte","2390"
"BK93035","Carota diamantata 20x60mm, filet interior M14 pentru placi ceramice, marmura, granit Breckner Germany","2026-02-25T08:01:38.494Z","Casa si gradina","Scule si unelte","2890"
"BK93036","Carota diamantata 25x60mm, filet interior M14 pentru placi ceramice, marmura, granit Breckner Germany","2026-02-25T08:01:38.494Z","Casa si gradina","Scule si unelte","3649"
"BK93037","Carota diamantata 30x60mm, filet interior M14 pentru placi ceramice, marmura, granit Breckner Germany","2026-02-25T08:01:38.494Z","Casa si gradina","Scule si unelte","4349"
"BK93038","Carota diamantata 32x60mm, filet interior M14 pentru placi ceramice, marmura, granit Breckner Germany","2026-02-25T08:01:38.494Z","Casa si gradina","Scule si unelte","4649"
"BK93039","Carota diamantata 35x60mm, filet interior M14 pentru placi ceramice, marmura, granit Breckner Germany","2026-02-25T08:01:38.494Z","Casa si gradina","Scule si unelte","5090"
"BK93040","Carota diamantata 40x60mm, filet interior M14 pentru placi ceramice, marmura, granit Breckner Germany","2026-02-25T08:01:38.494Z","Casa si gradina","Scule si unelte","5790"
"BK93041","Carota diamantata 45x60mm, filet interior M14 pentru placi ceramice, marmura, granit Breckner Germany","2026-02-25T08:01:38.494Z","Casa si gradina","Scule si unelte","6549"
"BK93042","Carota diamantata 50x60mm, filet interior M14 pentru placi ceramice, marmura, granit Breckner Germany","2026-02-25T08:01:38.494Z","Casa si gradina","Scule si unelte","7249"
"BK93043","Carota diamantata 55x60mm, filet interior M14 pentru placi ceramice, marmura, granit Breckner Germany","2026-02-25T08:01:38.494Z","Casa si gradina","Scule si unelte","7990"
"BK93044","Carota diamantata 20x60mm, filet interior M14 pentru placi ceramice, marmura, granit Breckner Germany","2026-02-25T08:01:38.494Z","Casa si gradina","Scule si unelte","2549"
"BK93045","Carota diamantata 25x60mm, filet interior M14 pentru placi ceramice, marmura, granit Breckner Germany","2026-02-25T08:01:38.494Z","Casa si gradina","Scule si unelte","3190"
"BK93046","Carota diamantata 30x60mm, filet interior M14 pentru placi ceramice, marmura, granit Breckner Germany","2026-02-25T08:01:38.494Z","Casa si gradina","Scule si unelte","3790"
"BK93053","Carota diamantata burghiu 6x67mm, prindere hexagonala 1/4 pentru placi ceramice, marmura, granit Breckner Germany","2026-02-25T08:01:38.494Z","Casa si gradina","Scule si unelte","1690"
"BK93054","Carota diamantata burghiu 8x80mm, prindere hexagonala 1/4 pentru placi ceramice, marmura, granit Breckner Germany","2026-02-25T08:01:38.494Z","Casa si gradina","Scule si unelte","1690"
"BK93055","Carota diamantata burghiu 10x80mm, prindere hexagonala 1/4 pentru placi ceramice, marmura, granit Breckner Germany","2026-02-25T08:01:38.494Z","Casa si gradina","Scule si unelte","1690"
"BK93056","Carota diamantata burghiu 12x80mm, prindere hexagonala 1/4 pentru placi ceramice, marmura, granit Breckner Germany","2026-02-25T08:01:38.494Z","Casa si gradina","Scule si unelte","1690"
"BK93057","Carota diamantata burghiu 14x80mm, prindere hexagonala 1/4 pentru placi ceramice, marmura, granit Breckner Germany","2026-02-25T08:01:38.494Z","Casa si gradina","Scule si unelte","1590"
"BK93058","Carota diamantata burghiu 18x80mm, prindere hexagonala 1/4 pentru placi ceramice, marmura, granit Breckner Germany","2026-02-25T08:01:38.494Z","Casa si gradina","Scule si unelte","2090"
"BK93059","Carota diamantata burghiu 20x80mm, prindere hexagonala 1/4 pentru placi ceramice, marmura, granit Breckner Germany","2026-02-25T08:01:38.494Z","Casa si gradina","Scule si unelte","2549"
"BK93052","Carota diamantata 55x60mm, filet interior M14 pentru placi ceramice, marmura, granit Breckner Germany","2026-02-25T08:01:38.494Z","Casa si gradina","Scule si unelte","6990"
"BK93047","Carota diamantata 32x60mm, filet interior M14 pentru placi ceramice, marmura, granit Breckner Germany","2026-02-25T08:01:38.494Z","Casa si gradina","Scule si unelte","4449"
"BK93048","Carota diamantata 35x60mm, filet interior M14 pentru placi ceramice, marmura, granit Breckner Germany","2026-02-25T08:01:38.494Z","Casa si gradina","Scule si unelte","4449"
"BK93049","Carota diamantata 40x60mm, filet interior M14 pentru placi ceramice, marmura, granit Breckner Germany","2026-02-25T08:01:38.494Z","Casa si gradina","Scule si unelte","5090"
"BK93050","Carota diamantata 45x60mm, filet interior M14 pentru placi ceramice, marmura, granit Breckner Germany","2026-02-25T08:01:38.494Z","Casa si gradina","Scule si unelte","5690"
"BK93051","Carota diamantata 50x60mm, filet interior M14 pentru placi ceramice, marmura, granit Breckner Germany","2026-02-25T08:01:38.494Z","Casa si gradina","Scule si unelte","6349"
"BK93060","Set 5 carote diamantate 6, 8, 10, 12, 14mm, filet interior M14 pentru placi ceramice, marmura, granit Breckner Germany","2026-02-25T08:01:38.494Z","Casa si gradina","Scule si unelte","11449"
"BK93061","Set 7 carote diamantate 10-68mm, filet interior M14 + 2 discuri 115, 125mm pentru placi ceramice, marmura, granit Breckner Germany","2026-02-25T08:01:38.494Z","Casa si gradina","Scule si unelte","37949"
"DISRS40","Intrerupator cuplare tractiune 4x4 John Deere cod OEM AL165520","2026-02-25T08:01:38.494Z","Piese tractoare straine","John Deere","5749"
"BK87219","Robinet banda picurare cu inel 32x32mm pentru sisteme de irigatii","2026-02-25T08:01:38.494Z","Casa si gradina","Sisteme de irigare","159"
"BK87232","Racord drept furtun 32x32mm pentru sisteme de irigatii","2026-02-25T08:01:38.494Z","Casa si gradina","Sisteme de irigare","102"
"BK98464","Cilindru receptor frana dreapta Massey Ferguson seria 4200, 4300 cod OEM 3901456M91","2026-02-25T08:01:38.494Z","Piese tractoare straine","Massey Ferguson","9549"
"BK98468","Kit reparatie cilindru receptor frana Massey Ferguson seria 300, 4200, 4300 cod OEM 1810917, 1810917M92, 1810917M93, 1810917M94, M1810917","2026-02-25T08:01:38.494Z","Piese tractoare straine","Massey Ferguson","1049"
"BK98614","Kit reparatie pompa frana Massey Ferguson seria 300, 600 cod OEM 1810849M91, VPJ7208","2026-02-25T08:01:38.494Z","Piese tractoare straine","Massey Ferguson","2790"
"BK98619","Cilindru receptor frana Deutz Agroprima, DX3, DX4 cod OEM B168828, 0435 1554, 04352554, 04352555, 116120, 4351554, 4352554, 4352555, K4351554, R25035B1, R25035D1, 21/413-28, 0501 002 543, 0501002543, 3048776, 10036847","2026-02-25T08:01:38.494Z","Piese tractoare straine","Deutz","5990"
"BK98623","Cilindru receptor frana dreapta Fendt seria Farmer, GT cod OEM F192101070060","2026-02-25T08:01:38.494Z","Piese tractoare straine","Fendt","7249"
"BK98625","Cilindru receptor frana stanga Fendt seria Farmer, GT cod OEM F192101070050","2026-02-25T08:01:38.494Z","Piese tractoare straine","Fendt","7249"
"DISRS59","Vascocuplaj ventilator Case IH, New Holland cod OEM 430406A1, 388716A1","2026-02-25T08:01:38.494Z","Piese tractoare straine","Case","114849"
"BK82338","Cilindru directie hidraulic New Holland, Fiat 60x360x200mm cod OEM 5164023","2026-02-25T08:01:38.494Z","Piese tractoare straine","New Holland","17949"
"BK82339","Cilindru directie hidraulic New Holland, Case IH 60x355x210mm cod OEM 5165140, 5189887, 85165140","2026-02-25T08:01:38.494Z","Piese tractoare straine","New Holland","21590"
"BK82341","Cilindru directie hidraulic New Holland TNF, TNFA 60x350x205mm cod OEM 5189995","2026-02-25T08:01:38.494Z","Piese tractoare straine","New Holland","15749"
"BK82342","Cilindru directie hidraulic New Holland, Ford, Case IH cod OEM 81869701","2026-02-25T08:01:38.494Z","Piese tractoare straine","New Holland","41690"
"BK91025","Cilindru directie hidraulic New Holland, Case IH 70x380x232mm cod OEM 5198883","2026-02-25T08:01:38.494Z","Piese tractoare straine","New Holland","27990"
"BK98602","Pompa frana dubla New Holland, Case IH, Ford cod OEM 81869963","2026-02-25T08:01:38.494Z","Piese tractoare straine","New Holland","15890"
"BK98618","Cilindru receptor frana Deutz-Fahr cod OEM 04318550","2026-02-25T08:01:38.494Z","Piese tractoare straine","Deutz","10590"
"DISRD35","Comutator priza putere PTO Massey Ferguson ON/OFF cod OEM 4284629M1","2026-02-25T08:01:38.494Z","Piese tractoare straine","Massey Ferguson","8590"
"DISRD37","Intrerupator priza putere PTO John Deere cod OEM AL110031, AL112561, AL208892, 11905003PN, 11905003, 27659177010","2026-02-25T08:01:38.494Z","Piese tractoare straine","John Deere","8590"
"DISRD39","Intrerupator priza putere Massey Ferguson cod OEM 4270311M1, 4270311M2, 4284626M1, 11801006, B70814","2026-02-25T08:01:38.494Z","Piese tractoare straine","Massey Ferguson","8590"
"DISRD46","Intrerupator ridicare hidraulica Case IH, Steyr cod OEM 1-40-558-064, 11911004, 140558064","2026-02-25T08:01:38.494Z","Piese tractoare straine","Case","8590"
"DISRD48","Comutator presiune priza de putere fata Massey Ferguson, Claas, Case IH, John Deere cod OEM 50760083, G816970100020, 11908017, 11908017","2026-02-25T08:01:38.494Z","Piese tractoare straine","Fendt","8590"
"DISRR47","Curea ventilator 8PK1920 John Deere cod OEM R124786, R157688","2026-02-25T08:01:38.494Z","Piese tractoare straine","John Deere","5990"
"DISRR52","Curea transmisie trapezoidala AVX 13x1215 LA Massey Ferguson cod OEM 6216981M1","2026-02-25T08:01:38.494Z","Piese tractoare straine","Massey Ferguson","1690"
"DISRR53","Curea transmisie trapezoidala AVX 13x1534 LA Massey Ferguson cod OEM 3145135M91","2026-02-25T08:01:38.494Z","Piese tractoare straine","Massey Ferguson","2049"
"DISRR67","Motor ventilator aeroterma John Deere cod OEM AH235218","2026-02-25T08:01:38.494Z","Piese tractoare straine","John Deere","18849"
"DISRR94","Elementru filtru combustibil Kubota KX057-4, KX080-4, KX040-4, U55 cod OEM RD451-51940","2026-02-25T08:01:38.494Z","Piese tractoare straine","Kubota","2249"
"DISRS08","Ansamblu filtru hidraulic complet John Deere cod OEM RE72823, RE72353, RE72824","2026-02-25T08:01:38.494Z","Piese tractoare straine","John Deere","84690"
"DISRS15","Tirant lateral dreapta John Deere categoria 3 cod OEM AL169056","2026-02-25T08:01:38.494Z","Piese tractoare straine","John Deere","210690"
"DISRT59","Releu alternator 12V John Deere, Fendt cod OEM 1987237076, F515900010010, AL155404, 001026060, B39176","2026-02-25T08:01:38.494Z","Piese tractoare straine","John Deere","1790"
"DISRT72","Filtru aer exterior John Deere 213/155x373mm cod OEM AL30394, DE17263, XA1431K, C16334, SL8650, SA14514K","2026-02-25T08:01:38.494Z","Piese tractoare straine","John Deere","7190"
"DISRV51","Filtru aer New Holland, Case IH 367x240x59mm cod OEM 87356547","2026-02-25T08:01:38.495Z","Piese tractoare straine","New Holland","6190"
"DISRV55","Filtru aer exterior Fendt, Massey Ferguson, Mc Cormick 340x211x187mm cod OEM 4286473M2","2026-02-25T08:01:38.495Z","Piese tractoare straine","Fendt","20749"
"DISRR89","Evaporator climatizare Fendt cod OEM F530811140050","2026-02-25T08:01:38.495Z","Piese tractoare straine","Fendt","27749"
"DISRS09","Filtru hidraulic John Deere 100/84x53x240mm cod OEM LVA13065","2026-02-25T08:01:38.495Z","Piese tractoare straine","John Deere","7749"
"DISRS57","Pompa AdBlue New Holland TS6.120 cod OEM 5802855460","2026-02-25T08:01:38.495Z","Piese tractoare straine","New Holland","219849"
"DISRT66","Filtru aer interior Case IH, Fendt, Landini, Massey Ferguson, New Holland, Steyr 87x108x403mm cod OEM 87683000","2026-02-25T08:01:38.495Z","Piese tractoare straine","Case","3690"
"DISRT68","Filtru aer interior Massey Ferguson 54x79x254mm cod OEM 530814M91","2026-02-25T08:01:38.495Z","Piese tractoare straine","Massey Ferguson","2890"
"DISRT69","Filtru aer interior John Deere, Fiat, Same, Landini, Lamborghini, JCB, Massey Ferguson, Case IH 75x90x281mm cod OEM AE30317, AE31724, AL27159, AR81913","2026-02-25T08:01:38.495Z","Piese tractoare straine","John Deere","3090"
"DISRT70","Filtru aer interior Massey Ferguson, Case IH, John Deere, Deutz, Same, JCB 92x105x385mm cod OEM 3901478M1, 3901478M2, AF26396, AZ59703, D00044, S0493712, SCWR128645, WR128645, 01180872, 04415903, 055130R1, 1180872, P780036, CF500, SL8391, SA17089, XA1817","2026-02-25T08:01:38.495Z","Piese tractoare straine","Massey Ferguson","3149"
"DISRT71","Filtru aer exterior John Deere, Landini, Mc Cormick 134.5x237x400mm cod OEM RE34966","2026-02-25T08:01:38.495Z","Piese tractoare straine","John Deere","9949"
"DISRT73","Filtru aer exterior John Deere, Massey Ferguson 131x237x318mm cod OEM RE34962, RE67124, XA1907, SL8984, SA16030","2026-02-25T08:01:38.495Z","Piese tractoare straine","John Deere","7149"
"DISRT75","Filtru aer interior John Deere, Massey Ferguson, Case IH, Caterpillar, JCB, New Holland, Massey Ferguson 109x151x496mm cod OEM AT175224","2026-02-25T08:01:38.495Z","Piese tractoare straine","John Deere","5749"
"DISRT76","Filtru aer interior John Deere, Mc Cormick, Landini 125x380mm cod OEM RE34967, 701518A1, XA1896, SL5607, SA16029, P785403","2026-02-25T08:01:38.495Z","Piese tractoare straine","John Deere","3949"
"DISRT78","Filtru aer John Deere 63x106/126x259mm cod OEM AF19847, AH19847, AT31825, CH12767","2026-02-25T08:01:38.495Z","Piese tractoare straine","John Deere","3849"
"DISRT79","Filtru aer principal John Deere, Caterpillar, Komatsu, New Holland 148x281x405mm cod OEM T191321","2026-02-25T08:01:38.495Z","Piese tractoare straine","John Deere","11490"
"DISRT81","Filtru aer interior John Deere, Massey Ferguson 62x90x325mm cod OEM 4378149M1, RE282287, 006008798F1, 2400031S01, 2400031S1, 49599, 549599, 6008798F1, 70020624","2026-02-25T08:01:38.495Z","Piese tractoare straine","John Deere","4949"
"DISRT82","Filtru aer exterior Massey Ferguson 57x127x274mm cod OEM 1023131M92","2026-02-25T08:01:38.495Z","Piese tractoare straine","Massey Ferguson","3549"
"DISRT83","Filtru aer interior Massey Ferguson, Same 49x113x214mm cod OEM 1023131M92","2026-02-25T08:01:38.495Z","Piese tractoare straine","Massey Ferguson","2090"
"DISRT84","Filtru aer exterior Massey Ferguson 63x104x237mm cod OEM 1886637M91","2026-02-25T08:01:38.495Z","Piese tractoare straine","Massey Ferguson","3349"
"DISRT86","Filtru aer interior New Holland, Case IH, Steyr 110x150x250mm cod OEM 87517153","2026-02-25T08:01:38.495Z","Piese tractoare straine","New Holland","3849"
"DISRT87","Filtru aer exterior Case IH, New Holland, John Deere, Caterpillar 45x90x186mm cod OEM 72276220","2026-02-25T08:01:38.495Z","Piese tractoare straine","Case","2649"
"DISRT90","Filtru aer exterior New Holland 123x245x395mm cod OEM 82001819","2026-02-25T08:01:38.495Z","Piese tractoare straine","New Holland","12249"
"DISRT91","Filtru aer exterior Fendt, Steyr 64x128x292mm cod OEM X810270073000","2026-02-25T08:01:38.495Z","Piese tractoare straine","Fendt","3690"
"DISRT94","Filtru aer habitaclu John Deere 388x126x57mm cod OEM SJ14010","2026-02-25T08:01:38.495Z","Piese tractoare straine","John Deere","6390"
"DISRT95","Disc ambreiaj Ford 280mm Z=15 cod OEM 1820826","2026-02-25T08:01:38.495Z","Piese tractoare straine","Ford","12990"
"DISRV01","Biela motor Massey Ferguson, Valmet, JCB L=298mm cod OEM 4225011M91","2026-02-25T08:01:38.495Z","Piese tractoare straine","Massey Ferguson","21649"
"DISRV05","Vas expansiune John Deere cod OEM RE307720","2026-02-25T08:01:38.495Z","Piese tractoare straine","John Deere","47649"
"DISRV07","Vas expansiune John Deere cod OEM R243288","2026-02-25T08:01:38.495Z","Piese tractoare straine","John Deere","31090"
"DISRV12","Filtru hidraulic primar John Deere 114x140mm cod OEM AM34670, AR1205R, AR1400, AR1400R, 73327637","2026-02-25T08:01:38.495Z","Piese tractoare straine","John Deere","3490"
"DISRV20","Simering piston ambreiaj transmisie 246x292mm John Deere cod OEM R101214","2026-02-25T08:01:38.495Z","Piese tractoare straine","John Deere","7849"
"DISRV53","Filtru aer exterior Massey Ferguson, Deutz, Fendt, Landini, Same, Valmet, Lamborghini, Hurlimann 340.5x210.5x284.5mm cod OEM 4286479M2","2026-02-25T08:01:38.495Z","Piese tractoare straine","Massey Ferguson","17690"
"DISUE19","Radiator racire apa New Holland TD5000, Case IH JX 615x555x98mm cod OEM 87681423","2026-02-25T08:01:38.495Z","Piese tractoare straine","New Holland","140790"
"DISUE20","Radiator racire apa mini incarcator frontal Case IH 1825, 1825B 460.4x469.9mm cod OEM 109612A2","2026-02-25T08:01:38.495Z","Piese tractoare straine","Case","109990"
"DISUE22","Radiator racire apa John Deere 1105x740x125mm cod OEM RE242256","2026-02-25T08:01:38.495Z","Piese tractoare straine","John Deere","264449"
"DISUE23","Radiator racire apa Case IH Magnum 900x750x135mm cod OEM 140501A2","2026-02-25T08:01:38.495Z","Piese tractoare straine","Case","157749"
"DISRR76","Disc ambreiaj Deutz, Same, Lambroghini, Hurlimann 310mm Z=24 cod OEM 0096924, 00096924","2026-02-25T08:01:38.495Z","Piese tractoare straine","Deutz","26190"
"DISRR77","Disc ambreiaj Ford 280mm Z=10 cod OEM 81824316","2026-02-25T08:01:38.495Z","Piese tractoare straine","Ford","15749"
"DISRR78","Disc frictiune ambreiaj Fiat 130-90R, 180-90R 118.5x160x2.6mm Z=44 cod OEM 5154761","2026-02-25T08:01:38.495Z","Piese tractoare straine","Fiat","2749"
"DISRR79","Condensator aer conditionat John Deere 807x362x73mm cod OEM RE560741","2026-02-25T08:01:38.495Z","Piese tractoare straine","John Deere","41390"
"DISRR93","Suport baterie filtru combustibil Deutz M16x1.5mm cod OEM 01174821","2026-02-25T08:01:38.495Z","Piese tractoare straine","Deutz","3590"
"DISRS03","Garnitura capac fata motor Perkins cod OEM 3681P054","2026-02-25T08:01:38.495Z","Piese tractoare straine","Perkins","7890"
"DISRS21","Garnitura baie ulei John Deere cod OEM R500349, R521498, VPC5462, DZ116644","2026-02-25T08:01:38.495Z","Piese tractoare straine","John Deere","6090"
"DISRS49","Buton pornire John Deere cod OEM AR47373","2026-02-25T08:01:38.495Z","Piese tractoare straine","John Deere","1390"
"DISRT51","Prefiltru aer Fiat 480-640, New Holland TD, TL, TT, Case IH, Ford cod OEM 4997662","2026-02-25T08:01:38.495Z","Piese tractoare straine","Fiat","2549"
"DISRT64","Filtru aer exterior New Holland, Case IH, Steyr 281x315mm cod OEM 87324475","2026-02-25T08:01:38.495Z","Piese tractoare straine","New Holland","14190"
"DISRT65","Filtru aer interior Massey Ferguson, JCB, Case IH, Gehl, Bobcat 61x92x357mm cod OEM A173291, 266222, 1014900, 151849143, 1336993C1, 0774386, 10472599","2026-02-25T08:01:38.495Z","Piese tractoare straine","Massey Ferguson","2649"
"DISRT80","Filtru aer exterior John Deere, New Holland, Deutz, Manitou 95x160x355mm cod OEM ER263060","2026-02-25T08:01:38.495Z","Piese tractoare straine","John Deere","4049"
"DISRT89","Filtru aer exterior John Deere 88x157x315mm cod OEM AT44377","2026-02-25T08:01:38.495Z","Piese tractoare straine","John Deere","6390"
"DISRT97","Disc ambreiaj John Deere 327mm Z=10 cod OEM AL69935","2026-02-25T08:01:38.495Z","Piese tractoare straine","John Deere","25490"
"DISRT98","Disc ambreiaj Ford 280mm Z=10 cod OEM 82006626","2026-02-25T08:01:38.495Z","Piese tractoare straine","Ford","16949"
"DISRV03","Garnitura chiulasa John Deere 128.6mm cod OEM R55182, R80026, RE34010, RE47336, H08443-00, FP-RE47336, 61-45430-10, ENT010066","2026-02-25T08:01:38.495Z","Piese tractoare straine","John Deere","10890"
"DISRV04","Vas expansiune John Deere 7000, 7010 cod OEM RE154390","2026-02-25T08:01:38.495Z","Piese tractoare straine","John Deere","28990"
"DISRV13","Filtru ulei hidraulic Massey Ferguson 22x42x92mm cod OEM 3792287M1","2026-02-25T08:01:38.495Z","Piese tractoare straine","Massey Ferguson","2590"
"DISRV18","Pompa ulei motor Deutz, Iveco, Volvo cod OEM 04258382, 04258673, 04254996, 04254997, 04502445, 04515823, F836200210070","2026-02-25T08:01:38.495Z","Piese tractoare straine","Deutz","77090"
"DISRT57","Alternator 12V, 40A New Holland, Volvo, Perkins, Mitsubishi, Ford cod OEM 185046320","2026-02-25T08:01:38.495Z","Piese tractoare straine","New Holland","50290"
"DISRV52","Filtru aer exterior Case IH, Massey Ferguson 88x154x290mm cod OEM 3125342R1, 1096468M91","2026-02-25T08:01:38.495Z","Piese tractoare straine","Case","5249"
"DISRV56","Filtru aer secundar John Deere 76x92x235mm cod OEM AL67195, CA8446CY, CA8446SY, P539242","2026-02-25T08:01:38.495Z","Piese tractoare straine","John Deere","2149"
"DISRV57","Filtru aer cabina John Deere 165x276x190mm cod OEM AH115833","2026-02-25T08:01:38.495Z","Piese tractoare straine","John Deere","8790"
"DISRV58","Filtru aer interior John Deere 75x84x332mm cod OEM AL30395","2026-02-25T08:01:38.495Z","Piese tractoare straine","John Deere","2649"
"DISRV60","Filtru aer interior Deutz, Fendt, Lamborghini, Massey Ferguson, Same 320x189x40mm cod OEM 3685267M1","2026-02-25T08:01:38.495Z","Piese tractoare straine","Deutz","5090"
"DISRV62","Filtru aer exterior motor Perkins 75x145x320mm cod OEM 135326206, SPK0000400, XA1137, P629560, SL81145, B140563","2026-02-25T08:01:38.495Z","Piese tractoare straine","Perkins","4149"
"DISRV63","Cablu baterie rosu negativ John Deere 966mm cod OEM AR28950","2026-02-25T08:01:38.495Z","Piese tractoare straine","John Deere","8190"
"DISRV70","Carcasa rulment cu flansa John Deere cod OEM N15764","2026-02-25T08:01:38.495Z","Piese tractoare straine","John Deere","314"
"DISRV78","Ansamblu motor ventilator aeroterma cabina Case IH, New Holland cod OEM 323610A1","2026-02-25T08:01:38.495Z","Piese tractoare straine","Case","67049"
"DISRV84","Ansamblu motor ventilator aeroterma cabina Massey Ferguson cod OEM 3310831M91","2026-02-25T08:01:38.495Z","Piese tractoare straine","Massey Ferguson","29849"
"DISRV86","Ansamblu motor ventilator aeroterma cabina cu turbina Massey Ferguson cod OEM 3904296M1","2026-02-25T08:01:38.495Z","Piese tractoare straine","Massey Ferguson","23590"
"DISRV94","Disc frictiune frana diferential New Holland, Case IH 305mm Z=18 cod OEM 120488C1","2026-02-25T08:01:38.495Z","Piese tractoare straine","New Holland","15349"
"DISRV98","Disc frictiune frana Fiat 109x3.3mm cod OEM 5118095","2026-02-25T08:01:38.495Z","Piese tractoare straine","Fiat","1749"
"DISRV99","Disc frana intermediar Case IH, Fiat, Steyr 325mm cod OEM 5110138","2026-02-25T08:01:38.495Z","Piese tractoare straine","Case","18590"
"DISRW02","Disc frictiune frana New Holland, Ford, Case IH 109x4.5mm cod OEM 5118100","2026-02-25T08:01:38.495Z","Piese tractoare straine","New Holland","1990"
"DISRV25","Furtun radiator New Holland, Ford, Fiat, Case IH 430mm, D=50/60mm cod OEM 82009831","2026-02-25T08:01:38.495Z","Piese tractoare straine","New Holland","3190"
"DISRW03","Disc frictiune frana John Deere 267x323x3.3mm Z=104 cod OEM AR94515","2026-02-25T08:01:38.495Z","Piese tractoare straine","John Deere","10290"
"DISRW05","Disc frictiune frana John Deere 57.6x334x7.7mm Z=15 cod OEM RE160072","2026-02-25T08:01:38.495Z","Piese tractoare straine","John Deere","27749"
"DISRW06","Disc frictiune frana Massey Ferguson 59.1x220x13.5mm Z=27 cod OEM 3609079M1","2026-02-25T08:01:38.495Z","Piese tractoare straine","Massey Ferguson","10090"
"DISRW10","Tub aerisire presiune ulei motor Perkins cod OEM 4134K014, 4134K021, 4225042M1","2026-02-25T08:01:38.495Z","Piese tractoare straine","Perkins","5449"
"DISRW13","Bucsa dreapta ax ridicare hidraulica Fiat, Case IH, Ford, Steyr 55.1x60x40mm cod OEM 5108108","2026-02-25T08:01:38.495Z","Piese tractoare straine","Fiat","1490"
"DISUZ74","Bucsa pedala ambreiaj New Holland, Ford 28.8x30.4x38.1mm cod OEM 81805431","2026-02-25T08:01:38.495Z","Piese tractoare straine","New Holland","848"
"DISUZ75","Bucsa fuzeta Ford, New Holland 45x51x47.5mm cod OEM 81802797","2026-02-25T08:01:38.495Z","Piese tractoare straine","Ford","1049"
"DISUZ76","Bucsa punte fata Fiat, New Holland, Ford 115.5x120x52mm cod OEM 5140589","2026-02-25T08:01:38.495Z","Piese tractoare straine","Fiat","4749"
"DISUZ82","Bucsa punte fata Massey Ferguson 70x76x45mm cod OEM 3530244M1","2026-02-25T08:01:38.495Z","Piese tractoare straine","Massey Ferguson","2190"
"DISRV24","Furtun superior radiator New Holland, Ford, Fiat, Case IH 350mm, D=50mm cod OEM 82000889","2026-02-25T08:01:38.495Z","Piese tractoare straine","New Holland","3190"
"DISRV28","Garnitura o-ring priza putere John Deere 50x57x3.5mm cod OEM P50631","2026-02-25T08:01:38.495Z","Piese tractoare straine","John Deere","94"
"BK82340","Cilindru directie hidraulic New Holland, Fiat, Case IH, Deutz, Ford 60x357x200mm cod OEM 5142046","2026-02-25T08:01:38.495Z","Piese tractoare straine","New Holland","24549"
"BK98603","Pompa frana New Holland, Valmet cod OEM 89509901","2026-02-25T08:01:38.495Z","Piese tractoare straine","New Holland","11049"
"DISRR61","Compresor clima AC 12V New Holland, Case IH cod OEM 84279787","2026-02-25T08:01:38.495Z","Piese tractoare straine","New Holland","81690"
"DISRR71","Pompa frana dubla Valtra, Valmet cod OEM V36790610","2026-02-25T08:01:38.495Z","Piese tractoare straine","Valtra (Valmet)","181149"
"DISRR85","Bara remorcare John Deere 1112.8x76.2x38.1mm cod OEM L115073","2026-02-25T08:01:38.495Z","Piese tractoare straine","John Deere","76449"
"DISRS16","Microintrerupator maneta comanda John Deere cu papuci electrici 8mm cod OEM AL77145","2026-02-25T08:01:38.495Z","Piese tractoare straine","John Deere","440"
"DISRS26","Bolt tirant lateral Case IH, Ford, Fiat, New Holland 19mm L=104mm cod OEM 5125861","2026-02-25T08:01:38.495Z","Piese tractoare straine","Case","754"
"DISRT96","Disc ambreiaj priza putere Fiat 310mm Z=10 cod OEM 5144741, 5154514, 5156514","2026-02-25T08:01:38.495Z","Piese tractoare straine","Fiat","18090"
"DISRS55","Tirant central John Deere reglabil 650-900mm, categoria 3-3, filet M36x4 cod OEM AL213990","2026-02-25T08:01:38.495Z","Piese tractoare straine","John Deere","148690"
"DISRS56","Tija reglabila John Deere reglabil 710-880mm, categoria 2-2, filet M30x3.5 cod OEM AL200838","2026-02-25T08:01:38.495Z","Piese tractoare straine","John Deere","34549"
"DISRS62","Presetupa pompa apa Massey Ferguson, Landini 16x36.5x22mm cod OEM 2418M004","2026-02-25T08:01:38.495Z","Piese tractoare straine","Massey Ferguson","1290"
"DISRS66","Adaptor cablaj racord pompa combustibil John Deere 2 pini cod OEM AL169430","2026-02-25T08:01:38.495Z","Piese tractoare straine","John Deere","4390"
"DISRT46","Compresor clima AC 12V Ford seria 40 cod OEM 84279787","2026-02-25T08:01:38.495Z","Piese tractoare straine","Ford","76590"
"DISRT47","Senzor presiune clima AC Case IH Maxxum cod OEM 234921A1","2026-02-25T08:01:38.495Z","Piese tractoare straine","Case","6090"
"DISRT49","Acumulator hidraulic John Deere seria 8R, 8020 cod OEM RE321770","2026-02-25T08:01:38.495Z","Piese tractoare straine","John Deere","79590"
"DISRT61","Pompa hidraulica cu pistoane axiale John Deere, debit 109 L/min, rotatie dreapta cod OEM AL161043","2026-02-25T08:01:38.495Z","Piese tractoare straine","John Deere","836490"
"DISRT88","Senzor presiune clima AC New Holland, Case IH, Mc Cormick cod OEM 87000227","2026-02-25T08:01:38.495Z","Piese tractoare straine","New Holland","6249"
"DISRT99","Cuzineti biela STD John Deere 26.6mm cod OEM AR97517","2026-02-25T08:01:38.495Z","Piese tractoare straine","John Deere","1849"
"DISRV06","Vas expansiune recuperare lichid racire John Deere 292.1x233.7x177.8mm cod OEM RE65856","2026-02-25T08:01:38.495Z","Piese tractoare straine","John Deere","31090"
"DISRV08","Suport ventilator John Deere cod OEM RE503664","2026-02-25T08:01:38.495Z","Piese tractoare straine","John Deere","25190"
"DISRV35","Termostat John Deere 54x38mm cod OEM RE528652","2026-02-25T08:01:38.495Z","Piese tractoare straine","John Deere","3790"
"DISRV79","Ansamblu motor ventilator aeroterma cabina Case IH 174x375x189mm cod OEM 1977564C1","2026-02-25T08:01:38.495Z","Piese tractoare straine","Case","42949"
"DISRV80","Motor ventilator aeroterma cabina Deutz, Hurlimann, Same, Lamborghini 145.5mm cod OEM 0.900.0035.3","2026-02-25T08:01:38.495Z","Piese tractoare straine","Deutz","51290"
"DISRV85","Ansamblu motor ventilator aeroterma cabina Massey Ferguson 349.3x165.1x139.7mm cod OEM 3478331M91","2026-02-25T08:01:38.495Z","Piese tractoare straine","Massey Ferguson","26990"
"DISRV87","Ansamblu motor ventilator aeroterma cabina New Holland, Deutz, Ford cod OEM 81870361","2026-02-25T08:01:38.495Z","Piese tractoare straine","New Holland","21990"
"DISRW08","Sabot frana Deutz, Fendt 38x185mm cod OEM H199100150100","2026-02-25T08:01:38.495Z","Piese tractoare straine","Deutz","3990"
"DISRW09","Sabot frana Fendt 30x190mm cod OEM H205100150010","2026-02-25T08:01:38.495Z","Piese tractoare straine","Fendt","3790"
"DISUZ72","Bucsa planetara fata New Holland, Fiat, Ford 62x85x43mm cod OEM 4996755","2026-02-25T08:01:38.495Z","Piese tractoare straine","New Holland","4790"
"BK98611","Cilindru receptor frana New Holland, Case IH cod OEM 87748455","2026-02-25T08:01:38.495Z","Piese tractoare straine","New Holland","9790"
"DISRD31","Intrerupator ridicare hidraulica Fendt cod OEM G716920100010","2026-02-25T08:01:38.495Z","Piese tractoare straine","Fendt","8090"
"DISRS17","Microintrerupator maneta comanda John Deere cu papuci electrici 6mm cod OEM AL153671","2026-02-25T08:01:38.495Z","Piese tractoare straine","John Deere","293"
"DISRD41","Intrerupator ridicare hidraulica Fendt cod OEM G816860100201","2026-02-25T08:01:38.495Z","Piese tractoare straine","Fendt","8090"
"DISRD49","Intrerupator priza putere PTO Case IH, Steyr cod OEM 1-40-558-044, 140558044","2026-02-25T08:01:38.495Z","Piese tractoare straine","Case","8090"
"DISRD51","Intrerupator ridicare hidraulica Deutz, Same, Lamborghini cod OEM 2.7659.141.0, 276591410","2026-02-25T08:01:38.495Z","Piese tractoare straine","Deutz","8090"
"DISRR63","Rulment fulie ventilator John Deere 25.4x47.6x124.6mm cod OEM JD10058","2026-02-25T08:01:38.495Z","Piese tractoare straine","John Deere","6849"
"DISRR73","Disc intermediar ambreiaj Massey Ferguson 163x232x4mm cod OEM 3619156M1","2026-02-25T08:01:38.495Z","Piese tractoare straine","Massey Ferguson","5790"
"DISRR80","Conector conducta alimentare verde New Holland, Steyr, Case IH cod OEM 87489625","2026-02-25T08:01:38.495Z","Piese tractoare straine","New Holland","1490"
"DISRR81","Conector conducta alimentare rosu New Holland, Steyr, Case IH cod OEM 87489624","2026-02-25T08:01:38.495Z","Piese tractoare straine","New Holland","1490"
"DISRR86","Furca arbore transmisie finala John Deere L=192mm Z=14 cod OEM R271433","2026-02-25T08:01:38.495Z","Piese tractoare straine","John Deere","15990"
"DISRR87","Furca arbore transmisie finala John Deere L=203mm Z=12 cod OEM R212837","2026-02-25T08:01:38.495Z","Piese tractoare straine","John Deere","15990"
"DISRR97","Buson rezervor combustibil John Deere cod OEM AT310335","2026-02-25T08:01:38.495Z","Piese tractoare straine","John Deere","2449"
"DISRR99","Amortizor geam spate New Holland, Steyr, Massey Ferguson, Landini 585mm cod OEM 3902140M1","2026-02-25T08:01:38.495Z","Piese tractoare straine","New Holland","3149"
"DISRS10","Pompa hidraulica New Holland, Ford debit 25 cm3, rotatie dreapta cod OEM 5168841","2026-02-25T08:01:38.495Z","Piese tractoare straine","New Holland","39290"
"DISRS11","Pivot directie Case IH, New Holland, Steyr cod OEM 87382577","2026-02-25T08:01:38.495Z","Piese tractoare straine","Case","9449"
"DISRS12","Pivot directie inferior Case IH, New Holland, Steyr cod OEM 87333763","2026-02-25T08:01:38.495Z","Piese tractoare straine","Case","6449"
"DISRS29","Piston motor complet Ford, New Holland 111.78mm echipat cu segmenti, bolt 38.1mm si sigurante cod OEM C7NN6108V, D2NN6108N, D4NN6108AA, S65820, S67001, 81817183, 81827181, 81846014, 83960615","2026-02-25T08:01:38.495Z","Piese tractoare straine","Ford","22549"
"DISRS35","Regulator redresor tensiune 12V John Deere cod OEM M807915","2026-02-25T08:01:38.495Z","Piese tractoare straine","John Deere","8090"
"DISRS36","Releu bujie incandescenta John Deere cod OEM 5801401694","2026-02-25T08:01:38.495Z","Piese tractoare straine","John Deere","16249"
"DISRS44","Inel siguranta elastica seeger John Deere 50mm cod OEM 40M7166","2026-02-25T08:01:38.495Z","Piese tractoare straine","John Deere","230"
"DISRS53","Semiinele cuzinet axial STD Deutz-Fahr, Fendt 114x2.15mm cod OEM 02931585, 04284640, 20850116, 79356600","2026-02-25T08:01:38.495Z","Piese tractoare straine","Deutz","1590"
"DISRS64","Surub butuc roata New Holland, Case IH, Steyr 16x1.5mm cod OEM 87618916","2026-02-25T08:01:38.495Z","Piese tractoare straine","New Holland","1149"
"DISRS67","Priza auxiliara John Deere cod OEM RE51091","2026-02-25T08:01:38.495Z","Piese tractoare straine","John Deere","17290"
"DISRT58","Fulie alternator John Deere 17x61x38.5mm OEM AL161112","2026-02-25T08:01:38.495Z","Piese tractoare straine","John Deere","10990"
"DISRT60","Deget melc heder escamotabil John Deere 16x260mm cod OEM H102724","2026-02-25T08:01:38.495Z","Piese tractoare straine","John Deere","1390"
"DISRV02","Capac carcasa cama melc heder John Deere cod OEM H164061","2026-02-25T08:01:38.495Z","Piese tractoare straine","John Deere","52449"
"DISRV14","Rola intinzatoare curea transmisie Fendt 80x44mm cod OEM 916201040180","2026-02-25T08:01:38.495Z","Piese tractoare straine","Fendt","14290"
"DISRV16","Contact pornire cu 2 chei John Deere cod OEM RE264579","2026-02-25T08:01:38.495Z","Piese tractoare straine","John Deere","6790"
"DISRV22","Simering ulei John Deere 57.19x76.2x9.52mm OEM AL39391","2026-02-25T08:01:38.495Z","Piese tractoare straine","John Deere","471"
"DISRV29","Senzor pozitie ridicare hidraulica Case IH, New Holland, Steyr 3 pini cod OEM 87605245","2026-02-25T08:01:38.495Z","Piese tractoare straine","Case","7649"
"DISRV30","Senzor cutie viteze Massey Ferguson 38mm, filet M14x1.5 cod OEM 3792196M1","2026-02-25T08:01:38.495Z","Piese tractoare straine","Massey Ferguson","6290"
"DISRV31","Burduf schimbator viteze John Deere 10x58mm cod OEM L31055","2026-02-25T08:01:38.495Z","Piese tractoare straine","John Deere","838"
"DISRV32","Burduf maneta schimbator viteze Fiat 14x43mm cod OEM 4999009","2026-02-25T08:01:38.495Z","Piese tractoare straine","Fiat","680"
"DISRV33","Electrovalva hidraulica John Deere cod OEM RE244397","2026-02-25T08:01:38.495Z","Piese tractoare straine","John Deere","31990"
"DISRV34","Senzor stop frana Massey Ferguson cod OEM 3596851M2","2026-02-25T08:01:38.495Z","Piese tractoare straine","John Deere","4949"
"DISRV64","Cablaj baterie la demaror Ford 317.5mm cod OEM D1NN14300F","2026-02-25T08:01:38.495Z","Piese tractoare straine","Ford","3749"
"DISRV66","Cablaj baterie masa Ford 863.6mm cod OEM C7NN14301C","2026-02-25T08:01:38.495Z","Piese tractoare straine","Ford","4890"
"DISRV68","Carcasa rulment cu flansa John Deere, Claas 70x122mm cod OEM AH129420","2026-02-25T08:01:38.495Z","Piese tractoare straine","John Deere","1349"
"DISRV69","Carcasa rulment cu flansa John Deere 78x148mm cod OEM Z34740","2026-02-25T08:01:38.495Z","Piese tractoare straine","John Deere","1049"
"DISRV71","Flansa priza putere Massey Ferguson cod OEM 899331M1","2026-02-25T08:01:38.495Z","Piese tractoare straine","Massey Ferguson","5849"
"DISRV72","Fulie intinzator curea John Deere 16x170x39mm cod OEM AH14097","2026-02-25T08:01:38.495Z","Piese tractoare straine","John Deere","10349"
"DISRV73","Rola intinzatoare curea ecran rotativ John Deere 10x90x21mm cod OEM AH169549","2026-02-25T08:01:38.495Z","Piese tractoare straine","John Deere","5190"
"DISRV74","Rola antrenare tocator paie John Deere 20x215x60mm cod OEM AH210837","2026-02-25T08:01:38.495Z","Piese tractoare straine","John Deere","14049"
"DISRV76","Rola intinzatoare transportor alimentare combine John Deere 17x200x70mm cod OEM AH204389","2026-02-25T08:01:38.495Z","Piese tractoare straine","John Deere","14749"
"DISRV89","Carcasa rulment cu flansa John Deere 70x122mm cod OEM Z44269","2026-02-25T08:01:38.495Z","Piese tractoare straine","John Deere","2090"
"DISRV96","Disc frictiune frana Deutz 222mm Z=28 cod OEM 04417527","2026-02-25T08:01:38.495Z","Piese tractoare straine","Deutz","8849"
"DISRV97","Disc frana intermediar Deutz 227mm cod OEM 04417528","2026-02-25T08:01:38.495Z","Piese tractoare straine","Deutz","5949"
"DISRW01","Disc frana intermediar Ford 114x209mm cod OEM 81802536","2026-02-25T08:01:38.495Z","Piese tractoare straine","Deutz","2549"
"DISRW12","Bucsa ax ridicare hidraulica Fiat 30x42x13mm cod OEM 5111451","2026-02-25T08:01:38.495Z","Piese tractoare straine","Fiat","440"
"DISUZ73","Bucsa punte fata New Holland, Fiat, Ford 90x99x72mm cod OEM 5136120","2026-02-25T08:01:38.495Z","Piese tractoare straine","New Holland","4290"
"DISUZ77","Bucsa biela John Deere 41.24x46.3x34.78mm cod OEM R56186, R57451, RE63913","2026-02-25T08:01:38.495Z","Piese tractoare straine","John Deere","1149"
"DISUZ78","Bucsa punte fata John Deere 120.2x127x40mm cod OEM R271461","2026-02-25T08:01:38.495Z","Piese tractoare straine","John Deere","10590"
"DISUZ80","Bucsa ax came John Deere 67.5x70x26mm cod OEM R527877","2026-02-25T08:01:38.495Z","Piese tractoare straine","John Deere","1649"
"BK98109","Lift electric materiale constructii 300kg, inaltime maxima 5m cu telecomanda","2026-02-25T08:01:38.495Z","Casa si gradina","Scule si unelte","715890"
"BK98680","Cleste de crotaliat bovine si ovine compatibil cu majoritatea tipurilor de crotalii de pe piata, cui rezerva inclus","2026-02-25T08:01:38.495Z","Zootehnie","Marcare animale","3449"
"DISRR74","Placa presiune ambreiaj Deutz-Fahr, Lamborghini, Same 330mm cod OEM 0.012.7094.3, 001270943","2026-02-25T08:01:38.495Z","Piese tractoare straine","Deutz","71190"
"DISRR75","Ambreiaj asamblat Deutz-Fahr, Same 280mm Z=20 cod OEM 0.019.8634.4, 001986344","2026-02-25T08:01:38.495Z","Piese tractoare straine","Deutz","183249"
"DISRS43","Filtru compresor aer New Holland 87mm cod OEM 4324070150","2026-02-25T08:01:38.495Z","Piese tractoare straine","New Holland","1690"
"DISRT56","Alternator 24V, 80A John Deere, Volvo FH 2005- cod OEM AT303320","2026-02-25T08:01:38.495Z","Piese tractoare straine","John Deere","79590"
"DISRT93","Bucsa ax volan Massey Ferguson 22.24x24x31.5mm cod OEM 1853112M1","2026-02-25T08:01:38.495Z","Piese tractoare straine","Massey Ferguson","639"
"DISRV10","Filtru sita pompa alimentare motor Perkins seria 100, 400, 1100 cod OEM 130306360","2026-02-25T08:01:38.495Z","Piese tractoare straine","Perkins","1549"
"DISRV11","Senzor presiune rampa injectie Case IH seria MXM, MXU, Alfa Romeo 3 pini cod OEM 2831362","2026-02-25T08:01:38.495Z","Piese tractoare straine","Case","10249"
"DISRV19","Pompa ulei motor Deutz, Fendt, Hurlimann cod OEM 04258382, F718202210100, F836200210070, F836200210520","2026-02-25T08:01:38.495Z","Piese tractoare straine","Deutz","88490"
"DISRV26","Set reparatie diferential Dana Spicer John Deere cod OEM AL174044","2026-02-25T08:01:38.495Z","Piese tractoare straine","John Deere","39590"
"DISRV36","Scaun supapa admisie si evacuare John Deere 35.55x41.64x6.1mm cod OEM R527285, R522049","2026-02-25T08:01:38.495Z","Piese tractoare straine","John Deere","398"
"DISRV37","Scaun supapa admisie John Deere 39.3x47.2x6.6mm cod OEM R106830","2026-02-25T08:01:38.495Z","Piese tractoare straine","John Deere","440"
"DISRV38","Scaun supapa evacuare John Deere 27.94x36.5x6.14mm cod OEM RE518083","2026-02-25T08:01:38.495Z","Piese tractoare straine","John Deere","398"
"DISRV40","Simering supapa Ford, New Holland 9x21.67x16.7mm cod OEM C5NE6571A, 81804329, 86602420","2026-02-25T08:01:38.495Z","Piese tractoare straine","Ford","117"
"DISRV41","Tachet supapa motor John Deere 17.4x32.1x65mm cod OEM R52773","2026-02-25T08:01:38.495Z","Piese tractoare straine","John Deere","1790"
"DISRV42","Prezon roata fata John Deere, Case IH, Fiat L=72mm, filet M18x1.5mm cod OEM L112112, L55598","2026-02-25T08:01:38.495Z","Piese tractoare straine","John Deere","1749"
"DISRV65","Cablaj masa baterie Ford 178mm cod OEM D1NN14301H","2026-02-25T08:01:38.495Z","Piese tractoare straine","Ford","2349"
"DISUZ83","Bucsa planetara fata Massey Ferguson, Landini 40x44x40mm cod OEM 3426938M1","2026-02-25T08:01:38.495Z","Piese tractoare straine","Massey Ferguson","649"
"DISRR68","Surub coroana grup conic John Deere L=20mm, filet M8x1.25mm cod OEM R272325","2026-02-25T08:01:38.495Z","Piese tractoare straine","John Deere","102"
"DISRR69","Surub pivot punte fata John Deere, Hitachi L=45mm, filet M14x2mm cod OEM 81867688, 19M6332, ER126922","2026-02-25T08:01:38.495Z","Piese tractoare straine","John Deere","477"
"DISRS14","Conector stecher mufa girofar John Deere, Caterpillar, Fendt cod OEM RE11344, X830230550000","2026-02-25T08:01:38.495Z","Piese tractoare straine","John Deere","2849"
"DISRS20","Garnitura baie ulei Case IH, Cummins, Iveco, DAF, New Holland 17.3mm cod OEM 4897861","2026-02-25T08:01:38.495Z","Piese tractoare straine","Case","3390"
"DISRS25","Maner usa exterior stanga/dreapta John Deere cod OEM AL113174","2026-02-25T08:01:38.495Z","Piese tractoare straine","John Deere","9349"
"DISRS48","Comutator ridicare ax Deutz-Fahr 3 pini cod OEM 2.7659.177.0/20","2026-02-25T08:01:38.495Z","Piese tractoare straine","Deutz","5449"
"DISRS63","Prezon roata fata Ford, Case IH, Massey Ferguson L=50.4mm, filet 1/2-20 UNF cod OEM 528803R1, 453769R1","2026-02-25T08:01:38.495Z","Piese tractoare straine","Ford","556"
"DISRV09","Pompa alimentare Massey Ferguson seria 8100, 8200 cod OEM 836340066, V836340066, 0440008068","2026-02-25T08:01:38.495Z","Piese tractoare straine","Massey Ferguson","7990"
"DISRV15","Contact pornire cu 2 chei Deutz-Fahr 5 pini cod OEM 0.015.0485.4, 001504854","2026-02-25T08:01:38.495Z","Piese tractoare straine","Deutz","8790"
"DISRV21","Simering pivot Case IH, New Holland, Fiat 70x90x11mm cod OEM 5121907","2026-02-25T08:01:38.495Z","Piese tractoare straine","Case","701"
"DISRV39","Scaun supapa admisie John Deere 30.2x37.5x6.28mm cod OEM RE518082, R504969, R515034","2026-02-25T08:01:38.495Z","Piese tractoare straine","John Deere","377"
"DISRD44","Intrerupator ridicare hidraulica Case IH CS, CVX, Steyr 9000, 9100, CVT 6000 cod OEM 47111210","2026-02-25T08:01:38.495Z","Piese tractoare straine","Case","8090"
"DISRR95","Tub combustibil injector John Deere 61mm cod OEM RE522594","2026-02-25T08:01:38.495Z","Piese tractoare straine","John Deere","11690"
"DISRS01","Garnitura conducta turbo John Deere cod OEM R123570, R105346, R97349, VPC1804, B160198","2026-02-25T08:01:38.495Z","Piese tractoare straine","John Deere","249"
"DISRS22","Senzor presiune ulei Massey Ferguson seria TH, 8000, 9000 cod OEM 4226674M1","2026-02-25T08:01:38.495Z","Piese tractoare straine","Massey Ferguson","3990"
"DISRS50","Comutator dublu ridicare-coborare hidraulica Massey Ferguson, Valtra, Challenger cod OEM 4289349M4","2026-02-25T08:01:38.495Z","Piese tractoare straine","Massey Ferguson","10690"
"DISRS51","Termostat Massey Ferguson, Valtra 67mm cod OEM V837081319","2026-02-25T08:01:38.495Z","Piese tractoare straine","Massey Ferguson","3690"
"DISRS52","Carcasa termostat John Deere seria 10, 20, 30, 35, 40, 300, 3000, 3010 cod OEM T20317","2026-02-25T08:01:38.495Z","Piese tractoare straine","John Deere","4749"
"DISRS54","Semiinele cuzinet axial STD John Deere seria 7010, 7020, 8010, 8020, 8R, 9000, 9020 cod OEM RE61253","2026-02-25T08:01:38.495Z","Piese tractoare straine","John Deere","2849"
"DISRT53","Epurator gaze carter Deutz, Same, Lamborghini cod OEM 04291238, 04905110, 380/4905110, 4291238, 4905110 04291238","2026-02-25T08:01:38.495Z","Piese tractoare straine","Deutz","12490"
"DISRT54","Epurator gaze carter Deutz, Fendt cod OEM F119200210420","2026-02-25T08:01:38.495Z","Piese tractoare straine","Deutz","13549"
"DISRT63","Intrerupator pedala ambreiaj Massey Ferguson, Ford, New Holland cod OEM 963417M1","2026-02-25T08:01:38.495Z","Piese tractoare straine","Massey Ferguson","1749"
"DISRT85","Filtru aer interior Massey Ferguson 52x220mm cod OEM 1887575M91","2026-02-25T08:01:38.495Z","Piese tractoare straine","Massey Ferguson","3290"
"DISRV17","Cuzineti palier pereche STD John Deere cod OEM AR74814, AR44625","2026-02-25T08:01:38.495Z","Piese tractoare straine","John Deere","1949"
"DISRV23","Tija culbutori motor Fiat, Ford, New Holland 7.6x250mm cod OEM 123/98471529, 98471529, 4770455, 98471533","2026-02-25T08:01:38.495Z","Piese tractoare straine","Fiat","1290"
"DISRV27","Buson vas expansiune Case IH cod OEM 92277817","2026-02-25T08:01:38.495Z","Piese tractoare straine","Case","1749"
"DISRV77","Fulie pompa apa Massey Ferguson Ø 120/160mm cod OEM 735034M1","2026-02-25T08:01:38.495Z","Piese tractoare straine","Massey Ferguson","2749"
"DISRV88","Rezistenta ventilator habitaclu Ford, New Holland, Bobcat, JCB cod OEM 7021380","2026-02-25T08:01:38.495Z","Piese tractoare straine","Ford","10849"
"DISRW11","Bucsa punte fata Massey Ferguson, Case IH, Ford, Renault, John Deere, Valmet 125x135x42mm cod OEM 337255A1","2026-02-25T08:01:38.495Z","Piese tractoare straine","Massey Ferguson","4290"
"DISRW15","Bucsa stanga ax ridicare hidraulica New Holland, Fiat 62.8x68.2x40mm cod OEM 5117165","2026-02-25T08:01:38.495Z","Piese tractoare straine","New Holland","1890"
"DISUZ79","Bucsa suport punte fata John Deere 100x110x28mm cod OEM R212887","2026-02-25T08:01:38.495Z","Piese tractoare straine","John Deere","2049"
"DISRW14","Bucsa ax came Ford, New Holland 61x64.5x19.5mm cod OEM 81810774, 81810777, 87301590, 87800499","2026-02-25T08:01:38.495Z","Piese tractoare straine","Ford","1090"
"DISUT15","Cantar electronic suspendat cu carlig 1000 kg, telecomanda, afisaj digital LED","2026-02-25T08:01:38.495Z","Casa si gradina","Scule si unelte","27790"
"DISUT16","Cantar electronic suspendat cu carlig 1500kg, telecomanda, afisaj digital LED","2026-02-25T08:01:38.495Z","Casa si gradina","Scule si unelte","32990"
"BK87125","Aparat generator de impulsuri 14 Joule, 12V/220V, 140 km cu afisaj LCD pentru gard electric IPX6 Breckner Germany","2026-02-25T08:01:38.495Z","Zootehnie","Gard electric","52590"
"BK87126","Aparat generator de impulsuri 12 Joule, 12V/220V, 80 km pentru gard electric IPX6 Breckner Germany","2026-02-25T08:01:38.495Z","Zootehnie","Gard electric","44190"
"BK87127","Aparat generator de impulsuri 3 Joule, 12V/220V, 18 km pentru gard electric Breckner Germany","2026-02-25T08:01:38.496Z","Zootehnie","Gard electric","25549"
"BK87737","Capcana animale metalica tip cusca pentru soareci si rozatoare 18.5x10x7cm","2026-02-25T08:01:38.496Z","Casa si gradina","Produse antidaunatori","2349"
"BK87738","Capcana animale metalica tip cusca pentru sobolani si soareci 31x15x16.5cm","2026-02-25T08:01:38.496Z","Casa si gradina","Produse antidaunatori","4349"
"BK87739","Capcana soareci metalica galvanizata profesionala 26.5x16x5cm","2026-02-25T08:01:38.496Z","Casa si gradina","Produse antidaunatori","3390"
"BK88537","Mufa compresiune dreapta egala 20x20mm PN16 pentru sisteme de irigatii","2026-02-25T08:01:38.496Z","Casa si gradina","Sisteme de irigare","216"
"BK88543","Mufa conector stut egal tub picurare 16x16mm pentru sisteme de irigatii","2026-02-25T08:01:38.496Z","Casa si gradina","Sisteme de irigare","44"
"DISRT77","Filtru aer exterior John Deere, Hitachi 88.4x254.8x304.8mm cod OEM AR46481, A576C, 9885779, 3I0233, AF829, 42926","2026-02-25T08:01:38.496Z","Piese tractoare straine","John Deere","4390"
"DISVC78","Supapa robinet distribuitor in cruce 65x45mm pentru sisteme de irigatii","2026-02-25T08:01:38.496Z","Casa si gradina","Sisteme de irigare","831"
"DISVC79","Supapa robinet distribuitor in cruce 65x28mm pentru sisteme de irigatii","2026-02-25T08:01:38.496Z","Casa si gradina","Sisteme de irigare","519"
"DISVC81","Supapa robinet distribuitor in cruce 50x45mm pentru sisteme de irigatii","2026-02-25T08:01:38.496Z","Casa si gradina","Sisteme de irigare","744"
"DISVC82","Supapa robinet distribuitor in cruce 50x28mm pentru sisteme de irigatii","2026-02-25T08:01:38.496Z","Casa si gradina","Sisteme de irigare","444"
"DISVC80","Supapa robinet distribuitor triplu 65x28mm pentru sisteme de irigatii","2026-02-25T08:01:38.496Z","Casa si gradina","Sisteme de irigare","444"
"DISVC83","Supapa robinet distribuitor triplu 50x28mm pentru sisteme de irigatii","2026-02-25T08:01:38.496Z","Casa si gradina","Sisteme de irigare","366"
"DISVC84","Sigilant autonivelant pentru reparare si umplere fisuri beton 0.5kg","2026-02-25T08:01:38.496Z","Casa si gradina","Instalatii sanitare","917"
"DISVC85","Sigilant autonivelant pentru reparare si umplere fisuri beton 1kg","2026-02-25T08:01:38.496Z","Casa si gradina","Instalatii sanitare","1849"
"BK91210","Banda butilica hidroizolanta autoadeziva cu folie de aluminiu 50mmx5m Breckner Germany","2026-02-25T08:01:38.496Z","Casa si gradina","Instalatii sanitare","529"
"BK91211","Banda butilica hidroizolanta autoadeziva cu folie de aluminiu 100mmx5m Breckner Germany","2026-02-25T08:01:38.496Z","Casa si gradina","Instalatii sanitare","1049"
"BK91212","Banda butilica hidroizolanta autoadeziva cu folie de aluminiu 200mmx10m Breckner Germany","2026-02-25T08:01:38.496Z","Casa si gradina","Instalatii sanitare","4090"
"BK91213","Banda butilica hidroizolanta autoadeziva cu folie de aluminiu 300mmx10m Breckner Germany","2026-02-25T08:01:38.496Z","Casa si gradina","Instalatii sanitare","6090"
"DISCT79","Radiator racire apa motor Ford, 4 randuri de celule 600x480x65mm cod OEM 81817280, C7NN8005L, D8NN8005PA, C7NN8005E, 4826","2026-02-25T08:01:38.496Z","Piese tractoare straine","Ford","86249"
"DISUS57","Aparat electric ascutit cutite metalice, ceramice, zimtate cu 3 nivele de ascutire","2026-02-25T08:01:38.496Z","Casa si gradina","Scule si unelte","4449"
"BK88207","Set 35 batoane silicon transparente 11x300mm pentru pistol de lipit la cald Breckner Germany","2026-02-25T08:01:38.496Z","Casa si gradina","Scule si unelte","1790"
"BK76973","Tirant central reglabil hidraulic 760-1010mm, categoria 3-3, cupla rapida, cursa 250mm, bolt 40mm, tija 50mm","2026-02-25T08:01:38.496Z","Accesorii agricole","Tiranti centrali","69690"
"BK76976","Tirant central reglabil hidraulic 645-885mm, categoria 3-3, cupla rapida, cursa 240mm, bolt 32mm, tija 50mm","2026-02-25T08:01:38.496Z","Accesorii agricole","Tiranti centrali","61149"
"BK76977","Tirant central reglabil hidraulic 640-920mm, categoria 2-2, cupla rapida, cursa 280mm, bolt 25.4mm, tija 35mm","2026-02-25T08:01:38.496Z","Accesorii agricole","Tiranti centrali","48690"
"BK76978","Tirant central reglabil hidraulic 570-790mm, categoria 2-2, cupla rapida, cursa 220mm, bolt 25.4mm, tija 35mm","2026-02-25T08:01:38.496Z","Accesorii agricole","Tiranti centrali","47649"
"BK76981","Tirant central reglabil hidraulic 610-1000mm, categoria 2-1, cupla rapida 25.4mm, cursa 390mm, bolt 19mm, tija 35mm","2026-02-25T08:01:38.496Z","Accesorii agricole","Tiranti centrali","46749"
"DISPF82M","Tirant central reglabil hidraulic 500-670, categoria 2-2, cupla rapida, cursa 175mm, tija 35mm, nuca 25.4mm","2026-02-25T08:01:38.496Z","Accesorii agricole","Tiranti centrali","48349"
"BK72512","Dispozitiv verificare jocuri suspensie si directie, montare reglabila pe anvelopa 13-22 inch Breckner Germany","2026-02-25T08:01:38.496Z","Vulcanizare","Echipamente vulcanizare","38149"
"DISUT27","Kit petice reparatie camera bicicleta, motocicleta, roaba, tuk-tuk 8 piese CK-01 Maruni made in Japan","2026-02-25T08:01:38.496Z","Vulcanizare","Petice vulcanizare","2149"
"DISUT28","Petice rotunde vulcanizare camera bicicleta, motocicleta, roaba, carucior 25mm BB-R Maruni made in Japan 24 buc/cutie","2026-02-25T08:01:38.496Z","Vulcanizare","Petice vulcanizare","967"
"BK87056","Disc diamantat segmentat 115x1.8x22.23mm, taiere uscata pentru beton, piatra, caramida Breckner Germany","2026-02-25T08:01:38.496Z","Casa si gradina","Scule si unelte","609"
"BK87057","Disc diamantat segmentat 180x2.4x22.23mm, taiere uscata pentru beton, piatra, caramida Breckner Germany","2026-02-25T08:01:38.496Z","Casa si gradina","Scule si unelte","1390"
"BK87058","Disc diamantat continuu 115x2.0x22.23mm, taiere umeda pentru ceramica, gresie, faianta Breckner Germany","2026-02-25T08:01:38.496Z","Casa si gradina","Scule si unelte","583"
"BK87059","Disc diamantat turbo sinterizat 125x2x22.23mm, taiere umeda/uscata pentru piatra, gresie, ceramica, marmura Breckner Germany","2026-02-25T08:01:38.496Z","Casa si gradina","Scule si unelte","747"
"BK87060","Disc diamantat turbo sinterizat 230x3x22.23, taiere umeda/uscata pentru piatra, gresie, ceramica, marmura Breckner Germany","2026-02-25T08:01:38.496Z","Casa si gradina","Scule si unelte","2149"
"BK87061","Disc circular vidia pentru lemn 115x1.2x22.23mm, 30 dinti, turatie maxima 13200rpm Breckner Germany","2026-02-25T08:01:38.496Z","Casa si gradina","Scule si unelte","555"
"BK87062","Disc circular vidia pentru lemn 180x22.23mm, 40 dinti, turatie maxima 8200rpm Breckner Germany","2026-02-25T08:01:38.496Z","Casa si gradina","Scule si unelte","1090"
"BK87063","Disc circular vidia pentru lemn 165x20mm, 24 dinti, turatie maxima 9200rpm Breckner Germany","2026-02-25T08:01:38.496Z","Casa si gradina","Scule si unelte","889"
"BK87066","Disc circular vidia pentru lemn 250x30mm, 60 dinti, turatie maxima 6000rpm Breckner Germany","2026-02-25T08:01:38.496Z","Casa si gradina","Scule si unelte","2290"
"BK87064","Disc circular vidia pentru lemn 180x30mm, 36 dinti, turatie maxima 8200rpm Breckner Germany","2026-02-25T08:01:38.496Z","Casa si gradina","Scule si unelte","981"
"BK87065","Disc circular vidia pentru lemn 200x30mm, 48 dinti, turatie maxima 7200rpm Breckner Germany","2026-02-25T08:01:38.496Z","Casa si gradina","Scule si unelte","1290"
"BK87067","Disc diamantat turbo continuu 115x1.5x22.23mm, taiere umeda/uscata pentru ceramica dura, gresie, faianta Breckner Germany","2026-02-25T08:01:38.496Z","Casa si gradina","Scule si unelte","1190"
"BK87068","Disc diamantat turbo continuu 125x1.5x22.23mm, taiere umeda/uscata pentru ceramica dura, gresie, faianta Breckner Germany","2026-02-25T08:01:38.496Z","Casa si gradina","Scule si unelte","1590"
"DISDH44","Scarificator 7 brate rosu, latime de lucru 2m Konig Traktoren","2026-02-25T08:01:38.496Z","Utilaje mici","Scarificatoare","522949"
"BK86222","Pompa transfer AdBlue solutie uree 220V, 400W, debit 40L/min, turatie 2800rpm IP55 Breckner Germany","2026-02-25T08:01:38.496Z","Accesorii agricole","Sisteme alimentare combustibil","46490"
"BK86223","Kit pompa transfer AdBlue solutie uree 220V, 400W, debit 40L/min, contor digital, furtun transfer 4m, alimentare 2m si pistol IP55 Breckner Germany","2026-02-25T08:01:38.496Z","Accesorii agricole","Sisteme alimentare combustibil","96190"
"BK86224","Kit pompa transfer AdBlue solutie uree 220V, 400W, debit 40L/min, contor digital, furtun transfer 2m, alimentare 4m si pistol IP55 Breckner Germany","2026-02-25T08:01:38.496Z","Accesorii agricole","Sisteme alimentare combustibil","88249"
"BK86225","Kit pompa transfer motorina 220V, 550W, debit 60L/min, contor mecanic, furtun transfer 4m, alimentare 2m si pistol Breckner Germany","2026-02-25T08:01:38.496Z","Accesorii agricole","Sisteme alimentare combustibil","66449"
"BK99859","Motopompa diesel 5CP, 2 toli, debit 36m3/h, adancime absorbtie 8m, inaltime refulare 25m Breckner Germany","2026-02-25T08:01:38.496Z","Accesorii agricole","Motopompe","128790"
"BK99860","Motopompa diesel 7CP, 3 toli, debit 60m3/h, adancime absorbtie 13m, inaltime refulare 26m Breckner Germany","2026-02-25T08:01:38.496Z","Accesorii agricole","Motopompe","148849"
"BK99861","Motopompa diesel 10CP, 4 toli, debit 96m3/h, adancime absorbtie 16m, inaltime refulare 22m Breckner Germany","2026-02-25T08:01:38.496Z","Accesorii agricole","Motopompe","184190"
"BK87102","Cablu alimentare aparat generator de impulsuri 12V pentru gard electric Breckner Germany","2026-02-25T08:01:38.496Z","Zootehnie","Gard electric","1890"
"DISSW94","Lance spumare cu rezervor 1L pentru aparat de spalat cu presiune Breckner Germany","2026-02-25T08:01:38.496Z","Casa si gradina","Aparate de spalat cu presiune","4190"
"DISUS56","Masina de ascutit cutite elctrica 220V, 65W, 7000rpm, unghi 15-50°, latime ascutire 6-51mm, burghie 3-13mm, foarfece, dalti, rindele","2026-02-25T08:01:38.496Z","Casa si gradina","Scule si unelte","13749"
"DISUS66","Moara electrica resturi vegetale si nutret 2.2kW, 220V, cuva inox 10L, 4 cutite incluse","2026-02-25T08:01:38.496Z","Zootehnie","Echipamente de procesare","27290"
"DISUS67","Moara electrica resturi vegetale si nutret 550W, 220V, cuva inox 12L, 4 cutite incluse","2026-02-25T08:01:38.496Z","Zootehnie","Echipamente de procesare","30349"
"DISUX12","Cuibar gaini ouatoare din plastic 460x235x410mm","2026-02-25T08:01:38.496Z","Zootehnie","Accesorii pasari","5449"
"DISUX14","Cuibar gaini ouatoare din plastic 460x230x400mm","2026-02-25T08:01:38.496Z","Zootehnie","Accesorii pasari","3390"
"BK90331","Lampa EXIT LED iesire de urgenta 220V, 3W, baterie Li-ion 1800mAh, montaj aplicat, autonomie 3 ore IP20","2026-02-25T08:01:38.496Z","Casa si gradina","Iluminat","7349"
"BK90332","Lampa EXIT LED iesire de urgenta 220V, 3W, baterie Li-ion 1800mAh, montaj incastrat, autonomie 3 ore IP20","2026-02-25T08:01:38.496Z","Casa si gradina","Iluminat","7349"
"BK93099","Cilindru servodirectie Case IH, Fiat, New Holland, Ford cod OEM 5098112, 5113093, 5113130, 5113131, 5123968, 5125260","2026-02-25T08:01:38.496Z","Piese tractoare straine","Fiat","21490"
"DISUT91","Sac rafie alb 50x100cm PP 49g","2026-02-25T08:01:38.496Z","Casa si gradina","Saci","69"
"DISUT92","Sac rafie alb 55x110cm PP 60g","2026-02-25T08:01:38.496Z","Casa si gradina","Saci","91"
"DISUT93","Sac rafie alb 55x100cm PP 59g","2026-02-25T08:01:38.496Z","Casa si gradina","Saci","91"
"DISWL65","Pompa alimentare combustibil John Deere seria 8000, 8010, 8070, 9000 cod OEM RE46375, 100-138, SJD2459","2026-02-25T08:01:38.496Z","Piese tractoare straine","John Deere","7349"
"BK86228","Rezervor motorina mobil 53L cu pompa transfer electrica 12V, 70W, baterie Li-ion, debit 6L/min, furtun 3m si pistol Breckner Germany","2026-02-25T08:01:38.496Z","Accesorii agricole","Sisteme alimentare combustibil","60749"
"BK86229","Rezervor motorina mobil 53L cu pompa transfer manuala, furtun 3m si pistol Breckner Germany","2026-02-25T08:01:38.496Z","Accesorii agricole","Sisteme alimentare combustibil","54449"
"BK76974","Tirant central reglabil hidraulic 700-990mm, categoria 3-3, cursa 290mm, bolt 32mm, tija 45mm","2026-02-25T08:01:38.496Z","Accesorii agricole","Tiranti centrali","52849"
"BK76975","Tirant central reglabil hidraulic 640-908mm, categoria 3, cursa 268mm, bolt 25.4mm, tija 40mm","2026-02-25T08:01:38.496Z","Accesorii agricole","Tiranti centrali","47190"
"BK76979","Tirant central reglabil hidraulic 666-906mm, categoria 3-3, cupla rapida, cursa 240mm, bolt 32mm, tija 50mm","2026-02-25T08:01:38.496Z","Accesorii agricole","Tiranti centrali","64249"
"BK76980","Tirant central reglabil hidraulic 660-948mm, categoria 3-3, cursa 288mm, bolt 32mm, tija 45mm","2026-02-25T08:01:38.496Z","Accesorii agricole","Tiranti centrali","53549"
"BK76982","Tirant central reglabil hidraulic 666-906mm, categoria 3-2, cupla rapida, cursa 240mm, bolt 32/25.4mm, tija 50mm","2026-02-25T08:01:38.496Z","Accesorii agricole","Tiranti centrali","63790"
"DISUZ20","Cablu coaxial RG59 CCTV cupru siamez + alimentare 2x0.75mm CCA, 75 Ohm, PVC alb 100m/rola","2026-02-25T08:01:38.496Z","Casa si gradina","Sisteme de supraveghere si securitate","12449"
"DISUZ21","Cablu coaxial RG6 CCTV 1mm cupru, 75 Ohm, PVC alb 100m/rola Q5+","2026-02-25T08:01:38.496Z","Casa si gradina","Sisteme de supraveghere si securitate","10990"
"DISUZ22","Cablu coaxial RG6 CCTV K-TEX 1mm CCA, ecranat, 75 Ohm, PVC alb 100m/rola","2026-02-25T08:01:38.496Z","Casa si gradina","Sisteme de supraveghere si securitate","3949"
"DISUZ23-305","Cablu UTP CAT5e siamez 8x0.51mm cupru + 2x0.75mm CCA alimentare 305m/rola","2026-02-25T08:01:38.496Z","Casa si gradina","Sisteme de supraveghere si securitate","59549"
"DISUZ24","Cablu FTP CAT5e siamez 8x0.51 cupru + 2x0.75mm CCA alimentare cu sufa messenger 1.16mm exterior autoportat 305m/rola","2026-02-25T08:01:38.496Z","Casa si gradina","Sisteme de supraveghere si securitate","73190"
"DISUZ25","Cablu coaxial RG6 CCS 1.02mm, 75 Ohm, FPE folie Al/PET ecranaj cu tresa 32x0.12mm, PVC alb 100m/rola","2026-02-25T08:01:38.496Z","Casa si gradina","Sisteme de supraveghere si securitate","4190"
"DISUZ26","Cablu retea CAT6 FTP ecranat cupru 23AWG 4 perechi, separator cruce, PVC gri 305m/rola","2026-02-25T08:01:38.496Z","Casa si gradina","Sisteme de supraveghere si securitate","73590"
"DISUZ27","Cablu coaxial RG6 Trishield CCS 1.02mm, 75 Ohm, CPR Eca, PVC alb 305m/rola","2026-02-25T08:01:38.496Z","Casa si gradina","Sisteme de supraveghere si securitate","15590"
"DISUZ28","Cablu alarma incendiu ignifug rezistent la foc 2x2x0.8mm, ecranat, LSZH fara halogeni, rosu 500m/rola","2026-02-25T08:01:38.496Z","Casa si gradina","Sisteme de supraveghere si securitate","176090"
"DISUZ29","Cablu alarma incendiu ignifug rezistent la foc 2x0.75mm, ecranat, LSZH fara halogeni rosu 500m/rola","2026-02-25T08:01:38.496Z","Casa si gradina","Sisteme de supraveghere si securitate","94049"
"BK86226","Filtru rezervor motorina cu separator apa, 230 micron, racord 1 inch BSP/NPT Breckner Germany","2026-02-25T08:01:38.496Z","Accesorii agricole","Sisteme alimentare combustibil","13790"
"BK86227","Filtru rezervor motorina indepartare particule, 150 micron, racord 1 inch BSP/NPT Breckner Germany","2026-02-25T08:01:38.496Z","Accesorii agricole","Sisteme alimentare combustibil","6649"
"BK86230","Rola tambur furtun rezervor combustibil 15m retractabil automat, racord 1 inch BSB, presiune maxima 359 bar Breckner Germany","2026-02-25T08:01:38.496Z","Accesorii agricole","Furtunuri","115190"
"DISRR31","Coarda elastica cu bile Ø27x120mm pentru fixare prelata, cort, banner","2026-02-25T08:01:38.496Z","Casa si gradina","Corturi","78"
"DISRR38","Coarda elastica cu bile Ø27x50mm pentru fixare prelata, cort, banner","2026-02-25T08:01:38.496Z","Casa si gradina","Corturi","60"
"DISRV54","Lampa stop spate JCB 3C, 3CX, 3D, 214, 215, 216, 217, 1400B, 1550B, 1600B, 1700B, 5 pini 215x90x60mm","2026-02-25T08:01:38.496Z","Piese tractoare straine","JCB","1690"
"DISUL20","Ulei motor Fendt 15W40 Premium Extra Grade 20L","2026-02-25T08:01:38.496Z","Piese tractoare straine","Fendt","60190"
"BK87097","Paratrasnet gard electric Breckner Germany","2026-02-25T08:01:38.496Z","Zootehnie","Gard electric","6490"
"BK87101","Intinzator sarma gard electric cu clichet Breckner Germany","2026-02-25T08:01:38.496Z","Zootehnie","Gard electric","767"
"DISCK19","Izolator gard electric cu prindere pe plasa Breckner Germany","2026-02-25T08:01:38.496Z","Zootehnie","Gard electric","126"
"DISVN89","Masina electrica automata taiere la 45 grade pentru placi ceramice, gresie, faianta","2026-02-25T08:01:38.496Z","Casa si gradina","Scule si unelte","75390"
"BK90330","Lampa iluminat indicator LED EXIT HIDRANT 220V, 8W, baterie 1200mAh, autonomie 3 ore, montaj aplicat, 4 pictograme incluse IP65","2026-02-25T08:01:38.496Z","Casa si gradina","Iluminat","5049"
"40TH442","Solar de gradina 200x200x200cm, folie verde PE cu plasa 140g/mp UV, 1 usa, 4 ferestre, teava otel galvanizat 19mm THOR","2026-02-25T08:01:38.496Z","Casa si gradina","Gradinarit","23690"
"40TH443","Solar de gradina 300x200x200cm, folie verde PE cu plasa 140g/mp UV, 1 usa, 6 ferestre, teava otel galvanizat 19mm THOR","2026-02-25T08:01:38.496Z","Casa si gradina","Gradinarit","29290"
"40TH444","Solar de gradina 400x300x200cm, folie verde PE cu plasa 140g/mp UV, 1 usa, 8 ferestre, teava otel galvanizat 19mm THOR","2026-02-25T08:01:38.496Z","Casa si gradina","Gradinarit","43449"
"40TH445","Solar de gradina 500x300x200cm, folie verde PE cu plasa 140g/mp UV, 1 usa, 10 ferestre, teava otel galvanizat 19mm THOR","2026-02-25T08:01:38.496Z","Casa si gradina","Gradinarit","53390"
"40TH387","Motocoasa pe benzina profesionala Premium 3CP, 2T 52cc, turatie 7500rpm, disc 3T/40T, tambur fir, kit accesorii incluse THOR","2026-02-25T08:01:38.496Z","Utilaje mici","Motocositori","40049"
"40TH388","Motocoasa pe benzina profesionala Standard 3CP, 2T 52cc, turatie 7500rpm, disc 3T, tambur fir, kit accesorii incluse THOR","2026-02-25T08:01:38.496Z","Utilaje mici","Motocositori","30249"
"40TH389","Motocoasa pe benzina profesionala Economic 3CP, 2T 52cc, turatie 7500rpm, disc 3T, tambur fir, kit accesorii incluse THOR","2026-02-25T08:01:38.496Z","Utilaje mici","Motocositori","26590"
"40TH391","Motopompa pe benzina 2CP, 2T 41cc, 1 tol, debit 15m3/h, autoamorsare, adancime absorbtie 6m, inaltime refulare 18m THOR","2026-02-25T08:01:38.496Z","Accesorii agricole","Motopompe","34649"
"40TH392","Motopompa pe benzina 3CP, 2T 52cc, 1 tol, debit 15m3/h, autoamorsare, adancime absorbtie 6m, inaltime refulare 22m THOR","2026-02-25T08:01:38.496Z","Accesorii agricole","Motopompe","34649"
"40TH394","Cap tambur motocoasa aluminiu M10x1.25mm, fir 3mm, automat Tap&Go universal","2026-02-25T08:01:38.496Z","Utilaje mici","Motocositori","1449"
"BK69737","Motoburghiu foreza de pamant pe benzina 3.3CP, 2T 52cc, 3 burghie incluse 100mm, 150mm, 200mm Breckner Germany","2026-02-25T08:01:38.496Z","Utilaje mici","Burghiu","48049"
"BK88214","Polizor unghiular cu acumulator 18V, 4Ah Li-ion, disc 125mm, motor fara perii (brushless), proiector LED inclus Breckner Germany","2026-02-25T08:01:38.496Z","Casa si gradina","Scule si unelte","18149"
"DISPG90","Malaxor electric cu amestecator 1400W, 220V, 6 trepte viteza 0-800rpm, paleta 120mm, M14 pentru adeziv, vopsea, mortar THOR","2026-02-25T08:01:38.496Z","Casa si gradina","Scule si unelte","18390"
"DISUS55","Fierastrau electric pendular tip sabie 1800W, 220V, cursa 20mm, viteza reglabila 500-2600rpm Breckner Germany","2026-02-25T08:01:38.496Z","Casa si gradina","Scule si unelte","16849"
"DISUS58","Foarfeca electrica de gradina cu 2 acumulatori 36V, 2Ah Li-Ion, 100W, afisaj digital, diametru taiere 0-25mm Breckner Germany","2026-02-25T08:01:38.496Z","Casa si gradina","Gradinarit","25290"
"BK76988","Mini fierastrau electric cu 2 acumulatori 24V, 4Ah Li-ion, lama 8 inch (200mm), turatie 4000rpm Breckner Germany","2026-02-25T08:01:38.496Z","Casa si gradina","Scule si unelte","20049"
"DISUS63","Foarfeca electrica de gradina cu 2 acumulatori 36V, 1.5Ah Li-Ion, 100W, diametru taiere 0-25mm, buton siguranta Breckner Germany","2026-02-25T08:01:38.496Z","Casa si gradina","Gradinarit","17590"
"DISUT08","Foarfeca electrica de gradina cu 2 acumulatori 21V, 1.5Ah Li-Ion, brushless, diametru taiere 0-25mm, buton siguranta Breckner Germany","2026-02-25T08:01:38.496Z","Casa si gradina","Gradinarit","16949"
"DISUS65","Drujba electrica cu 2 acumulatori 36V, 3Ah Li-ion, lama 12 inch (305mm), turatie 3800rpm Breckner Germany","2026-02-25T08:01:38.496Z","Utilaje mici","Drujbe","43190"
"DISGF21","Motopompa pe benzina 2.2CP, 2T 52cc, 1 tol, debit 15m3/h, autoamorsare, adancime absorbtie 15m, inaltime refulare 22m Breckner Germany","2026-02-25T08:01:38.496Z","Accesorii agricole","Motopompe","35649"
"BK92114","Motopompa pe benzina 1.36CP, 4T 35.8cc, 1 tol, debit 7m3/h, autoamorsare, adancime absorbtie 7m, inaltime refulare 25m Breckner Germany","2026-02-25T08:01:38.496Z","Accesorii agricole","Motopompe","40249"
"DISUT01","Masina de gaurit si insurubat cu percutie, 2 acumulatori 21V, 4Ah Li-ion, LED, brushless, 65Nm, mandrina 13mm, 0-400/1400rpm Breckner Germany","2026-02-25T08:01:38.496Z","Casa si gradina","Scule si unelte","21590"
"DISUT05","Surubelnita electrica multifunctionala 4 in 1 cu acumulator 4.2V, 1.5Ah Li-ion, LED, 6Nm, bit 1/4 inch 33 piese Breckner Germany","2026-02-25T08:01:38.496Z","Casa si gradina","Scule si unelte","12649"
"DISUT06","Mini fierastrau electric cu 2 acumulatori 21V, 3Ah Li-ion, lama 8 inch (200mm), turatie 4000rpm, incarcare rapida Breckner Germany","2026-02-25T08:01:38.496Z","Casa si gradina","Scule si unelte","20149"
"DISUT07","Fierastrau electric tip sabie cu 2 acumulatori 21V, 1.5Ah Li-ion, LED, cursa 20mm, 0-3000rpm, 3 panze pentru lemn, metal, plastic Breckner Germany","2026-02-25T08:01:38.496Z","Casa si gradina","Scule si unelte","12990"
"DISUT11","Mini fierastrau electric cu 2 acumulatori 24V, 2Ah Li-ion, lama 6 inch (150mm), turatie 4000rpm Breckner Germany","2026-02-25T08:01:38.496Z","Casa si gradina","Scule si unelte","14549"
"DISUT09","Masina de insurubat cu impact 1/2 inch, 2 acumulatori 21V, 3Ah Li-ion, LED, brushless, cuplu 400Nm, tubulare, burghie, biti 31 piese Breckner Germany","2026-02-25T08:01:38.496Z","Casa si gradina","Scule si unelte","20690"
"DISSY21","Capace valva ventil plastic negru 1000 buc/set","2026-02-25T08:01:38.496Z","Vulcanizare","Valve","1149"
"BK99008","Pistol tub silicon profesional 225mm Breckner Germany","2026-02-25T08:01:38.496Z","Casa si gradina","Scule si unelte","1990"
"BK99009","Paleta, amestecator vopsea, adeziv, mortar cu tija SDS 600x120x10mm Breckner Germany","2026-02-25T08:01:38.496Z","Casa si gradina","Scule si unelte","2549"
"BK99010","Paleta, amestecator vopsea, adeziv, mortar cu tija 600x120x12mm, filet M14 Breckner Germany","2026-02-25T08:01:38.496Z","Casa si gradina","Scule si unelte","2690"
"40TH397","Disc motocoasa 3 dinti 255x25.4x1.4mm otel THOR","2026-02-25T08:01:38.496Z","Utilaje mici","Motocositori","526"
"40TH398","Disc motocoasa 3 dinti 255x25.4x2mm otel THOR","2026-02-25T08:01:38.496Z","Utilaje mici","Motocositori","626"
"40TH399","Disc motocoasa 3 dinti 255x25.4x1.4mm otel THOR","2026-02-25T08:01:38.496Z","Utilaje mici","Motocositori","526"
"40TH400","Disc motocoasa 3 dinti 255x25.4x2mm otel THOR","2026-02-25T08:01:38.496Z","Utilaje mici","Motocositori","626"
"40TH401","Disc circular vidia 255x25.4x1.15mm, 40 dinti pentru motocoasa de umar THOR","2026-02-25T08:01:38.496Z","Utilaje mici","Motocositori","761"
"40TH402","Disc circular vidia 255x25.4x1.3mm, 40 dinti pentru motocoasa de umar THOR","2026-02-25T08:01:38.496Z","Utilaje mici","Motocositori","925"
"40TH403","Disc circular vidia 255x25.4x1.15mm, 60 dinti pentru motocoasa de umar THOR","2026-02-25T08:01:38.496Z","Utilaje mici","Motocositori","925"
"40TH404","Disc circular vidia 255x25.4x1.15mm, 40 dinti pentru motocoasa de umar THOR","2026-02-25T08:01:38.496Z","Utilaje mici","Motocositori","853"
"40TH405","Disc circular vidia 255x25.4x1.15mm, 40 dinti pentru motocoasa de umar THOR","2026-02-25T08:01:38.496Z","Utilaje mici","Motocositori","825"
"40TH409","Pinion lant drujba .325 inch, 7 dinti, modele China 4500, 5200 THOR","2026-02-25T08:01:38.496Z","Utilaje mici","Drujbe","249"
"40TH410","Pinion lant drujba 3/8 inch, 7 dinti, modele China 4500, 5200 THOR","2026-02-25T08:01:38.496Z","Utilaje mici","Drujbe","256"
"40TH407","Set cilindru piston drujba 45mm, 52cc, model China 5200 THOR","2026-02-25T08:01:38.496Z","Utilaje mici","Drujbe","2790"
"40TH411","Bobina inductie drujba 52cc model China 5200 THOR","2026-02-25T08:01:38.496Z","Utilaje mici","Drujbe","981"
"40TH412","Bobina inductie drujba 38cc model China 3800 THOR","2026-02-25T08:01:38.496Z","Utilaje mici","Drujbe","1290"