SKU,Title,CreatedAt,Category,Subcategory,PriceHUF
"BK92398","Cablu/sufa elastica impletita 4m cu carlige metalice pentru remorcare 2T","2026-06-24T02:05:48.472Z","Accesorii agricole","Chingi, cabluri si coliere","1990"
"BK92399","Cablu/sufa elastica impletita 4m cu carlige metalice pentru remorcare 2T","2026-06-24T02:05:48.473Z","Accesorii agricole","Chingi, cabluri si coliere","1349"
"DISLA47","Mufa rapida dreapta plastic 6mm","2026-06-24T02:05:48.476Z","Accesorii agricole","Furtunuri","45"
"DISLA48","Mufa rapida dreapta plastic 8mm","2026-06-24T02:05:48.476Z","Accesorii agricole","Furtunuri","45"
"DISLA49","Mufa rapida dreapta plastic 10mm","2026-06-24T02:05:48.477Z","Accesorii agricole","Furtunuri","76"
"DISLA50","Mufa rapida dreapta plastic 12mm","2026-06-24T02:05:48.477Z","Accesorii agricole","Furtunuri","98"
"DISLA51","Mufa rapida dreapta furtun fi 14mm - plastic","2026-06-24T02:05:48.477Z","Accesorii agricole","Furtunuri","151"
"DISVA02","Mufa rapida dreapta plastic 16mm","2026-06-24T02:05:48.477Z","Accesorii agricole","Furtunuri","181"
"DISVA05","Mufa rapida redusa fi M4x6 - plastic","2026-06-24T02:05:48.477Z","Accesorii agricole","Furtunuri","83"
"DISVA06","Mufa rapida reductie plastic 6x8mm","2026-06-24T02:05:48.477Z","Accesorii agricole","Furtunuri","59"
"DISVA07","Mufa rapida reductie plastic 8x10mm","2026-06-24T02:05:48.477Z","Accesorii agricole","Furtunuri","71"
"DISVA08","Mufa rapida reductie plastic 10x12mm","2026-06-24T02:05:48.477Z","Accesorii agricole","Furtunuri","98"
"DISVA09","Mufa rapida reductie plastic 12x14mm","2026-06-24T02:05:48.477Z","Accesorii agricole","Furtunuri","224"
"DISVA10","Mufa rapida redusa fi M14x16 - plastic","2026-06-24T02:05:48.477Z","Accesorii agricole","Furtunuri","148"
"DISPA50","Mufa rapida T plastic 4mm","2026-06-24T02:05:48.477Z","Accesorii agricole","Furtunuri","68"
"DISVA03","Mufa rapida T plastic 6mm","2026-06-24T02:05:48.477Z","Accesorii agricole","Furtunuri","68"
"DISLA52","Mufa rapida T plastic 8mm","2026-06-24T02:05:48.477Z","Accesorii agricole","Furtunuri","76"
"DISLA53","Mufa rapida T plastic 10mm","2026-06-24T02:05:48.477Z","Accesorii agricole","Furtunuri","109"
"DISLA54","Mufa rapida T plastic 12mm","2026-06-24T02:05:48.477Z","Accesorii agricole","Furtunuri","130"
"DISPA51","Mufa rapida T furtun M14 - plastic","2026-06-24T02:05:48.477Z","Accesorii agricole","Furtunuri","101"
"DISVA04","Mufa rapida T plastic 16mm","2026-06-24T02:05:48.477Z","Accesorii agricole","Furtunuri","261"
"DISVA11","Mufa rapida T reductie plastic 6x8x6mm","2026-06-24T02:05:48.477Z","Accesorii agricole","Furtunuri","106"
"DISVA12","Mufa rapida T reductie plastic 8x6x8mm","2026-06-24T02:05:48.477Z","Accesorii agricole","Furtunuri","89"
"DISVA13","Mufa rapida T reductie plastic 12x10x12mm","2026-06-24T02:05:48.477Z","Accesorii agricole","Furtunuri","154"
"DISVA14","Mufa rapida T reductie plastic 8x10x8mm","2026-06-24T02:05:48.477Z","Accesorii agricole","Furtunuri","133"
"DISVA15","Mufa rapida T reductie plastic 10x8x10mm","2026-06-24T02:05:48.477Z","Accesorii agricole","Furtunuri","121"
"DISVA16","Mufa rapida T reductie plastic 10x12x10mm","2026-06-24T02:05:48.477Z","Accesorii agricole","Furtunuri","142"
"DISVA17","Mufa rapida T reductie plastic 4x6x4mm","2026-06-24T02:05:48.477Z","Accesorii agricole","Furtunuri","88"
"DISVA18","Mufa rapida T reductie plastic 6x4x6mm","2026-06-24T02:05:48.477Z","Accesorii agricole","Furtunuri","88"
"DISVA01","Mufa rapida cot plastic 4mm","2026-06-24T02:05:48.477Z","Accesorii agricole","Furtunuri","50"
"DISLA55","Mufa rapida cot plastic 6mm","2026-06-24T02:05:48.477Z","Accesorii agricole","Furtunuri","53"
"DISLA56","Mufa rapida cot plastic 8mm","2026-06-24T02:05:48.477Z","Accesorii agricole","Furtunuri","83"
"DISLA57","Mufa rapida cot plastic 10mm","2026-06-24T02:05:48.477Z","Accesorii agricole","Furtunuri","83"
"DISLA58","Mufa rapida cot plastic 12mm","2026-06-24T02:05:48.477Z","Accesorii agricole","Furtunuri","98"
"DISLA59","Mufa rapida cot furtun M14 - plastic","2026-06-24T02:05:48.477Z","Accesorii agricole","Furtunuri","113"
"DISLA60","Mufa rapida cot furtun M16 - plastic","2026-06-24T02:05:48.477Z","Accesorii agricole","Furtunuri","225"
"DISVB10","Mufa rapida dreapta metalica 6mm filet exterior 1/4","2026-06-24T02:05:48.477Z","Accesorii agricole","Furtunuri","348"
"DISVB11","Mufa rapida dreapta metalica 6mm filet exterior 1/8","2026-06-24T02:05:48.477Z","Accesorii agricole","Furtunuri","295"
"DISVB12","Mufa rapida dreapta metalica 6mm filet exterior 1/2","2026-06-24T02:05:48.477Z","Accesorii agricole","Furtunuri","549"
"DISVB13","Mufa rapida dreapta metalica 6mm filet exterior M6","2026-06-24T02:05:48.477Z","Accesorii agricole","Furtunuri","245"
"DISVB14","Mufa rapida dreapta metalica 6mm filet exterior M8","2026-06-24T02:05:48.477Z","Accesorii agricole","Furtunuri","323"
"DISVB15","Mufa rapida dreapta metalica 6mm filet exterior M12","2026-06-24T02:05:48.477Z","Accesorii agricole","Furtunuri","266"
"DISVB16","Mufa rapida dreapta metalica 6mm filet exterior M14","2026-06-24T02:05:48.477Z","Accesorii agricole","Furtunuri","370"
"DISVB17","Mufa rapida dreapta metalica 6mm filet exterior M16","2026-06-24T02:05:48.477Z","Accesorii agricole","Furtunuri","369"
"DISVB18","Mufa rapida dreapta din metal si surub metalic fi 6 cu M22","2026-06-24T02:05:48.477Z","Accesorii agricole","Furtunuri","382"
"DISVB19","Mufa rapida dreapta metalica 8mm filet exterior 1/4","2026-06-24T02:05:48.477Z","Accesorii agricole","Furtunuri","385"
"DISVB20","Mufa rapida dreapta metalica 8mm filet exterior 1/8","2026-06-24T02:05:48.477Z","Accesorii agricole","Furtunuri","381"
"DISVB21","Mufa rapida dreapta metalica 8mm filet exterior 1/2","2026-06-24T02:05:48.477Z","Accesorii agricole","Furtunuri","801"
"DISVB22","Mufa rapida dreapta din metal si surub metalic fi 8 cu M6","2026-06-24T02:05:48.477Z","Accesorii agricole","Furtunuri","319"
"DISVB23","Mufa rapida dreapta metalica 8mm filet exterior M8","2026-06-24T02:05:48.477Z","Accesorii agricole","Furtunuri","308"
"DISVB24","Mufa rapida dreapta metalica 8mm filet exterior M12","2026-06-24T02:05:48.477Z","Accesorii agricole","Furtunuri","408"
"DISVB26","Mufa rapida dreapta metalica 8mm filet exterior M16","2026-06-24T02:05:48.477Z","Accesorii agricole","Furtunuri","475"
"DISVB28","Mufa rapida dreapta metalica 10mm filet exterior 1/4","2026-06-24T02:05:48.477Z","Accesorii agricole","Furtunuri","647"
"DISVB29","Mufa rapida dreapta metalica 10mm filet exterior 1/8","2026-06-24T02:05:48.477Z","Accesorii agricole","Furtunuri","571"
"DISVB30","Mufa rapida dreapta metalica 10mm filet exterior 1/2","2026-06-24T02:05:48.477Z","Accesorii agricole","Furtunuri","565"
"DISVB31","Mufa rapida dreapta din metal si surub metalic fi 10 cu M6","2026-06-24T02:05:48.477Z","Accesorii agricole","Furtunuri","559"
"DISVB32","Mufa rapida dreapta din metal si surub metalic fi 10 cu M8","2026-06-24T02:05:48.477Z","Accesorii agricole","Furtunuri","558"
"DISVB33","Mufa rapida dreapta metalica 10mm filet exterior M12","2026-06-24T02:05:48.477Z","Accesorii agricole","Furtunuri","520"
"DISVB34","Mufa rapida dreapta metalica 10mm filet exterior M14","2026-06-24T02:05:48.477Z","Accesorii agricole","Furtunuri","582"
"DISVB35","Mufa rapida dreapta metalica 10mm filet exterior M16","2026-06-24T02:05:48.477Z","Accesorii agricole","Furtunuri","588"
"DISVB36","Mufa rapida dreapta din metal si surub metalic fi 10 cu M22","2026-06-24T02:05:48.477Z","Accesorii agricole","Furtunuri","612"
"DISVB37","Mufa rapida dreapta din metal si surub metalic fi 12 cu 1/4","2026-06-24T02:05:48.477Z","Accesorii agricole","Furtunuri","849"
"DISVB38","Mufa rapida dreapta din metal si surub metalic fi 12 cu 1/8","2026-06-24T02:05:48.477Z","Accesorii agricole","Furtunuri","778"
"DISVB39","Mufa rapida dreapta metalica 12mm filet exterior 1/2","2026-06-24T02:05:48.477Z","Accesorii agricole","Furtunuri","774"
"DISVB40","Mufa rapida dreapta din metal si surub metalic fi 12 cu M6","2026-06-24T02:05:48.477Z","Accesorii agricole","Furtunuri","877"
"DISVB41","Mufa rapida dreapta din metal si surub metalic fi 12 cu M8","2026-06-24T02:05:48.477Z","Accesorii agricole","Furtunuri","886"
"DISVB42","Mufa rapida dreapta din metal si surub metalic fi 12 cu M12","2026-06-24T02:05:48.477Z","Accesorii agricole","Furtunuri","890"
"DISVB43","Mufa rapida dreapta din metal si surub metalic fi 12 cu M14","2026-06-24T02:05:48.477Z","Accesorii agricole","Furtunuri","762"
"DISVB44","Mufa rapida dreapta din metal si surub metalic fi 12 cu M16","2026-06-24T02:05:48.477Z","Accesorii agricole","Furtunuri","1049"
"DISVB45","Mufa rapida dreapta din metal si surub metalic fi 12 cu M22","2026-06-24T02:05:48.477Z","Accesorii agricole","Furtunuri","979"
"DISVB46","Mufa rapida dreapta din metal si surub metalic fi 14 cu 1/4","2026-06-24T02:05:48.477Z","Accesorii agricole","Furtunuri","1090"
"DISVB47","Mufa rapida dreapta din metal si surub metalic fi 14 cu 1/8","2026-06-24T02:05:48.477Z","Accesorii agricole","Furtunuri","793"
"DISVB48","Mufa rapida dreapta din metal si surub metalic fi 14 cu 1/2","2026-06-24T02:05:48.477Z","Accesorii agricole","Furtunuri","1190"
"DISVB50","Mufa rapida dreapta din metal si surub metalic fi 14 cu M8","2026-06-24T02:05:48.478Z","Accesorii agricole","Furtunuri","831"
"DISVB51","Mufa rapida dreapta din metal si surub metalic fi 14 cu M12","2026-06-24T02:05:48.478Z","Accesorii agricole","Furtunuri","831"
"DISVB52","Mufa rapida dreapta din metal si surub metalic fi 14 cu M14","2026-06-24T02:05:48.478Z","Accesorii agricole","Furtunuri","1190"
"DISVB53","Mufa rapida dreapta din metal si surub metalic fi 14 cu M16","2026-06-24T02:05:48.478Z","Accesorii agricole","Furtunuri","775"
"DISVB54","Mufa rapida dreapta din metal si surub metalic fi 14 cu M22","2026-06-24T02:05:48.478Z","Accesorii agricole","Furtunuri","1290"
"DISLA65","Mufa rapida dreapta furtun M4 - cupru","2026-06-24T02:05:48.478Z","Accesorii agricole","Furtunuri","181"
"DISLA66","Mufa rapida dreapta cupru 6mm","2026-06-24T02:05:48.478Z","Accesorii agricole","Furtunuri","280"
"DISLA67","Mufa rapida dreapta cupru 8mm","2026-06-24T02:05:48.478Z","Accesorii agricole","Furtunuri","292"
"DISLA68","Mufa rapida dreapta cupru 10mm","2026-06-24T02:05:48.478Z","Accesorii agricole","Furtunuri","450"
"DISLA69","Mufa rapida dreapta cupru 12mm","2026-06-24T02:05:48.478Z","Accesorii agricole","Furtunuri","446"
"DISPA49","Mufa rapida dreapta furtun M14 - cupru","2026-06-24T02:05:48.478Z","Accesorii agricole","Furtunuri","509"
"DISLA70","Mufa rapida dreapta cupru 16mm","2026-06-24T02:05:48.478Z","Accesorii agricole","Furtunuri","540"
"DISVB64","Mufa rapida T cupru 4","2026-06-24T02:05:48.478Z","Accesorii agricole","Furtunuri","731"
"DISVB66","Mufa rapida T cupru 6","2026-06-24T02:05:48.478Z","Accesorii agricole","Furtunuri","1090"
"DISVB67","Mufa rapida T cupru 8","2026-06-24T02:05:48.478Z","Accesorii agricole","Furtunuri","1249"
"DISVB68","Mufa rapida T cupru 10","2026-06-24T02:05:48.478Z","Accesorii agricole","Furtunuri","1449"
"DISVB69","Mufa rapida T cupru 12","2026-06-24T02:05:48.478Z","Accesorii agricole","Furtunuri","1690"
"DISVB70","Mufa rapida T cupru 14","2026-06-24T02:05:48.478Z","Accesorii agricole","Furtunuri","1090"
"DISVB72","Mufa rapida - reductie M22*1.5-M6","2026-06-24T02:05:48.478Z","Accesorii agricole","Furtunuri","375"
"DISVB73","Mufa rapida - reductie M22*1.5-M8","2026-06-24T02:05:48.478Z","Accesorii agricole","Furtunuri","623"
"DISVB74","Mufa rapida - reductie M22*1.5-M10","2026-06-24T02:05:48.478Z","Accesorii agricole","Furtunuri","803"
"DISVB75","Mufa rapida dreapta metalica 12mm filet exterior M22","2026-06-24T02:05:48.478Z","Accesorii agricole","Furtunuri","1090"
"DISVA19","Mufa rapida cot plastic 6mm filet exterior alama 1/4","2026-06-24T02:05:48.478Z","Accesorii agricole","Furtunuri","174"
"DISVA21","Mufa rapida cot plastic 6mm filet exterior alama 1/2","2026-06-24T02:05:48.478Z","Accesorii agricole","Furtunuri","249"
"DISVA37","Mufa rapida cot plastic 10mm filet exterior alama 1/4","2026-06-24T02:05:48.478Z","Accesorii agricole","Furtunuri","209"
"DISVA38","Mufa rapida cot plastic 10mm filet exterior alama 1/8","2026-06-24T02:05:48.478Z","Accesorii agricole","Furtunuri","231"
"DISVA39","Mufa rapida cot plastic 10mm filet exterior alama 1/2","2026-06-24T02:05:48.478Z","Accesorii agricole","Furtunuri","298"
"DISVA42","Mufa rapida cot plastic 10mm filet exterior alama M12","2026-06-24T02:05:48.478Z","Accesorii agricole","Furtunuri","196"
"DISVB27","Mufa rapida cot plastic si surub metalic fi 8 cu M22","2026-06-24T02:05:48.478Z","Accesorii agricole","Furtunuri","577"
"DISLA46","Mufa rapida dreapta plastic 4mm","2026-06-24T02:05:48.478Z","Accesorii agricole","Furtunuri","45"
"DISBY45","Supapa adapatoare 1/2 BSP Breckner Germany","2026-06-24T02:05:48.478Z","Zootehnie","Adapatori animale","1249"
"DISVA44","Mufa rapida cot plastic 10mm filet exterior alama M16","2026-06-24T02:05:48.478Z","Accesorii agricole","Furtunuri","231"
"DISVA46","Mufa rapida cot plastic 12mm filet exterior alama 1/4","2026-06-24T02:05:48.479Z","Accesorii agricole","Furtunuri","203"
"DISVA47","Mufa rapida cot plastic si surub metalic fi 12 cu 1/8","2026-06-24T02:05:48.479Z","Accesorii agricole","Furtunuri","201"
"DISVA48","Mufa rapida cot plastic si surub metalic fi 12 cu 1/2","2026-06-24T02:05:48.479Z","Accesorii agricole","Furtunuri","299"
"DISVA51","Mufa rapida cot plastic si surub metalic fi 12 cu M12","2026-06-24T02:05:48.479Z","Accesorii agricole","Furtunuri","204"
"DISVA53","Mufa rapida cot plastic 12mm filet exterior alama M16","2026-06-24T02:05:48.479Z","Accesorii agricole","Furtunuri","280"
"DISVA57","Mufa rapida cot plastic si surub metalic fi 14 cu 1/2","2026-06-24T02:05:48.479Z","Accesorii agricole","Furtunuri","396"
"DISVA69","Mufa rapida T plastic si surub metalic fi 6x6 cu M12","2026-06-24T02:05:48.479Z","Accesorii agricole","Furtunuri","166"
"DISVA71","Mufa rapida T plastic si surub metalic fi 6x6 cu M16","2026-06-24T02:05:48.479Z","Accesorii agricole","Furtunuri","177"
"DISVA78","Mufa rapida T plastic amp surub metalic fi 8x8 cu M12","2026-06-24T02:05:48.479Z","Accesorii agricole","Furtunuri","127"
"DISVA82","Mufa rapida T plastic si surub metalic fi 10x10 cu 1/4","2026-06-24T02:05:48.479Z","Accesorii agricole","Furtunuri","260"
"DISVA89","Mufa rapida T plastic si surub metalic fi 10x10 cu M16","2026-06-24T02:05:48.479Z","Accesorii agricole","Furtunuri","183"
"DISVA91","Mufa rapida T plastic si surub metalic fi 12x12 cu 1/4","2026-06-24T02:05:48.479Z","Accesorii agricole","Furtunuri","284"
"DISVA92","Mufa rapida T plastic si surub metalic fi 12x12 cu 1/8","2026-06-24T02:05:48.479Z","Accesorii agricole","Furtunuri","215"
"DISVA98","Mufa rapida T plastic si surub metalic fi 12x12 cu M16","2026-06-24T02:05:48.479Z","Accesorii agricole","Furtunuri","215"
"DISVB49","Mufa rapida dreapta din metal si surub metalic fi 6 cu 1/4","2026-06-24T02:05:48.479Z","Accesorii agricole","Furtunuri","886"
"disva96","Mufa rapida T plastic si surub metalic fi 12x12 cu M12","2026-06-24T02:05:48.479Z","Accesorii agricole","Furtunuri","215"
"disva87","Mufa rapida T plastic si surub metalic fi 10x10 cu M12","2026-06-24T02:05:48.479Z","Accesorii agricole","Furtunuri","183"
"disva84","Mufa rapida T plastic si surub metalic fi 10x10 cu 1/2","2026-06-24T02:05:48.479Z","Accesorii agricole","Furtunuri","322"
"disva83","Mufa rapida T plastic si surub metalic fi 10x10 cu 1/8","2026-06-24T02:05:48.479Z","Accesorii agricole","Furtunuri","239"
"disva80","Mufa rapida T plastic si surub metalic fi 8x8 cu M16","2026-06-24T02:05:48.479Z","Accesorii agricole","Furtunuri","166"
"disva77","Mufa rapida T plastic si surub metalic fi 8x8 cu M8","2026-06-24T02:05:48.479Z","Accesorii agricole","Furtunuri","119"
"disva75","Mufa rapida T plastic si surub metalic fi 8x8 cu 1/2","2026-06-24T02:05:48.479Z","Accesorii agricole","Furtunuri","255"
"disva74","Mufa rapida T plastic si surub metalic fi 8x8 cu 1/8","2026-06-24T02:05:48.479Z","Accesorii agricole","Furtunuri","157"
"disva73","Mufa rapida T plastic si surub metalic fi 8x8 cu 1/4","2026-06-24T02:05:48.479Z","Accesorii agricole","Furtunuri","301"
"disva68","Mufa rapida T plastic si surub metalic fi 6x6 cu M8","2026-06-24T02:05:48.479Z","Accesorii agricole","Furtunuri","103"
"disva67","Mufa rapida T plastic si surub metalic fi 6x6 cu M6","2026-06-24T02:05:48.479Z","Accesorii agricole","Furtunuri","119"
"disva66","Mufa rapida T plastic si surub metalic fi 6x6 cu 1/2","2026-06-24T02:05:48.479Z","Accesorii agricole","Furtunuri","271"
"disva65","Mufa rapida T plastic si surub metalic fi 6x6 cu 1/8","2026-06-24T02:05:48.479Z","Accesorii agricole","Furtunuri","128"
"disva64","Mufa rapida T plastic si surub metalic fi 6x6 cu 1/4","2026-06-24T02:05:48.479Z","Accesorii agricole","Furtunuri","316"
"disva33","Mufa rapida cot plastic 8mm filet exterior alama M12","2026-06-24T02:05:48.479Z","Accesorii agricole","Furtunuri","189"
"disva32","Mufa rapida cot plastic 8mm filet exterior alama M8","2026-06-24T02:05:48.479Z","Accesorii agricole","Furtunuri","181"
"disva30","Mufa rapida cot plastic 8mm filet exterior alama 1/2","2026-06-24T02:05:48.479Z","Accesorii agricole","Furtunuri","295"
"DISVA29","Mufa rapida cot plastic 8mm filet exterior alama 1/8","2026-06-24T02:05:48.479Z","Accesorii agricole","Furtunuri","159"
"DISVA28","Mufa rapida cot plastic 8mm filet exterior alama 1/4","2026-06-24T02:05:48.479Z","Accesorii agricole","Furtunuri","166"
"disva26","Mufa rapida cot plastic 6mm filet exterior alama M16","2026-06-24T02:05:48.479Z","Accesorii agricole","Furtunuri","150"
"disva24","Mufa rapida cot plastic 6mm filet exterior alama M12","2026-06-24T02:05:48.479Z","Accesorii agricole","Furtunuri","181"
"disva23","Mufa rapida cot plastic 6mm filet exterior alama M8","2026-06-24T02:05:48.479Z","Accesorii agricole","Furtunuri","150"
"disva22","Mufa rapida cot plastic 6mm filet exterior alama M6","2026-06-24T02:05:48.479Z","Accesorii agricole","Furtunuri","135"
"DISVA20","Mufa rapida cot plastic 6mm filet exterior alama 1/8","2026-06-24T02:05:48.479Z","Accesorii agricole","Furtunuri","135"
"DISVB55","Furtun nylon fi 04 pentru instalatie strop-gel Dacia Logan,  30 metri","2026-06-24T02:05:48.479Z","Accesorii agricole","Furtunuri","2549"
"DISVB56","Furtun nylon 30m pentru apa si aer interior fi 6mm exterior fi 8mm pentru mufa rapida","2026-06-24T02:05:48.479Z","Accesorii agricole","Furtunuri","1690"
"DISVB57","Furtun 30m nylon pentru apa si aer interior fi 8mm exterior fi 10mm pentru mufa rapida","2026-06-24T02:05:48.479Z","Accesorii agricole","Furtunuri","2690"
"DISVB59","Furtun nylon pentru apa si aer interior fi 12mm exterior fi 14mm 30m pentru mufa rapida","2026-06-24T02:05:48.479Z","Accesorii agricole","Furtunuri","5290"
"BK87666","Set maner poarta cu arc si izolatori gard electric Breckner Germany","2026-06-24T02:05:48.479Z","Zootehnie","Gard electric","2249"
"BK87669","Maner poarta negru cu carlig si arc gard electric Breckner Germany","2026-06-24T02:05:48.480Z","Zootehnie","Gard electric","554"
"BK87670","Maner poarta negru cu carlig si arc gard electric Breckner Germany","2026-06-24T02:05:48.480Z","Zootehnie","Gard electric","651"
"BK87695","Set maner poarta cu arc si izolatori gard electric Breckner Germany","2026-06-24T02:05:48.481Z","Zootehnie","Gard electric","1790"
"DISBG27","Filtru ulei tractor Konig 45CP, 50CP, Jinma 80CP cod OEM JX85100CD","2026-06-24T02:05:48.481Z","Piese tractoare straine","Konig Traktoren","3049"
"DISBG28","Filtru ulei tractor Konig 45CP, 50CP. Jinma 80CP","2026-06-24T02:05:48.481Z","Piese tractoare straine","Konig Traktoren","2449"
"DISBG32","Filtru motorina tractor Konig 25CP, 45CP, 50CP, Jinma 70CP","2026-06-24T02:05:48.481Z","Piese tractoare straine","Konig Traktoren","444"
"DISBG33","Filtru motorina tractor Konig 25CP, 35CP, 45CP, 50CP Jinma 70CP","2026-06-24T02:05:48.481Z","Piese tractoare straine","Konig Traktoren","2390"
"BK87684","Tester tensiune gard electric Breckner Germany","2026-06-24T02:05:48.481Z","Zootehnie","Gard electric","11049"
"DISDP39","Coada lemn dreapta lopata 34x42x1500mm","2026-06-24T02:05:48.481Z","Casa si gradina","Gradinarit","1290"
"DISDP40","Coada lemn dreapta lopata 34x42x1500mm","2026-06-24T02:05:48.481Z","Casa si gradina","Gradinarit","1890"
"DISDP37","Coada lemn dreapta furca 34x42x1500mm","2026-06-24T02:05:48.481Z","Casa si gradina","Gradinarit","1649"
"DISAL71/80-100A","Colier furtun inox reglabil 80-100A","2026-06-24T02:05:48.482Z","Accesorii agricole","Chingi, cabluri si coliere","175"
"BK80332","Colier furtun inox reglabil 90-110A","2026-06-24T02:05:48.482Z","Accesorii agricole","Chingi, cabluri si coliere","193"
"BK84109","Tub polyamid fi 16mm rola 25m mufa rapida","2026-06-24T02:05:48.483Z","Accesorii agricole","Furtunuri","10690"
"BK84100","Tub aer poliamida negru 4x2.5mm 25m/rola","2026-06-24T02:05:48.483Z","Accesorii agricole","Furtunuri","2249"
"BK84101","Tub aer poliamida negru 6x4mm 25m/rola","2026-06-24T02:05:48.483Z","Accesorii agricole","Furtunuri","2949"
"BK84103","Tub aer poliamida negru 8x6mm 25m/rola","2026-06-24T02:05:48.483Z","Accesorii agricole","Furtunuri","3749"
"BK84105","Tub aer poliamida negru 10x7.5mm 25m/rola","2026-06-24T02:05:48.483Z","Accesorii agricole","Furtunuri","4849"
"BK84106","Tub aer poliamida negru 12x9mm 25m/rola","2026-06-24T02:05:48.483Z","Accesorii agricole","Furtunuri","5549"
"BK84107","Tub aer poliamida negru 14x10mm 25m/rola","2026-06-24T02:05:48.483Z","Accesorii agricole","Furtunuri","7090"
"BK84108","Tub polyamid fi 15mm rola 25m mufa rapida","2026-06-24T02:05:48.483Z","Accesorii agricole","Furtunuri","3190"
"DISVB16P","Mufa rapida dreapta din plastic/metal cu filet si O-ring fi6xM14","2026-06-24T02:05:48.483Z","Accesorii agricole","Furtunuri","145"
"BK99720","Fir rotund pentru motocoasa, 1.65 mm x 15 m Breckner Germany","2026-06-24T02:05:48.484Z","Utilaje mici","Motocositori","248"
"BK99725","Fir rotund pentru motocoasa, 2.4 mm x 15 m Breckner Germany","2026-06-24T02:05:48.484Z","Utilaje mici","Motocositori","396"
"BK99726","Fir rotund motocoasa 2.4mm x 90m cu intaritura Breckner Germany","2026-06-24T02:05:48.484Z","Utilaje mici","Motocositori","2449"
"BK99727","Fir rotund motocoasa 2.4mm x 360m cu intaritura Breckner Germany","2026-06-24T02:05:48.484Z","Utilaje mici","Motocositori","7949"
"BK87850","Pompa transfer motorina 12V Breckner Germany","2026-06-24T02:05:48.486Z","Accesorii agricole","Sisteme alimentare combustibil","3849"
"BK87851","Pompa transfer motorina 12V Breckner Germany","2026-06-24T02:05:48.486Z","Accesorii agricole","Sisteme alimentare combustibil","3049"
"BK80748","Cleste de crotaliat bovine si ovine compatibil cu majoritatea tipurilor de crotalii de pe piata","2026-06-24T02:05:48.490Z","Zootehnie","Marcare animale","3349"
"BK80749","Cleste de crotaliat bovine si ovine compatibil cu majoritatea tipurilor de crotalii de pe piata","2026-06-24T02:05:48.490Z","Zootehnie","Marcare animale","4190"
"BK87585","Tester tensiune gard electric","2026-06-24T02:05:48.490Z","Zootehnie","Gard electric","3990"
"BK87586","Tester tensiune gard electric","2026-06-24T02:05:48.490Z","Zootehnie","Gard electric","4449"
"BK87467","Bec cu LED E27 9W 220V din sticla Breckner Germany","2026-06-24T02:05:48.490Z","Casa si gradina","Iluminat","1849"
"BK90204","Suzeta pentru galeata alaptat vitei","2026-06-24T02:05:48.490Z","Zootehnie","Adapatori animale","452"
"BK90235","Manson lung cauciuc pentru aparat de muls vaci Breckner Germany","2026-06-24T02:05:48.492Z","Zootehnie","Mulgatoare","1749"
"BK90236","Manson lung cauciuc pentru aparat de muls vaci Breckner Germany","2026-06-24T02:05:48.492Z","Zootehnie","Mulgatoare","1749"
"BK90247","Garnitura colector 160cc pentru aparat de muls vaci Breckner Germany","2026-06-24T02:05:48.492Z","Zootehnie","Mulgatoare","623"
"BK90252","Grup de muls 160cc pentru aparat de muls vaci Breckner Germany","2026-06-24T02:05:48.492Z","Zootehnie","Mulgatoare","22849"
"BK87540","Izolator inelar PP medium pentru fir gard electric Breckner Germany","2026-06-24T02:05:48.492Z","Zootehnie","Gard electric","58"
"M87Z661","Izolator cu ancorare dubla 5.8mm 85x87mm gard electric Breckner Germany","2026-06-24T02:05:48.492Z","Zootehnie","Gard electric","230"
"M87Z663","Set maner poarta cu arc si izolatori gard electric Mezofarm","2026-06-24T02:05:48.492Z","Zootehnie","Gard electric","2190"
"M87Z666","Set maner poarta cu arc si izolatori gard electric Mezofarm","2026-06-24T02:05:48.492Z","Zootehnie","Gard electric","2449"
"BK90511","Opritor de lapte pentru aparat de muls vaci Breckner Germany","2026-06-24T02:05:48.492Z","Zootehnie","Mulgatoare","598"
"BK90507","Vizor manson pentru aparat de muls Breckner Germany","2026-06-24T02:05:48.493Z","Zootehnie","Mulgatoare","328"
"BK90560","Perie scurta pentru curatare aparat de muls vaci Breckner Germany","2026-06-24T02:05:48.497Z","Zootehnie","Mulgatoare","524"
"BK90561","Perie lunga pentru curatare aparat de muls vaci Breckner Germany","2026-06-24T02:05:48.497Z","Zootehnie","Mulgatoare","577"
"M87Z608","Sarma galvanizata pentru gard electric 1.6mm x 1000m Breckner Germany","2026-06-24T02:05:48.497Z","Zootehnie","Gard electric","19149"
"BK99740","Cap tambur universal motocoasa cu fir fi2.5mm si filet prindere M10 x P1.25LH Breckner Germany","2026-06-24T02:05:48.498Z","Utilaje mici","Motocositori","2249"
"BK99741","Cap tambur universal motocoasa cu fir fi2.5mm si filet prindere M10 x P1.25LH Breckner Germany","2026-06-24T02:05:48.498Z","Utilaje mici","Motocositori","2249"
"BK99742","Cap tambur universal motocoasa cu fir fi2.5mm si filet prindere M10 x P1.25LH Breckner Germany","2026-06-24T02:05:48.498Z","Utilaje mici","Motocositori","2790"
"BK99744","Demaror complet pentru motocoasa Breckner Germany","2026-06-24T02:05:48.498Z","Utilaje mici","Motocositori","1949"
"BK99745","Demaror complet pentru motocoasa Breckner Germany","2026-06-24T02:05:48.498Z","Utilaje mici","Motocositori","1190"
"BK99746","Demaror complet pentru motocoasa Breckner Germany","2026-06-24T02:05:48.498Z","Utilaje mici","Motocositori","1290"
"BK99747","Demaror complet pentru motocoasa Breckner Germany","2026-06-24T02:05:48.498Z","Utilaje mici","Motocositori","934"
"BK89517","Cleste sfic cu tais lateral 180mm profesional Coofix","2026-06-24T02:05:48.499Z","Casa si gradina","Scule si unelte","1690"
"DISSC64","Suruburi cap hexagon DIN 933-8.8 M24X70 10 buc","2026-06-24T02:05:48.500Z","Accesorii agricole","Suruburi","3790"
"DISSC65","Suruburi cap hexagon DIN 933-8.8 M24X70 10 buc","2026-06-24T02:05:48.500Z","Accesorii agricole","Suruburi","5349"
"DISSC66","Suruburi cap hexagon DIN 933-8.8 M24X70 10 buc","2026-06-24T02:05:48.500Z","Accesorii agricole","Suruburi","3690"
"BK80445","Inel nazal metalic pentru bovine, rumegatoare cu surub prindere Breckner Germany","2026-06-24T02:05:48.500Z","Zootehnie","Accesorii animale","1049"
"BK80446","Inel nazal metalic pentru bovine, rumegatoare cu surub prindere Breckner Germany","2026-06-24T02:05:48.500Z","Zootehnie","Accesorii animale","831"
"BK87518","Conector fir electric galvanizat cu suruburi pentru gard electric","2026-06-24T02:05:48.500Z","Zootehnie","Gard electric","1149"
"BK80440","Cleste crestare ureche tip U Breckner Germany","2026-06-24T02:05:48.500Z","Zootehnie","Accesorii animale","3090"
"BK87114","Kit complet gard electric 12/220V, 4.8 Joule lungime fir 1000m, 100 izolatori si placute avertizare Breckner Germany","2026-06-24T02:05:48.524Z","Zootehnie","Gard electric","49549"
"DISFW75","Secera profesionala din otel calit 45mm cu maner de lemn","2026-06-24T02:05:48.526Z","Casa si gradina","Gradinarit","3749"
"DISFW76","Secera profesionala din otel calit 45mm cu maner de lemn","2026-06-24T02:05:48.526Z","Casa si gradina","Gradinarit","644"
"DISFW81","Coasa profesionala fara coada 750mm","2026-06-24T02:05:48.526Z","Casa si gradina","Gradinarit","5090"
"DISFW82","Coasa profesionala fara coada 800mm","2026-06-24T02:05:48.526Z","Casa si gradina","Gradinarit","5090"
"BK87917","Masca de sudura automata cu cristale neagra Breckner Germany","2026-06-24T02:05:48.528Z","Accesorii agricole","Echipamente de sudura","5149"
"BK87918","Masca de sudura automata cu cristale neagra Breckner Germany","2026-06-24T02:05:48.528Z","Accesorii agricole","Echipamente de sudura","6149"
"BK69291R","Panou LED slim 60W, 220V, IP20, 6500K, 595x595x20mm pentru tavan casetat Breckner Germany","2026-06-24T02:05:48.528Z","Casa si gradina","Iluminat","14390"
"BK81215","Carlig cu inel siguranta sarcina maxima 3.15T Breckner Germany","2026-06-24T02:05:48.529Z","Accesorii agricole","Chingi, cabluri si coliere","2649"
"BK90413","Set cric suport capra auto greutate maxima 6T 2 buc","2026-06-24T02:05:48.529Z","Accesorii agricole","Cricuri","13349"
"BK90415","Presa hidraulica pentru lucrari de tinichigerie, sarcina maxima 10 Tone","2026-06-24T02:05:48.529Z","Accesorii agricole","Cricuri","58890"
"BK90382","Bara suport pentru motor tip traversa 1500mm Breckner Germany","2026-06-24T02:05:48.530Z","Accesorii agricole","Cricuri","23490"
"BK90383","Bara suport pentru motor tip traversa 1800mm Breckner Germany","2026-06-24T02:05:48.530Z","Accesorii agricole","Cricuri","27849"
"BK80204","Cutit cutter profesional cu maner anti-alunecare si functie blocare 165mm Breckner Germany","2026-06-24T02:05:48.530Z","Casa si gradina","Scule si unelte","396"
"BK80205","Cutit cutter rosu cu functie blocare lama 150mm Breckner Germany","2026-06-24T02:05:48.530Z","Casa si gradina","Scule si unelte","159"
"BK80206","Cutit cutter rosu cu functie blocare lama 150mm Breckner Germany","2026-06-24T02:05:48.530Z","Casa si gradina","Scule si unelte","73"
"BK92469","Suzeta din inox cu bila 80x21mm M20 pentru adapare porci si vitei","2026-06-24T02:05:48.530Z","Zootehnie","Adapatori animale","731"
"BK90271","Robinet tip fluture pentru aparat de muls vaci Breckner Germany","2026-06-24T02:05:48.531Z","Zootehnie","Mulgatoare","278"
"BK92867","Garnitura capac bidon 30L pentru aparat de muls vaci Breckner Germany","2026-06-24T02:05:48.531Z","Zootehnie","Mulgatoare","1249"
"BK92866","Garnitura capac bidon 40L pentru aparat de muls vaci Breckner Germany","2026-06-24T02:05:48.531Z","Zootehnie","Mulgatoare","1349"
"BK92884","Pulsator 50/50 pentru aparat de muls vaci Breckner Germany","2026-06-24T02:05:48.531Z","Zootehnie","Mulgatoare","5749"
"BK92890","Regulator presiune pentru rezervor vacuum aparat de muls vaci Breckner Germany","2026-06-24T02:05:48.531Z","Zootehnie","Mulgatoare","875"
"BK92893","Dop rezervor vacuum pentru aparat de muls vaci Breckner Germany","2026-06-24T02:05:48.531Z","Zootehnie","Mulgatoare","142"
"BK92895","Colector complet 160cc pentru aparat de muls vaci Breckner Germany","2026-06-24T02:05:48.531Z","Zootehnie","Mulgatoare","3290"
"DISFW66","Palan manual cu lant sarcina maxima 1000Kg lungime lant 3m si carlig cu siguranta","2026-06-24T02:05:48.531Z","Casa si gradina","Scule si unelte","18290"
"DISFW68","Palan manual cu lant sarcina maxima 1000Kg lungime lant 3m si carlig cu siguranta","2026-06-24T02:05:48.531Z","Casa si gradina","Scule si unelte","16949"
"BK89592","Pistol tub silicon 225mm Crownman","2026-06-24T02:05:48.532Z","Casa si gradina","Scule si unelte","1190"
"BK89593","Pistol tub silicon 225mm Crownman","2026-06-24T02:05:48.532Z","Casa si gradina","Scule si unelte","1190"
"BK44017","Mufa reductie rapida cotita din plastic pentru furtun fi 8mm si filet metalic M6","2026-06-24T02:05:48.532Z","Accesorii agricole","Furtunuri","71"
"BK92334","Furtun racire drept int. 57x1000mm silicon cu insertie textila Breckner Germany","2026-06-24T02:05:48.532Z","Accesorii agricole","Furtunuri","10049"
"BK92335","Furtun racire drept int. 57x1000mm silicon cu insertie textila Breckner Germany","2026-06-24T02:05:48.532Z","Accesorii agricole","Furtunuri","11049"
"DISCC05","Comutator 10A pentru aparat de muls vaci Breckner Germany","2026-06-24T02:05:48.533Z","Zootehnie","Mulgatoare","5049"
"DISCC10","Unitatea de evacuare pentru pompa vacuum aparat de muls vaci Breckner Germany","2026-06-24T02:05:48.533Z","Zootehnie","Mulgatoare","4390"
"DISCC12","Vacuumetru fi 63mm pentru aparat de muls vaci Breckner Germany","2026-06-24T02:05:48.533Z","Zootehnie","Mulgatoare","6649"
"BK87544","Izolator prindere cu filet, negru pentru stalp metalic gard electric Breckner Germany","2026-06-24T02:05:48.534Z","Zootehnie","Gard electric","105"
"DISCC24","Rola 50m furtun de vidat transparent simplu pentru aparat de muls vaci Breckner Germany","2026-06-24T02:05:48.534Z","Zootehnie","Mulgatoare","77849"
"DISCC50","Grup de muls 160cc pentru aparat de muls vaci Breckner Germany","2026-06-24T02:05:48.534Z","Zootehnie","Mulgatoare","22849"
"BK87758","Pompa transfer motorina 220V debit 40L/min. Breckner Germany","2026-06-24T02:05:48.534Z","Accesorii agricole","Sisteme alimentare combustibil","31749"
"DISEN06","Rola plasa gard H innodata, galvanizata 120cmx40m pentru ingradit","2026-06-24T02:05:48.534Z","Casa si gradina","Garduri si accesorii","21690"
"BK90160","Cuie tip scoaba 3,2x15x40mm pentru sarma ghimpata 1kg","2026-06-24T02:05:48.534Z","Casa si gradina","Garduri si accesorii","1849"
"BK90161","Rola sarma ghimpata zincata 100m, distanta intre ghimpi 14cm, pentru ingradit","2026-06-24T02:05:48.534Z","Casa si gradina","Garduri si accesorii","4649"
"DISEN09","Plasa gard L20m, H100cm, impletita, galvanizata cu ochi 19mm, pentru ingradit","2026-06-24T02:05:48.534Z","Casa si gradina","Garduri si accesorii","5290"
"BK90166","Plasa gard L20m, H120cm, impletita, galvanizata cu ochi 25mm, pentru ingradit","2026-06-24T02:05:48.534Z","Casa si gradina","Garduri si accesorii","6949"
"DISEN14","Plasa gard L20m, H120cm, impletita, galvanizata cu ochi 40mm, pentru ingradit","2026-06-24T02:05:48.534Z","Casa si gradina","Garduri si accesorii","10349"
"DISEN17","Plasa gard L20m, H120cm, impletita, galvanizata cu ochi 75mm, pentru ingradit","2026-06-24T02:05:48.534Z","Casa si gradina","Garduri si accesorii","12090"
"BK90164","Plasa gard L20m, H120cm, impletita, galvanizata cu ochi 19mm, pentru ingradit","2026-06-24T02:05:48.534Z","Casa si gradina","Garduri si accesorii","6149"
"DISEN11","Plasa gard L20m, H100cm, impletita, galvanizata cu ochi 25mm, pentru ingradit","2026-06-24T02:05:48.534Z","Casa si gradina","Garduri si accesorii","6649"
"BK90167","Plasa gard L20m, H150cm, impletita, galvanizata cu ochi 25mm, pentru ingradit","2026-06-24T02:05:48.534Z","Casa si gradina","Garduri si accesorii","8649"
"DISEN15","Plasa gard L20m, H150cm, impletita, galvanizata cu ochi 40mm, pentru ingradit","2026-06-24T02:05:48.534Z","Casa si gradina","Garduri si accesorii","12549"
"DISEN16","Plasa gard L20m, H100cm, impletita, galvanizata cu ochi 75mm, pentru ingradit","2026-06-24T02:05:48.534Z","Casa si gradina","Garduri si accesorii","11790"
"DISEN18","Plasa gard L20m, H150cm, impletita, galvanizata cu ochi 75mm, pentru ingradit","2026-06-24T02:05:48.534Z","Casa si gradina","Garduri si accesorii","15090"
"UTB101.31.151","Kit de reparatie cap tirant lateral cat. 2 pentru John Deere","2026-06-24T02:05:48.534Z","Piese tractoare straine","John Deere","5890"
"DISGH29","Adaptor alimentator 12V, 1.3A pentru pompa de stropit vermorel electric 12L, 16L, 18L, 20L","2026-06-24T02:05:48.535Z","Casa si gradina","Pompe de stropit","1590"
"BK92936","Dulap metalic fiset 1800x900x400mm cu 2 usi securizate, 4 polite, gri Breckner Germany","2026-06-24T02:05:48.535Z","Casa si gradina","Mobilier","55049"
"DISCT04","Cablu troliu ciochinar din otel 6x37 fi 16mm 4m cu 2 ochiuri","2026-06-24T02:05:48.535Z","Accesorii agricole","Chingi, cabluri si coliere","12690"
"DISCT05","Cablu troliu ciochinar din otel 6x37 fi 16mm 4m cu 2 ochiuri si carlig","2026-06-24T02:05:48.535Z","Accesorii agricole","Chingi, cabluri si coliere","15490"
"DISCT06","Cablu troliu ciochinar din otel 6x37 fi 16mm 1m cu 2 ochiuri","2026-06-24T02:05:48.535Z","Accesorii agricole","Chingi, cabluri si coliere","5890"
"DISCT07","Cablu/sufa troliu ciochinar din otel 6x37 fi 16mm lungime 6m cu 2 ochiuri","2026-06-24T02:05:48.535Z","Accesorii agricole","Chingi, cabluri si coliere","15590"
"DISCT23","Cablu troliu ciochinar din otel 6x37 fi 14mm 5m cu 2 ochiuri","2026-06-24T02:05:48.535Z","Accesorii agricole","Chingi, cabluri si coliere","9549"
"DISCT24","Cablu troliu ciochinar din otel 6x37 fi 14mm 6m cu 2 ochiuri","2026-06-24T02:05:48.535Z","Accesorii agricole","Chingi, cabluri si coliere","9549"
"BK92952","Raft metalic cu 5 polite MDF, 180x100x30cm, 250kg/polita, montaj fara suruburi, galvanizat","2026-06-24T02:05:48.535Z","Casa si gradina","Mobilier","15049"
"BK19666","Simering ax ridicare hidraulica 23x37.5x11mm pentru Case IH, New Holland, Fiat OEM 47129342","2026-06-24T02:05:48.535Z","Piese tractoare straine","Fiat","1049"
"BK85064","Furtun aer compresor L 20 m cu capete de legatura pentru umflat roti","2026-06-24T02:05:48.535Z","Accesorii agricole","Furtunuri","4549"
"BK92899","Plasa pasari curte 1.25x21m Breckner Germany","2026-06-24T02:05:48.536Z","Casa si gradina","Garduri si accesorii","18449"
"DISDD47","Set 9 imbusuri hexagonale cu brat scurt si varf sferic unghi desfacere 25 grade profesional Coofix","2026-06-24T02:05:48.537Z","Casa si gradina","Scule si unelte","2349"
"BK91096","Intinzator ancora cu lant UTB 445, Fiat 480, 450 tip nou 520-620mm cod OEM 5085190, 40.61.020","2026-06-24T02:05:48.537Z","Piese tractoare straine","Fiat","8990"
"BK81097","Chinga de ridicare 6mx125mm 5T","2026-06-24T02:05:48.538Z","Accesorii agricole","Chingi, cabluri si coliere","12049"
"BK92720","Pompa apa pentru Case IH cod OEM J286277, J802970, J286278 Breckner Germany","2026-06-24T02:05:48.539Z","Piese tractoare straine","Case","12490"
"BK69247","Lampa LED cu panou solar iluminat stradal 300W, 6500K, IP65 Breckner Germany","2026-06-24T02:05:48.539Z","Casa si gradina","Iluminat","20490"
"DISEU67","Mini polizor drept 4.2V 15000rpm cu baterie 600mAh JoustMax","2026-06-24T02:05:48.540Z","Casa si gradina","Scule si unelte","8490"
"DISEU68","Mini polizor drept 4.2V 15000rpm cu baterie 600mAh JoustMax","2026-06-24T02:05:48.540Z","Casa si gradina","Scule si unelte","7590"
"DISCT08","Cablu troliu ciochinar din otel 6x37 fi 14mm 1m cu 2 ochiuri","2026-06-24T02:05:48.540Z","Accesorii agricole","Chingi, cabluri si coliere","4149"
"DISHB57","Far cu semnalizare 12V pentru JCB cod OEM 700/38400 Breckner Germany","2026-06-24T02:05:48.541Z","Piese tractoare straine","JCB","5449"
"DISHB58","Far cu semnalizare 12V pentru JCB cod OEM 700/38400 Breckner Germany","2026-06-24T02:05:48.541Z","Piese tractoare straine","JCB","6849"
"BK77539","Set baterie manometru cu 2 cai pentru agent frigorific, AC R22 Breckner Germany","2026-06-24T02:05:48.541Z","Casa si gradina","Scule si unelte","24090"
"BK77540","Set baterie manometru cu 2 cai pentru agent frigorific, AC R22 Breckner Germany","2026-06-24T02:05:48.541Z","Casa si gradina","Scule si unelte","8249"
"BK77594","Tirant central universal cat 2-2, 670x890mm lagar 26mm Breckner Germany","2026-06-24T02:05:48.541Z","Accesorii agricole","Tiranti centrali","52390"
"BK77595","Tirant central universal cat 2-2, 670x890mm lagar 26mm Breckner Germany","2026-06-24T02:05:48.541Z","Accesorii agricole","Tiranti centrali","52390"
"BK77600","Tirant central universal cat 2-2, 670x890mm lagar 26mm Breckner Germany","2026-06-24T02:05:48.541Z","Accesorii agricole","Tiranti centrali","18349"
"BK77601","Tirant central universal cat 2-2, 670x890mm lagar 26mm Breckner Germany","2026-06-24T02:05:48.541Z","Accesorii agricole","Tiranti centrali","16290"
"DISHH77","Tirant central universal cat 3-3, 670x890mm lagar 32mm Breckner Germany","2026-06-24T02:05:48.541Z","Accesorii agricole","Tiranti centrali","21490"
"DISHH78","Tirant central universal cat 2-2, 720x940mm lagar 26mm Breckner Germany","2026-06-24T02:05:48.541Z","Accesorii agricole","Tiranti centrali","19549"
"BK77604","Tirant central universal cat 2-2, 720x940mm lagar 26mm Breckner Germany","2026-06-24T02:05:48.541Z","Accesorii agricole","Tiranti centrali","20249"
"DISHN85","Tirant central reglabil hidraulic, categoria 2-2, 700mm inchis, cursa 375mm","2026-06-24T02:05:48.541Z","Accesorii agricole","Tiranti centrali","50649"
"BK87783","Adapatoare plastic 5L 1.5kg cu plutitor si accesorii de prindere Breckner Germany","2026-06-24T02:05:48.541Z","Zootehnie","Adapatori animale","3790"
"DISFM94","Robinet regulator gaz pentru tun mecanic cu explozie speriat pasari","2026-06-24T02:05:48.541Z","Zootehnie","Tun pentru speriat pasari","7749"
"BK81339","Troliu electric cu telecomanda 12V, 1,6T (3000lbs) cablu otel 5x11m, solenoid 100A Breckner Germany","2026-06-24T02:05:48.541Z","Casa si gradina","Scule si unelte","51990"
"BK81340","Troliu electric cu telecomanda 12V, 1,6T (3000lbs) cablu otel 5x11m, solenoid 100A Breckner Germany","2026-06-24T02:05:48.541Z","Casa si gradina","Scule si unelte","52790"
"DISES49","Cablu sufa troliu ciochinar otel 12mm x 3m cu carlig 3T si ochi pentru tractare/ridicare","2026-06-24T02:05:48.542Z","Accesorii agricole","Chingi, cabluri si coliere","14690"
"DISES50","Cablu/sufa troliu din otel cu grosime 12mm si lungime 4m cu inele pentru tractat sau ridicat","2026-06-24T02:05:48.542Z","Accesorii agricole","Chingi, cabluri si coliere","4649"
"DISES51","Cablu/sufa troliu din otel cu grosime 12mm si lungime 4m, carlig si inel pentru tractat sau ridicat","2026-06-24T02:05:48.542Z","Accesorii agricole","Chingi, cabluri si coliere","4990"
"DISES52","Cablu sufa troliu ciochinar otel 14mm x 4m cu ochiuri pentru tractare/ridicare","2026-06-24T02:05:48.542Z","Accesorii agricole","Chingi, cabluri si coliere","12349"
"DISES53","Cablu sufa troliu ciochinar otel 14mm x 4m cu carlig 2T si ochi pentru tractare/ridicare","2026-06-24T02:05:48.542Z","Accesorii agricole","Chingi, cabluri si coliere","17049"
"DISES54","Cablu/sufa troliu din otel cu grosime de 14mm si lungime de 5m cu inele pentru tractat sau ridicat","2026-06-24T02:05:48.542Z","Accesorii agricole","Chingi, cabluri si coliere","12149"
"DISES55","Cablu/sufa troliu din otel cu grosime de 16mm si lungime de 1m cu inele pentru tractat sau ridicat","2026-06-24T02:05:48.542Z","Accesorii agricole","Chingi, cabluri si coliere","6290"
"DISES56","Cablu sufa troliu ciochinar otel 16mm x 4m cu ochiuri pentru tractare/ridicare","2026-06-24T02:05:48.542Z","Accesorii agricole","Chingi, cabluri si coliere","17049"
"DISES57","Cablu/sufa troliu din otel cu grosime de 16mm si grosime de 4m, carlig si inel pentru tractat sau ridicat","2026-06-24T02:05:48.542Z","Accesorii agricole","Chingi, cabluri si coliere","23249"
"DISES58","Cablu sufa troliu ciochinar otel 16mm x 6m cu ochiuri pentru tractare/ridicare","2026-06-24T02:05:48.542Z","Accesorii agricole","Chingi, cabluri si coliere","21490"
"DISES59","Cablu/sufa troliu din otel cu grosime de 18mm si lungime de 4m cu inele pentru tractat sau ridicat","2026-06-24T02:05:48.542Z","Accesorii agricole","Chingi, cabluri si coliere","21890"
"DISES60","Cablu/sufa troliu din otel cu grosime de 20mm si lungime de 4m cu inele pentru tractat sau ridicat","2026-06-24T02:05:48.542Z","Accesorii agricole","Chingi, cabluri si coliere","23949"
"DISES61","Cablu sufa troliu ciochinar otel 24mm x 4m cu ochiuri pentru tractare/ridicare","2026-06-24T02:05:48.542Z","Accesorii agricole","Chingi, cabluri si coliere","41949"
"DISES62","Cablu/sufa troliu din otel cu grosime de 28mm si lungime de 6m cu inele pentru tractat sau ridicat","2026-06-24T02:05:48.542Z","Accesorii agricole","Chingi, cabluri si coliere","59790"
"DISSP60","Intrerupator lumini cabina, usa universal cod OEM 85AG-13713-AC, 3K93122, 206020, NS41901","2026-06-24T02:05:48.542Z","Piese tractoare straine","Piese universale","212"
"BK77521","Trusa 242 piese: cleste taiat furtun polyamida, conectori, cuple rapide, mufe furtun aer comprimat Breckner Germany","2026-06-24T02:05:48.542Z","Accesorii agricole","Furtunuri","25890"
"BK77653","Mixer, malaxor electric cu amestecator 1400W pentru vopsea, mortar, adeziv Hoteche","2026-06-24T02:05:48.543Z","Casa si gradina","Scule si unelte","36490"
"DISMA68","Pompa transfer motorina 220V 550W Breckner Debit 60L/min. (Kit cu contor, furtun aspiratie 1,5M, furtun transfer 4M, Pistol)","2026-06-24T02:05:48.544Z","Accesorii agricole","Sisteme alimentare combustibil","80390"
"BK20000","Amortizor capota motor JCB L=340mm","2026-06-24T02:05:48.544Z","Piese tractoare straine","JCB","4090"
"DISHG51","Patina cala stabilizator pentru JCB cod OEM 331/20550 Breckner Germany","2026-06-24T02:05:48.545Z","Piese tractoare straine","JCB","1449"
"DISHG51A","Patina cala stabilizator pentru JCB cod OEM 331/20550 Breckner Germany","2026-06-24T02:05:48.545Z","Piese tractoare straine","JCB","1890"
"BK90873","Colier furtun metalic reglabil 3 inch. 57-76mm Breckner Germany","2026-06-24T02:05:48.545Z","Accesorii agricole","Chingi, cabluri si coliere","118"
"DISHR27","Pompa apa de suprafata 280W, 24V debit 1,5m3/h pentru panou solar fotovoltaic Breckner Germany","2026-06-24T02:05:48.546Z","Casa si gradina","Aparate si masini gradinarit","13690"
"DISHR26","Pompa apa de suprafata 180W, 12V debit 1,5m3/h pentru panou solar fotovoltaic Breckner Germany","2026-06-24T02:05:48.546Z","Casa si gradina","Aparate si masini gradinarit","12749"
"DISCC09","Pompa vacuum 80cc pentru aparat de muls vaci Breckner Germany","2026-06-24T02:05:48.546Z","Zootehnie","Mulgatoare","44590"
"DISCC22","Opritor de lapte pentru aparat de muls vaci Breckner Germany","2026-06-24T02:05:48.546Z","Zootehnie","Mulgatoare","423"
"DISCC45","Garnitura colector 160cc pentru aparat de muls vaci Breckner Germany","2026-06-24T02:05:48.546Z","Zootehnie","Mulgatoare","623"
"DISCC14","Capac transparent bidon 40L cu 3 iesiri pentru aparat de muls vaci Breckner Germany","2026-06-24T02:05:48.546Z","Zootehnie","Mulgatoare","3049"
"DISED20","Robinet plastic 1/2 x fi 16mm pentru aparat de muls Breckner Germany","2026-06-24T02:05:48.546Z","Zootehnie","Mulgatoare","473"
"DISDT49","Aparat de muls vaci 2 posturi bidon 40L inox cu butelie, vacuum rezervor Breckner Germany","2026-06-24T02:05:48.546Z","Zootehnie","Mulgatoare","291949"
"DISLD62","Aparat generator de impulsuri 14 Joule pentru gard electric 230V, 120Km Britmann","2026-06-24T02:05:48.547Z","Zootehnie","Gard electric","42490"
"BK99769","Fir patrat rasucit pentru motocoasa 3mmx15m Breckner Germany","2026-06-24T02:05:48.547Z","Utilaje mici","Motocositori","552"
"BK99770","Fir patrat rasucit pentru motocoasa 2.4mmx15m Breckner Germany","2026-06-24T02:05:48.547Z","Utilaje mici","Motocositori","399"
"BK99773","Cap motocoasa autocut profesional pentru defrisari Breckner Germany","2026-06-24T02:05:48.547Z","Utilaje mici","Motocositori","1049"
"BK99774","Cap motocoasa, autocut profesional pentru defrisari Breckner Germany","2026-06-24T02:05:48.547Z","Utilaje mici","Motocositori","1049"
"BK77851","Cleste castrare cu inel pentru bovine, ovine, porci Breckner Germany","2026-06-24T02:05:48.547Z","Zootehnie","Accesorii animale","2390"
"BK77852","Cleste castrare cu inel pentru bovine, ovine, porci Breckner Germany","2026-06-24T02:05:48.547Z","Zootehnie","Accesorii animale","4349"
"DISLF49","Perie tesala metalica spiralata pentru cai 230x105mm Breckner Germany","2026-06-24T02:05:48.547Z","Zootehnie","Mulgatoare","2990"
"BK77916","Cleste castrare cu inel pentru bovine, ovine, porci Breckner Germany","2026-06-24T02:05:48.547Z","Zootehnie","Accesorii animale","1690"
"BK77915","Cleste castrare cu inel pentru bovine, ovine, porci Breckner Germany","2026-06-24T02:05:48.547Z","Zootehnie","Accesorii animale","2490"
"BK77940","Dozator, seringa automata 30ml pentru administrare suspensii, solutii orale Breckner Germany","2026-06-24T02:05:48.547Z","Zootehnie","Mulgatoare","13890"
"BK77937","Set 2 renete stanga/dreapta pentru curatarea ongloanelor, copitelor Breckner Germany","2026-06-24T02:05:48.547Z","Zootehnie","Accesorii animale","2890"
"BK77936","Set 2 renete stanga/dreapta pentru curatarea ongloanelor, copitelor Breckner Germany","2026-06-24T02:05:48.547Z","Zootehnie","Accesorii animale","2890"
"BK77935","Set 2 renete stanga/dreapta pentru curatarea ongloanelor, copitelor Breckner Germany","2026-06-24T02:05:48.547Z","Zootehnie","Accesorii animale","2890"
"BK77934","Set 2 renete stanga/dreapta pentru curatarea ongloanelor, copitelor 210mm Breckner Germany","2026-06-24T02:05:48.547Z","Zootehnie","Accesorii animale","2890"
"BK77938","Set 2 renete stanga/dreapta pentru curatarea ongloanelor, copitelor 210mm Breckner Germany","2026-06-24T02:05:48.547Z","Zootehnie","Accesorii animale","2890"
"DISLC16","Foarfeca manuala de tuns oi 350mm Breckner Germany","2026-06-24T02:05:48.547Z","Zootehnie","Accesorii animale","1649"
"DISLC19","Reneta cu lama dubla si carlig pentru curatarea ongloanelor, copitelor 160mm Breckner Germany","2026-06-24T02:05:48.547Z","Zootehnie","Accesorii animale","1390"
"DISLC40","Cleste aplicator inele nazale din sarma pentru porci Breckner Germany","2026-06-24T02:05:48.547Z","Zootehnie","Accesorii animale","2590"
"DISLF44","Cleste universal pentru aplicat crotalii bovine, ovine Breckner Germany","2026-06-24T02:05:48.547Z","Zootehnie","Accesorii animale","4849"
"DISLF52","Reneta profesionala pentru curatarea ongloanelor si copitelor la cabaline Breckner Germany","2026-06-24T02:05:48.547Z","Zootehnie","Accesorii animale","2349"
"DISLF58","Dispozitiv extractie vitei, forceps Breckner Germany","2026-06-24T02:05:48.547Z","Zootehnie","Accesorii animale","42690"
"DISLF59","Dispozitiv extractie vitei, forceps Breckner Germany","2026-06-24T02:05:48.547Z","Zootehnie","Accesorii animale","41049"
"DISVR41","Cleste dublu articulat pentru ongloane (copite) Breckner Germany","2026-06-24T02:05:48.547Z","Zootehnie","Accesorii animale","13590"
"BK77999","Ventilator evacuare acoperis axial industrial 300mm, 2100m3/h, motor brushless cu panou solar 35W Breckner Germany","2026-06-24T02:05:48.548Z","Casa si gradina","Sisteme de ventilatie","64490"
"BK78000","Ventilator evacuare acoperis axial industrial 600mm, 12000m3/h, motor brushless cu panou solar 180W Breckner Germany","2026-06-24T02:05:48.548Z","Casa si gradina","Sisteme de ventilatie","125090"
"BK78048P","Cutie depozitare portocalie din plastic modulara, 12 sertare 158x266x170mm Breckner Germany","2026-06-24T02:05:48.548Z","Casa si gradina","Cutii depozitare","5890"
"BK78048R","Cutie depozitare portocalie din plastic modulara, 12 sertare 158x266x170mm Breckner Germany","2026-06-24T02:05:48.548Z","Casa si gradina","Cutii depozitare","5890"
"BK78001","Lanterna, lampa de lucru LED portabila cu baterie 6V 4Ah,USB, 100x95x200mm FELINAR","2026-06-24T02:05:48.548Z","Casa si gradina","Scule si unelte","3949"
"BK78002","Lanterna, lampa de lucru LED portabila cu baterie 6V 4Ah,USB, 100x95x200mm FELINAR","2026-06-24T02:05:48.548Z","Casa si gradina","Scule si unelte","4449"
"DISCT25","Cablu troliu ciochinar din otel 6x37 fi 14mm 4m cu 2 ochiuri si carlig 1.6T","2026-06-24T02:05:48.548Z","Accesorii agricole","Chingi, cabluri si coliere","12690"
"DISLD09","Pistol pentru suflat aer comprimat cu duza scurta/medie/lunga","2026-06-24T02:05:48.549Z","Casa si gradina","Scule si unelte","1849"
"DISLD10","Pistol pentru suflat aer comprimat cu duza scurta/medie/lunga","2026-06-24T02:05:48.549Z","Casa si gradina","Scule si unelte","1390"
"DISLD11","Pistol suflat aer cu furtun","2026-06-24T02:05:48.549Z","Casa si gradina","Scule si unelte","1890"
"DISLD12","Pistol suflat aer cu furtun","2026-06-24T02:05:48.549Z","Casa si gradina","Scule si unelte","1590"
"DISEW25","Coroana reductor pentru Ford, Fiat, New Holland cod OEM 5151439","2026-06-24T02:05:48.549Z","Piese tractoare straine","Ford","17749"
"DISGK39","Lift electric pentru materiale constructii inaltime max 6m, 265kg cu telecomanda","2026-06-24T02:05:48.549Z","Casa si gradina","Scule si unelte","728849"
"DISPB66","Dinte cupa central JCB 3CX cod OEM 53103205, 531/03205","2026-06-24T02:05:48.550Z","Piese tractoare straine","JCB","4949"
"DISGK57","Cilindru compactor 200kg cu tamburi 450mm si motor benzina HONDA GX160 5.5CP, pornire manuala","2026-06-24T02:05:48.551Z","Utilaje mici","Placi compactoare","943449"
"BK90173","Rola sarma ghimpata zincata 250m, distanta intre ghimpi 11-14cm, pentru ingradit","2026-06-24T02:05:48.551Z","Casa si gradina","Garduri si accesorii","7190"
"BK90165","Plasa gard L20m, H100cm, impletita, galvanizata cu ochi 25mm, pentru ingradit Breckner Germany","2026-06-24T02:05:48.551Z","Casa si gradina","Garduri si accesorii","6649"
"BK78204","Cleste pentru segmenti, inele piston 40-160mm Breckner Germany","2026-06-24T02:05:48.552Z","Casa si gradina","Scule si unelte","2290"
"BK78205","Cleste pentru segmenti, inele piston 40-160mm Breckner Germany","2026-06-24T02:05:48.552Z","Casa si gradina","Scule si unelte","2049"
"DISHV09","Intrerupator lumini pentru John Deere cod OEM AL155611","2026-06-24T02:05:48.552Z","Piese tractoare straine","John Deere","9390"
"DISHV12","Intrerupator lumini pentru John Deere cod OEM AL155611","2026-06-24T02:05:48.552Z","Piese tractoare straine","John Deere","6790"
"FOXAB80","Spray degripant (antirugina) 400 ml","2026-06-24T02:05:48.552Z","Accesorii agricole","Spray-uri si intretinere","659"
"DISKU15N","Scaun plastic pliabil negru 286X325X270 mm","2026-06-24T02:05:48.552Z","Casa si gradina","Scule si unelte","2690"
"DISLV31","Aspersor spray cu duza 10cm, D1/2, filet interior pentru sisteme irigatii, raza 5.2m","2026-06-24T02:05:48.553Z","Casa si gradina","Sisteme de irigare","1249"
"DISLV33","Aspersor spray cu duza 5cm, D1/2, filet interior pentru sisteme irigatii, raza 5.2m","2026-06-24T02:05:48.553Z","Casa si gradina","Sisteme de irigare","1390"
"DISAL71/10-16A","Colier furtun inox reglabil 10-16A","2026-06-24T02:05:48.553Z","Accesorii agricole","Chingi, cabluri si coliere","68"
"DISAL71/12-20A","Colier furtun inox reglabil 12-20A","2026-06-24T02:05:48.553Z","Accesorii agricole","Chingi, cabluri si coliere","71"
"DISAL71/16-27A","Colier furtun inox reglabil 16-27A","2026-06-24T02:05:48.553Z","Accesorii agricole","Chingi, cabluri si coliere","80"
"DISAL71/20-32A","Colier furtun inox reglabil 20-32A","2026-06-24T02:05:48.554Z","Accesorii agricole","Chingi, cabluri si coliere","97"
"DISAL71/60-80A","Colier furtun inox reglabil 60-80A","2026-06-24T02:05:48.554Z","Accesorii agricole","Chingi, cabluri si coliere","122"
"BK78354","Aparat de spalat cu presiune 7.5CP 18 Mpa cu furtun si pistol Breckner Germany","2026-06-24T02:05:48.554Z","Casa si gradina","Aparate de spalat cu presiune","99190"
"BK78386","Tub de picurare orb pentru irigatii D16 mm fara gauri 200m Breckner Germany","2026-06-24T02:05:48.554Z","Casa si gradina","Sisteme de irigare","11449"
"BK78356","Tub picurare apa, rola 200M 4L/H, D16mm. pas 30cm Breckner Germany","2026-06-24T02:05:48.554Z","Casa si gradina","Sisteme de irigare","12649"
"BK78355","Tub picurare apa, rola 100M 4L/h, D16mm pas 33cm Breckner Germany","2026-06-24T02:05:48.554Z","Casa si gradina","Sisteme de irigare","6449"
"DISMM31","Cort auto impermeabil pentru 2 persoane, prindere pe plafon cu plaforma si scara","2026-06-24T02:05:48.555Z","Casa si gradina","Corturi","378790"
"DISLT70","Coada din lemn lacuita 120cm pentru unelte gradina","2026-06-24T02:05:48.555Z","Casa si gradina","Gradinarit","1049"
"BK78365","Conector, mufa imbinare banda picurare D17x17mm pentru sisteme de irigatii Breckner Germany","2026-06-24T02:05:48.555Z","Casa si gradina","Sisteme de irigare","51"
"DISLX17","Sac plasa cu maner 600x400mm tip Raschel pentru legume 20Kg portocaliu","2026-06-24T02:05:48.555Z","Casa si gradina","Saci","36"
"DISLX18","Sac plasa cu maner 330x500mm tip Raschel pentru legume 10Kg portocaliu","2026-06-24T02:05:48.555Z","Casa si gradina","Saci","28"
"DISLX19","Sac plasa 500x800mm tip Raschel pentru legume 40Kg verde inchis","2026-06-24T02:05:48.555Z","Casa si gradina","Saci","53"
"DISLX21","Sac plasa cu maner 600x400mm tip Raschel pentru legume 20Kg rosu","2026-06-24T02:05:48.555Z","Casa si gradina","Saci","36"
"DISLX22","Sac plasa 500x800mm tip Raschel pentru legume 40Kg galben","2026-06-24T02:05:48.555Z","Casa si gradina","Saci","52"
"BK78360","Banda picurare apa, rola 3000M 2L/H, D16mm. pas 10cm Breckner Germany","2026-06-24T02:05:48.555Z","Casa si gradina","Sisteme de irigare","53690"
"BK88785","Conector mufa imbinare banda picurare 17x17mm pentru sisteme de irigatii Breckner Germany","2026-06-24T02:05:48.555Z","Casa si gradina","Sisteme de irigare","30"
"BK88744","Ciuperca picurare debit 4 L/h pentru tub de picurare cu compensator Breckner Germany","2026-06-24T02:05:48.555Z","Casa si gradina","Sisteme de irigare","27"
"BK88745","Ciuperca picurare debit 8L/H pentru tub de picurare cu compensator Breckner Germany","2026-06-24T02:05:48.555Z","Casa si gradina","Sisteme de irigare","23"
"DISKZ74","Stabilizator tirant lateral pentru Massey Ferguson cod OEM S.17959","2026-06-24T02:05:48.556Z","Piese tractoare straine","Massey Ferguson","5749"
"DISKR75","Gratie metalica Hanneman 510x420mm","2026-06-24T02:05:48.556Z","Zootehnie","Unelte apicole","2890"
"DISKR81","Afumator albine din inox cu cilindru scut termic si burduf din piele 190mm","2026-06-24T02:05:48.556Z","Zootehnie","Unelte apicole","4049"
"DISKR83","Afumator albine din inox cu cilindru scut termic si burduf din piele 190mm","2026-06-24T02:05:48.556Z","Zootehnie","Unelte apicole","3749"
"Ceara.2","Faguri artificiali 410x260mm","2026-06-24T02:05:48.556Z","Zootehnie","Unelte apicole","12349"
"Ceara.1","Faguri artificiali 410x130mm","2026-06-24T02:05:48.556Z","Zootehnie","Unelte apicole","17990"
"DISKR82","Afumator albine din otel inox cu cilindru scut termic si burduf din piele 160mm","2026-06-24T02:05:48.556Z","Zootehnie","Unelte apicole","3590"
"DISKR93R","Furculita apicola pentru descapacit cu dinti indoiti din inox cu maner plastic 210mm","2026-06-24T02:05:48.556Z","Zootehnie","Unelte apicole","685"
"DISKR93Y","Furculita apicola pentru descapacit cu dinti indoiti din inox cu maner plastic 210mm","2026-06-24T02:05:48.556Z","Zootehnie","Unelte apicole","680"
"DISKU74","Cilindru servodirectie pentru Case IH, FIAT, New Holland cod OEM 5134221, 5144124, 5144126, 5143970, 5156718","2026-06-24T02:05:48.556Z","Piese tractoare straine","Fiat","19790"
"DISKU75","Cilindru servodirectie pentru Case IH, FIAT, New Holland cod OEM 5134221, 5144124, 5144126, 5143970, 5156718","2026-06-24T02:05:48.556Z","Piese tractoare straine","Fiat","22690"
"BK78528","Cap tambur universal pentru motocoasa cu filet prindere M10 x P1.25LH Breckner Germany","2026-06-24T02:05:48.556Z","Utilaje mici","Motocositori","2390"
"BK78529","Cap tambur universal pentru motocoasa cu filet prindere M10 x P1.25LH Breckner Germany","2026-06-24T02:05:48.556Z","Utilaje mici","Motocositori","2149"
"BK78530","Cap tambur universal pentru motocoasa cu filet prindere M10 x P1.25LH Breckner Germany","2026-06-24T02:05:48.556Z","Utilaje mici","Motocositori","3049"
"BK78533","Fir rotund cu insertie metalica pentru motocoasa 2.7mm x 10m Breckner Germany","2026-06-24T02:05:48.556Z","Utilaje mici","Motocositori","754"
"BK78537","Fir rotund pentru motocoasa 2.4mmx15m Breckner Germany","2026-06-24T02:05:48.556Z","Utilaje mici","Motocositori","367"
"BK88741","Banda picurare apa, rola 1000M 1.38L/H, D16mm. pas 10cm Breckner Germany","2026-06-24T02:05:48.556Z","Casa si gradina","Sisteme de irigare","17290"
"DISKS33","Centrifuga manuala apicola, extractor miere din inox cu 4 rame","2026-06-24T02:05:48.556Z","Zootehnie","Unelte apicole","124349"
"DISKS34","Centrifuga manuala apicola, extractor miere din inox cu 4 rame","2026-06-24T02:05:48.556Z","Zootehnie","Unelte apicole","71990"
"BK80474","Maner stupi albine 104x80mm","2026-06-24T02:05:48.556Z","Zootehnie","Unelte apicole","509"
"DISKS58","Furculita descapacit, decapsulare miere din inox cu maner din lemn","2026-06-24T02:05:48.556Z","Zootehnie","Unelte apicole","1849"
"DISKS59","Furculita descapacit, decapsulare miere din inox cu maner din lemn","2026-06-24T02:05:48.557Z","Zootehnie","Unelte apicole","1749"
"DISKS74","Cilindru pentru marcare matca","2026-06-24T02:05:48.557Z","Zootehnie","Unelte apicole","482"
"DISLU17","Balama poarta 150mm","2026-06-24T02:05:48.557Z","Casa si gradina","Feronerie","891"
"DISLU18","Balama poarta 200mm","2026-06-24T02:05:48.557Z","Casa si gradina","Feronerie","1149"
"BK80475","Furculita apicola pentru descapacit din inox cu maner plastic 190mm","2026-06-24T02:05:48.557Z","Zootehnie","Unelte apicole","1049"
"DISKS68","Ondulator sarma 210mm","2026-06-24T02:05:48.557Z","Zootehnie","Unelte apicole","2190"
"BK19774","Set 2 balamale mobilier tip fluture 100x70mm, otel zincat auriu, suruburi incluse","2026-06-24T02:05:48.557Z","Casa si gradina","Feronerie","308"
"DISKS87","Masca protectie apicola","2026-06-24T02:05:48.557Z","Zootehnie","Unelte apicole","1190"
"BK69963","Lampa LED cu panou solar 1.8W/5.5V, baterie 2000mAh, senzor de miscare si telecomanda IP65 Breckner Germany","2026-06-24T02:05:48.557Z","Casa si gradina","Iluminat","5690"
"BK78042B","Cantar electronic digital de mana portabil 50Kg Breckner Germany","2026-06-24T02:05:48.557Z","Casa si gradina","Scule si unelte","946"
"DISMU44","Robinet tub picurare egal D16x16mm, PN4, pentru sisteme de irigatii","2026-06-24T02:05:48.557Z","Casa si gradina","Sisteme de irigare","85"
"DISMW80","Robinet tub picurare egal 16x16mm PN4 pentru sisteme de irigatii","2026-06-24T02:05:48.557Z","Casa si gradina","Sisteme de irigare","228"
"DISKL42","Racord 45 grade fixare suzeta adapare","2026-06-24T02:05:48.558Z","Zootehnie","Adapatori animale","1590"
"DISLZ17","Trusa scule si unelte combinate 8 piese","2026-06-24T02:05:48.558Z","Casa si gradina","Scule si unelte","2349"
"DISLZ18","Trusa scule si unelte combinate 8 piese","2026-06-24T02:05:48.558Z","Casa si gradina","Scule si unelte","4290"
"DISLZ22","Trusa scule si unelte combinate 37 piese","2026-06-24T02:05:48.558Z","Casa si gradina","Scule si unelte","6190"
"DISLZ23","Trusa scule si unelte combinate 37 piese","2026-06-24T02:05:48.558Z","Casa si gradina","Scule si unelte","11690"
"DISLZ35","Trusa scule si unelte combinate 12 piese","2026-06-24T02:05:48.558Z","Casa si gradina","Scule si unelte","2090"
"BK78704","Recipient ulei uzat portabil 10L Breckner Germany","2026-06-24T02:05:48.559Z","Casa si gradina","Scule si unelte","3990"
"BK78726","Presa cu clichet pentru etrier frana universala Breckner Germany","2026-06-24T02:05:48.559Z","Casa si gradina","Scule si unelte","4390"
"BK78727","Presa cu clichet pentru etrier frana universala Breckner Germany","2026-06-24T02:05:48.559Z","Casa si gradina","Scule si unelte","3649"
"BK78042G","Cantar electronic digital de mana portabil 50 Kg Breckner Germany","2026-06-24T02:05:48.560Z","Casa si gradina","Scule si unelte","985"
"BK78042R","Cantar electronic digital de mana portabil 50 Kg Breckner Germany","2026-06-24T02:05:48.560Z","Casa si gradina","Scule si unelte","985"
"DISKV17","Cric profesional tip crocodil extra lung cu sarcina 3T 130-630mm Floor Jack","2026-06-24T02:05:48.560Z","Accesorii agricole","Cricuri","124449"
"DISMC24","Trusa reparat filete M5, M6, M8, M10, M12 131 piese Breckner Germany","2026-06-24T02:05:48.560Z","Casa si gradina","Scule si unelte","13649"
"DISMC11","Presa hidraulica pentru lucrari de tinichigerie, sarcina maxima 10 Tone","2026-06-24T02:05:48.560Z","Accesorii agricole","Cricuri","95790"
"DISMC13","Recuperator de ulei 80L","2026-06-24T02:05:48.560Z","Casa si gradina","Scule si unelte","44949"
"DISMS74","Levier dulgher 600x17mm","2026-06-24T02:05:48.560Z","Casa si gradina","Scule si unelte","1449"
"DISMS34","Filtru aer si ungator cu regulator de presiune max. 1 MPa, racord 1/4","2026-06-24T02:05:48.560Z","Casa si gradina","Scule si unelte","5549"
"DISMS35","Filtru aer si ungator cu regulator de presiune maxim 1 MPa, racord 1/2 inch","2026-06-24T02:05:48.560Z","Casa si gradina","Scule si unelte","5790"
"DISMS37","Filtru aer si ungator cu regulator de presiune max. 1 MPa, racord 1/4","2026-06-24T02:05:48.560Z","Casa si gradina","Scule si unelte","4190"
"DISMS39","Filtru aer si ungator cu regulator de presiune max. 1 MPa, racord 1/2","2026-06-24T02:05:48.560Z","Casa si gradina","Scule si unelte","10749"
"BK90162","Plasa gard H innodata, galvanizata 120cm x40m pentru ingradit Breckner Germany","2026-06-24T02:05:48.560Z","Casa si gradina","Garduri si accesorii","32349"
"BK90169","Plasa gard L20m, H150cm, impletita, galvanizata cu ochi 40mm, pentru ingradit Breckner Germany","2026-06-24T02:05:48.560Z","Casa si gradina","Garduri si accesorii","12549"
"DISKV53","Maner din plastic pentru pila ascutit lant de drujba Breckner Germany","2026-06-24T02:05:48.560Z","Utilaje mici","Drujbe","271"
"DISKV54","Maner din plastic pentru pila ascutit lant de drujba Breckner Germany","2026-06-24T02:05:48.560Z","Utilaje mici","Drujbe","225"
"DISKV56","Maner din lemn pentru pila ascutit lant de drujba Breckner Germany","2026-06-24T02:05:48.560Z","Utilaje mici","Drujbe","172"
"DISKV57","Maner din lemn pentru pila ascutit lant de drujba Breckner Germany","2026-06-24T02:05:48.560Z","Utilaje mici","Drujbe","261"
"DISKV58","Maner din plastic pentru pila ascutit lant de drujba Breckner Germany","2026-06-24T02:05:48.560Z","Utilaje mici","Drujbe","305"
"DISKV64","Masina ascutit lant drujba 85W, 12V, disc 108x22x3.2mm, turatie 5000rpm","2026-06-24T02:05:48.560Z","Utilaje mici","Drujbe","17290"
"DISKV65","Masina ascutit lant drujba 85W, 220V, disc 108x22x3.2mm, turatie 5000rpm","2026-06-24T02:05:48.560Z","Utilaje mici","Drujbe","18949"
"DISKV70","Set 5 pile abrazive pentru dispozitiv ascutit lant drujba 5/32 (4.0mm)","2026-06-24T02:05:48.561Z","Utilaje mici","Drujbe","4790"
"DISKV71","Set 5 pile abrazive pentru dispozitiv ascutit lant drujba 3/16 (4.8mm)","2026-06-24T02:05:48.561Z","Utilaje mici","Drujbe","4790"
"DISKV72","Set 5 pile abrazive pentru dispozitiv ascutit lant drujba 7/32 (5.5mm)","2026-06-24T02:05:48.561Z","Utilaje mici","Drujbe","3949"
"DISEH40","Manson silicon grup aparat muls vaci DISGM16, DISGM17 Breckner Germany","2026-06-24T02:05:48.561Z","Zootehnie","Mulgatoare","1849"
"DISHC54","Manson silicon grup aparat muls vaci DISGM18 Breckner Germany","2026-06-24T02:05:48.561Z","Zootehnie","Mulgatoare","2149"
"DISMZ70","Foarfeca electrica de gradina cu 2 acumulatori 16.8V, 2Ah Li-ion, 850W, diametru taiere 0-28mm","2026-06-24T02:05:48.561Z","Casa si gradina","Gradinarit","36149"
"DISMT11","Maceta din otel 610mm cu maner de lemn","2026-06-24T02:05:48.561Z","Casa si gradina","Scule si unelte","1049"
"DISMT12","Maceta din otel 610mm cu maner de lemn","2026-06-24T02:05:48.561Z","Casa si gradina","Scule si unelte","984"
"DISKV30","Pila pentru ascutit lant drujba fi 4.8mm 3/16","2026-06-24T02:05:48.561Z","Utilaje mici","Drujbe","701"
"BK98419","Set 3 pile rotunde ascutit lant drujba 5x200mm 13/64 inch","2026-06-24T02:05:48.561Z","Utilaje mici","Drujbe","701"
"DISKV52","Maner din plastic pentru pila ascutit lant de drujba","2026-06-24T02:05:48.561Z","Utilaje mici","Drujbe","237"
"DISKV55","Maner din plastic pentru pila ascutit lant de drujba","2026-06-24T02:05:48.561Z","Utilaje mici","Drujbe","237"
"DISKV78","Disc ascutire lant drujba 108x22x4.8mm","2026-06-24T02:05:48.561Z","Utilaje mici","Drujbe","754"
"DISKV50","Cheie pentru bujie drujba 17x19x160mmmm cu surubelnita dreapta inclusa","2026-06-24T02:05:48.561Z","Utilaje mici","Drujbe","453"
"DISKV85","Dispozitiv pentru masina nituit lant drujba","2026-06-24T02:05:48.561Z","Utilaje mici","Drujbe","1249"
"DISKV86","Dispozitiv pentru masina nituit lant drujba","2026-06-24T02:05:48.561Z","Utilaje mici","Drujbe","1249"
"BK80365","Faseta colier plastic alb 2.5x100mm 100 buc/set Breckner Germany","2026-06-24T02:05:48.561Z","Accesorii agricole","Chingi, cabluri si coliere","124"
"BK80366","Faseta colier plastic alb 3.6x150mm 100 buc/set Breckner Germany","2026-06-24T02:05:48.561Z","Accesorii agricole","Chingi, cabluri si coliere","272"
"DISMT60","Faseta colier plastic negru 3.6x200mm 100 buc/set Longroad","2026-06-24T02:05:48.561Z","Accesorii agricole","Chingi, cabluri si coliere","319"
"DISMK84","Baterie electrica instant incalzire apa calda cu afisaj digital 3000W, 220V, 35-55 grade IPX4","2026-06-24T02:05:48.561Z","Casa si gradina","Instalatii sanitare","6790"
"DISMK85","Baterie electrica instant incalzire apa calda cu indicator LED 3000W, 220V, 35-55 grade IPX4","2026-06-24T02:05:48.561Z","Casa si gradina","Instalatii sanitare","6590"
"DISMK86","Baterie electrica instant incalzire apa calda cu afisaj digital 3000W, 220V, 35-55 grade IPX4","2026-06-24T02:05:48.561Z","Casa si gradina","Instalatii sanitare","7249"
"DISMM92","Dulap carucior pentru scule metalic cu 7 sertare 995x680x458mm","2026-06-24T02:05:48.561Z","Casa si gradina","Scule si unelte","158749"
"DISMM93","Dulap carucior pentru scule metalic cu 7 sertare 995x680x458mm","2026-06-24T02:05:48.561Z","Casa si gradina","Scule si unelte","153049"
"BK79079","Banda LED inteligenta 2W/m 5V cu telecomanda, control muzical, bluetooth, aplicatie USB, 10m RGB+IC IP68 Breckner Germany","2026-06-24T02:05:48.562Z","Casa si gradina","Iluminat","7149"
"BK79080","Banda LED inteligenta 2W/m 5V cu telecomanda, control muzical, bluetooth, aplicatie USB, 10m RGB+IC IP68 Breckner Germany","2026-06-24T02:05:48.562Z","Casa si gradina","Iluminat","6149"
"BK79097","Banda LED cu panou solar 5V, 10m, telecomanda RGB+IC IP65 Breckner Germany","2026-06-24T02:05:48.562Z","Casa si gradina","Iluminat","4549"
"DISHX79","Ciuperca picurare PC cu compensator 4l/h pentru tub, furtun de irigare","2026-06-24T02:05:48.563Z","Casa si gradina","Sisteme de irigare","44"
"DISHX80","Ciuperca picurare PC cu compensator 8l/h pentru tub, furtun de irigare","2026-06-24T02:05:48.563Z","Casa si gradina","Sisteme de irigare","42"
"BK79476","Senzor pozitie ridicare/coborare tiranti John Deere cod OEM AT333680, RE261354, RE56165, RE24467","2026-06-24T02:05:48.564Z","Piese tractoare straine","John Deere","12890"
"BK78042O","Cantar electronic digital de mana portabil 50Kg Breckner Germany","2026-06-24T02:05:48.564Z","Casa si gradina","Scule si unelte","887"
"BK79638","Aplica LED liniara 40W, 220V, 1200x62x25mm IP20 Breckner Germany","2026-06-24T02:05:48.564Z","Casa si gradina","Iluminat","1790"
"BK79621","Bec LED 9W, 220V, E27 lumina rece 6500K Breckner Germany","2026-06-24T02:05:48.564Z","Casa si gradina","Iluminat","307"
"BK79622","Bec LED 15W, 220V, E27 lumina rece 6500K Breckner Germany","2026-06-24T02:05:48.564Z","Casa si gradina","Iluminat","558"
"BK79623","Bec LED 9W, 220V, E27 lumina rece 6500K Breckner Germany","2026-06-24T02:05:48.564Z","Casa si gradina","Iluminat","322"
"BK79624","Bec LED 15W, 220V, E27 lumina rece 6500K Breckner Germany","2026-06-24T02:05:48.564Z","Casa si gradina","Iluminat","543"
"BK79639","Aplica LED liniara 60W, 220V, 1200x75x25mm IP20 Breckner Germany","2026-06-24T02:05:48.564Z","Casa si gradina","Iluminat","2049"
"BK79642","Aplica LED liniara 40W, 220V, 1200x62x25mm IP20 Breckner Germany","2026-06-24T02:05:48.564Z","Casa si gradina","Iluminat","1990"
"BK79643","Aplica LED liniara 60W, 220V, 1200x75x25mm IP20 Breckner Germany","2026-06-24T02:05:48.564Z","Casa si gradina","Iluminat","2449"
"BK79636","Aplica LED liniara 20W, 220V, 600x62x25mm IP20 Breckner Germany","2026-06-24T02:05:48.564Z","Casa si gradina","Iluminat","1149"
"BK79640","Aplica LED liniara 20W, 220V, 600x62x25mm IP20 Breckner Germany","2026-06-24T02:05:48.564Z","Casa si gradina","Iluminat","1290"
"BK79641","Aplica LED liniara 30W, 220V, 600x75x25mm IP20 Breckner Germany","2026-06-24T02:05:48.564Z","Casa si gradina","Iluminat","1790"
"BK88768","Ciuperca picurare PC cu compensator 2l/h pentru tub, furtun de irigare","2026-06-24T02:05:48.564Z","Casa si gradina","Sisteme de irigare","33"
"DISMK97","Lacat cu 3 chei auriu 38mm","2026-06-24T02:05:48.565Z","Casa si gradina","Scule si unelte","381"
"DISGP91","Pompa hidraulica sens pe dreapta, debit 27cm3 pentru John Deere OEM AL156335","2026-06-24T02:05:48.565Z","Piese tractoare straine","John Deere","49490"
"DISFV92Q","Carlig de ridicare/tragere cu siguranta 2T","2026-06-24T02:05:48.565Z","Accesorii agricole","Chingi, cabluri si coliere","1090"
"DISMW33","Trusa verificare si incarcare instalatii aer conditionat auto R22, R32, R134a, R410a","2026-06-24T02:05:48.565Z","Casa si gradina","Scule si unelte","29349"
"DISMW34","Trusa verificare si incarcare instalatii aer conditionat auto, freon R22, R32, R134a, R410a","2026-06-24T02:05:48.565Z","Casa si gradina","Scule si unelte","31490"
"DISMW35","Trusa verificare si incarcare instalatii aer conditionat auto, freon R22, R32, R134a, R410a","2026-06-24T02:05:48.565Z","Casa si gradina","Scule si unelte","25790"
"DISMW25","Set cuple rapide pentru instalatie aer conditionat R134a","2026-06-24T02:05:48.565Z","Casa si gradina","Scule si unelte","8290"
"DISMW26","Set cuple rapide pentru instalatie aer conditionat R134a","2026-06-24T02:05:48.565Z","Casa si gradina","Scule si unelte","4449"
"DISMW27","Set cuple rapide pentru instalatie aer conditionat R134a","2026-06-24T02:05:48.565Z","Casa si gradina","Scule si unelte","2949"
"DISMW28","Set cuple rapide pentru instalatie aer conditionat R134a","2026-06-24T02:05:48.565Z","Casa si gradina","Scule si unelte","2790"
"DISMW46","Foarfeca taiat tevi PVC cu diametru 16-32mm","2026-06-24T02:05:48.565Z","Casa si gradina","Scule si unelte","1049"
"DISMW47","Foarfeca taiat tevi PVC cu diametru 16-32mm","2026-06-24T02:05:48.565Z","Casa si gradina","Scule si unelte","1390"
"DISGS22","Pompa alimentare pentru Massey Ferguson, Perkins, Landini cod OEM 7971040, 7971233, 994094, 25061529, 25066378, 2641309, 2641310, 2641311, 2641317, 2641A063, 886062M1, 3637307M91, 4222111M91, 886062M91","2026-06-24T02:05:48.565Z","Piese tractoare straine","Massey Ferguson","6190"
"BK87797","Adapatoare anti-inghet cu bila pentru vaci 50L 58x61x45cm Breckner Germany","2026-06-24T02:05:48.566Z","Zootehnie","Adapatori animale","127690"
"BK87798","Adapatoare anti-inghet cu bila pentru vaci 80L 60x100x45cm Breckner Germany","2026-06-24T02:05:48.566Z","Zootehnie","Adapatori animale","191990"
"DISFP91","Extractor rulmenti cu 2 brate 4/100mm","2026-06-24T02:05:48.566Z","Casa si gradina","Scule si unelte","1990"
"DISFP92","Extractor rulmenti cu 2 brate 6/150mm","2026-06-24T02:05:48.566Z","Casa si gradina","Scule si unelte","3049"
"DISFP93","Extractor rulmenti cu 2 brate 8/200mm","2026-06-24T02:05:48.566Z","Casa si gradina","Scule si unelte","5490"
"DISFP95","Extractor rulmenti cu 3 brate 4/100mm","2026-06-24T02:05:48.566Z","Casa si gradina","Scule si unelte","2090"
"BK79565","Banda delimitare si semnalizare rosu/alb 75mmx50m","2026-06-24T02:05:48.566Z","Casa si gradina","Benzi adezive","448"
"BK80597","Extractor rulmenti cu 3 brate 12/300mm","2026-06-24T02:05:48.567Z","Casa si gradina","Scule si unelte","8390"
"DISRC07","Garnitura evacuare Massey Ferguson, Landini cod OEM 36862143","2026-06-24T02:05:48.567Z","Piese tractoare straine","Massey Ferguson","151"
"DISRC08","Garnitura evacuare Massey Ferguson, Landini cod OEM 36862143","2026-06-24T02:05:48.567Z","Piese tractoare straine","Massey Ferguson","147"
"DISRC11","Prezon si piulita galerie evacuare Massey Ferguson cod OEM 0826232, 1476027X1, 2188134, 41346, 731327M1, 731862M1, 731866M1, 734697M1, 734697","2026-06-24T02:05:48.567Z","Piese tractoare straine","Massey Ferguson","405"
"DISLZ51","Trusa chei tubulare 8-32mm, antrenor cu clichet 1/2 inch 24 piese Breckner Germany","2026-06-24T02:05:48.567Z","Casa si gradina","Scule si unelte","9749"
"BK79260","Set dus multifunctional cu termostat, afisaj digital temperatura apa, 4 functii de curgere a apei, pipa cada, dus dreptunghiular, dus de mana, dus bideu, gri","2026-06-24T02:05:48.567Z","Casa si gradina","Instalatii sanitare","42390"
"BK79261","Set dus multifunctional cu termostat, afisaj digital temperatura apa, 4 functii de curgere a apei, pipa cada, dus dreptunghiular, dus de mana, dus bideu, gri","2026-06-24T02:05:48.567Z","Casa si gradina","Instalatii sanitare","41390"
"BK79262","Set dus multifunctional cu termostat, afisaj digital temperatura apa, 4 functii de curgere a apei, pipa cada, dus dreptunghiular, dus de mana, dus bideu, gri","2026-06-24T02:05:48.567Z","Casa si gradina","Instalatii sanitare","41949"
"BK79263","Set dus multifunctional cu termostat, afisaj digital temperatura apa, 4 functii de curgere a apei, pipa cada, dus dreptunghiular, dus de mana, dus bideu, gri","2026-06-24T02:05:48.567Z","Casa si gradina","Instalatii sanitare","42990"
"BK79264","Set dus multifunctional cu termostat, afisaj digital temperatura apa, 4 functii de curgere a apei, pipa cada, dus dreptunghiular, dus de mana, dus bideu, gri","2026-06-24T02:05:48.567Z","Casa si gradina","Instalatii sanitare","59790"
"DISDB88","Cheie reglabila mops 300mm profesionala pentru conducte si tevi (cheie franceza) 12 inch","2026-06-24T02:05:48.567Z","Casa si gradina","Instalatii sanitare","3390"
"DISGG13","Cleste taiat cabluri 250mm","2026-06-24T02:05:48.567Z","Casa si gradina","Scule si unelte","1390"
"DISHZ67","Cleste papagal reglabil cu autoblocare 250mm","2026-06-24T02:05:48.567Z","Casa si gradina","Scule si unelte","1790"
"DISHZ68","Cleste papagal reglabil cu autoblocare 250mm","2026-06-24T02:05:48.567Z","Casa si gradina","Scule si unelte","2449"
"BK50017","Radiator apa pentru Massey Ferguson motor Perkins cod OEM 885579M93, 885580M3, 885411M93, 897358M4, 885579M92, 885579M93 Breckner Germany","2026-06-24T02:05:48.567Z","Piese tractoare straine","Massey Ferguson","80290"
"DISLZ49","Trusa chei tubulare 8-32mm, antrenor cu clichet 1/2 inch 24 piese Breckner Germany","2026-06-24T02:05:48.567Z","Casa si gradina","Scule si unelte","11849"
"DISPK09","Filtru aer si ungator cu regulator de presiune max. 1 MPa, racord 1/2","2026-06-24T02:05:48.567Z","Casa si gradina","Scule si unelte","7590"
"DISPR07","Teu compresiune cu filet interior mama 90 grade D25x25mmx1/2, PN16 bar pentru sisteme de irigatii","2026-06-24T02:05:48.567Z","Casa si gradina","Sisteme de irigare","1190"
"DISPR68","Mufa conector stut egal tub picurare 16x16mm pentru sisteme de irigatii","2026-06-24T02:05:48.568Z","Casa si gradina","Sisteme de irigare","8"
"DISPR24","Racord drept tub picurare 20x20mm pentru sisteme de irigatii","2026-06-24T02:05:48.568Z","Casa si gradina","Sisteme de irigare","14"
"DISPR33","Racord drept tub picurare 16x16mm pentru sisteme de irigatii","2026-06-24T02:05:48.568Z","Casa si gradina","Sisteme de irigare","41"
"DISHX77","Perforator tub, furtun orb de irigare DN3","2026-06-24T02:05:48.568Z","Casa si gradina","Sisteme de irigare","491"
"BK79279","Extractor rulmenti cu 3 brate 10/250mm","2026-06-24T02:05:48.569Z","Casa si gradina","Scule si unelte","8090"
"DISMG15","Presa extractor pivoti si capeti de bara camion 32x70mm. Breckner Germany","2026-06-24T02:05:48.569Z","Casa si gradina","Scule si unelte","18790"
"DISMG16","Presa extractor pivoti si capeti de bara camion 58x90mm. Breckner Germany","2026-06-24T02:05:48.569Z","Casa si gradina","Scule si unelte","20449"
"BK79289","Macara hidraulica pliabila tip girafa pentru atelier 2T","2026-06-24T02:05:48.569Z","Accesorii agricole","Cricuri","71590"
"DISAL71/100-120A","Colier furtun inox reglabil 100-120A","2026-06-24T02:05:48.570Z","Accesorii agricole","Chingi, cabluri si coliere","174"
"BK88764","Tija, carlig fixare furtun, tub de irigare D16mm","2026-06-24T02:05:48.570Z","Casa si gradina","Sisteme de irigare","59"
"BK79305","Trusa extractor pneumatic injectoare universal Breckner Germany","2026-06-24T02:05:48.570Z","Casa si gradina","Scule si unelte","33990"
"BK88544","Teu conector stut egal tub picurare 16x16x16mm pentru sisteme de irigatii","2026-06-24T02:05:48.570Z","Casa si gradina","Sisteme de irigare","35"
"BK79699","Camera de supraveghere 3 lentile, 3 obiective 8 MP, 2 CPU dual control, P2P WIFI 2.4G, PTZ cu senzor de miscare, alarma, night vision, AI detectie umana si aplicatie iCSee","2026-06-24T02:05:48.570Z","Casa si gradina","Sisteme de supraveghere si securitate","24249"
"BK79698","Camera de supraveghere 3 lentile, 3 obiective 8 MP, 2 CPU dual control, P2P WIFI 2.4G, PTZ cu senzor de miscare, alarma, night vision, AI detectie umana si aplicatie iCSee","2026-06-24T02:05:48.570Z","Casa si gradina","Sisteme de supraveghere si securitate","25949"
"DISSV84","Disc ambreiaj John Deere cod Ex: 300mm, In: 26mm, Z=15 OEM AL120016, AL23094, AL30451","2026-06-24T02:05:48.571Z","Piese tractoare straine","John Deere","16349"
"DISPV28","Kit reparatie maneta frana mana Massey Ferguson cod OEM 892266, 892266M2, 892267M1, 892268M1, 892269M1, 898654M91, 898654M91, 898654M92, 898654M92","2026-06-24T02:05:48.571Z","Piese tractoare straine","Massey Ferguson","1949"
"DISPT64","Ruleta 5mx19mm profesionala Crownman","2026-06-24T02:05:48.572Z","Casa si gradina","Scule si unelte","790"
"DISPT65","Ruleta 7.5mx25mm profesionala Crownman","2026-06-24T02:05:48.572Z","Casa si gradina","Scule si unelte","1290"
"DISDF97","Ruleta 5mx19mm profesionala Crownman","2026-06-24T02:05:48.572Z","Casa si gradina","Scule si unelte","1449"
"DISPT63","Ruleta 3mx16mm profesionala Crownman","2026-06-24T02:05:48.572Z","Casa si gradina","Scule si unelte","552"
"DISKP93G","Nucleu imperechere din plastic 250x150x170mm","2026-06-24T02:05:48.572Z","Zootehnie","Unelte apicole","8949"
"DISKP93R","Nucleu imperechere din plastic 250x150x170mm","2026-06-24T02:05:48.572Z","Zootehnie","Unelte apicole","7949"
"DISLW01","Plasa umbrire 40% latime 1.5m, lungime 10m verde din polietilena cu protectie UV","2026-06-24T02:05:48.572Z","Casa si gradina","Plasa umbrire","1249"
"DISLW03","Plasa umbrire 40% latime 10m, lungime 50m verde din polietilena cu protectie UV","2026-06-24T02:05:48.572Z","Casa si gradina","Plasa umbrire","39449"
"DISLW07","Plasa umbrire 95% latime 1.5m, lungime 10m verde din polietilena cu protectie UV","2026-06-24T02:05:48.572Z","Casa si gradina","Plasa umbrire","3690"
"DISLW08","Plasa umbrire 95% latime 1.7m, lungime 10m verde din polietilena cu protectie UV","2026-06-24T02:05:48.572Z","Casa si gradina","Plasa umbrire","4449"
"DISTT70","Centrifuga manuala apicola, extractor miere din inox cu 3 rame","2026-06-24T02:05:48.573Z","Zootehnie","Unelte apicole","83349"
"DISPY35","Pompa de stropit vermorel manual cu rezervor 18L, 3 duze, presiune max. 3 bar","2026-06-24T02:05:48.574Z","Casa si gradina","Pompe de stropit","4390"
"DISPY35Y","Pompa de stropit, vermorel manual cu rezervor 18L, 3 duze, presiune max. 3 bar","2026-06-24T02:05:48.574Z","Casa si gradina","Pompe de stropit","5290"
"DISNK30","Aparat de aer conditionat portabil 4100 BTU, 420W, 220V cu functie dezumidificare, ventilatie, telecomanda, mod somn, kit instalare inclus Breckner Germany","2026-06-24T02:05:48.574Z","Casa si gradina","Sisteme de ventilatie","93590"
"DISGW32","Lance de pulverizare 130 bar YLG07 pentru aparat de spalat cu presiune BK77091","2026-06-24T02:05:48.574Z","Casa si gradina","Aparate de spalat cu presiune","1049"
"DISGW31","Lance de pulverizare 130 bar YLG07 pentru aparat de spalat cu presiune BK77091","2026-06-24T02:05:48.574Z","Casa si gradina","Aparate de spalat cu presiune","1349"
"40TH301","Moara cereale electrica 3.9kW, 220V, viteza 2850 r/min, capacitate 240 kg/h, 4 site incluse THOR","2026-06-24T02:05:48.574Z","Utilaje mici","Mori cereale","24749"
"40TH302","Moara cereale electrica 3.9 kW, 220V, viteza 2850 r/min, capacitate 240 Kg/h, 4 site incluse THOR","2026-06-24T02:05:48.574Z","Utilaje mici","Mori cereale","25790"
"BK79975","Hranitoare pentru pui si pasari de curte 1 kg Breckner Germany","2026-06-24T02:05:48.574Z","Zootehnie","Adapatori animale","357"
"BK92127","Tirant central reglabil hidraulic, categoria 1-2, inchis 600mm, cursa 280mm","2026-06-24T02:05:48.575Z","Accesorii agricole","Tiranti centrali","71049"
"BK76106","Palan manual cu lant 3m, sarcina maxima 2000kg, carlig cu siguranta 2T Breckner Germany","2026-06-24T02:05:48.575Z","Casa si gradina","Scule si unelte","19190"
"BK76107","Palan manual cu lant 3m, sarcina maxima 2000kg, carlig cu siguranta 2T Breckner Germany","2026-06-24T02:05:48.575Z","Casa si gradina","Scule si unelte","18290"
"BK76155","Pistol de suflat aer comprimat cu duza scurta 18mm, medie 100mm","2026-06-24T02:05:48.575Z","Casa si gradina","Scule si unelte","890"
"BK76158","Pistol de vopsit cu aer comprimat 500ml, duza 1.3mm, debit 180ml/min, presiune max. 3.5 bar","2026-06-24T02:05:48.575Z","Casa si gradina","Scule si unelte","7549"
"BK76159","Pistol de vopsit cu aer comprimat 500ml, duza 1.3mm, debit 180ml/min, presiune max. 3.5 bar","2026-06-24T02:05:48.575Z","Casa si gradina","Scule si unelte","7390"
"BK76141","Pistol de vopsit cu aer comprimat 500ml, duza 1.3mm, debit 180ml/min, presiune max. 4 bar","2026-06-24T02:05:48.575Z","Casa si gradina","Scule si unelte","18449"
"BK76153","Pistol umflat roti profesional cu furtun 340mm si manometru mecanic 0-16 bar","2026-06-24T02:05:48.576Z","Casa si gradina","Scule si unelte","2349"
"BK76154","Pistol umflat roti profesional cu furtun 340mm si manometru mecanic 0-16 bar","2026-06-24T02:05:48.576Z","Casa si gradina","Scule si unelte","2349"
"DISUE01","Motofierastrau, drujba 2 timpi 2.8CP, 52cc cu lama 16 inch(40cm) accesorii incluse","2026-06-24T02:05:48.576Z","Utilaje mici","Drujbe","27649"
"DISUE02","Motofierastrau, drujba 2 timpi 2.8CP, 52cc cu lama 16 inch(40cm) accesorii incluse","2026-06-24T02:05:48.576Z","Utilaje mici","Drujbe","31290"
"DISUE03","Motofierastrau, drujba 2 timpi 2.8CP, 52cc cu lama 16 inch(40cm) accesorii incluse","2026-06-24T02:05:48.576Z","Utilaje mici","Drujbe","23890"
"40TH386","Motoburghiu foreza de pamant pe benzina 2.8CP, 2T 52cc, 3 burghie incluse 100mm, 150mm, 200mm THOR","2026-06-24T02:05:48.576Z","Utilaje mici","Burghiu","51749"
"DISMD21","Trusa chei tubulare 8-32mm si chei fixe combinate 8-19mm, 1/2 antrenor cu clichet 37 piese Breckner Germany","2026-06-24T02:05:48.576Z","Casa si gradina","Scule si unelte","16090"
"BK56527","Trusa pompa tester auto pentru presiune si vacuum Breckner Germany","2026-06-24T02:05:48.576Z","Casa si gradina","Scule si unelte","5849"
"BK56516","Dispozitiv pneumatic montare burduf planetara 15-120mm, presiune max. 8 bar Breckner Germany","2026-06-24T02:05:48.576Z","Casa si gradina","Scule si unelte","23849"
"BK56563","Pistol Tornador curatare interior cu presiune, rezervor 1L Breckner Germany","2026-06-24T02:05:48.576Z","Casa si gradina","Aparate de spalat cu presiune","12049"
"BK56568","Pistol Tornador curatare interior cu presiune, rezervor 1L Breckner Germany","2026-06-24T02:05:48.576Z","Casa si gradina","Aparate de spalat cu presiune","6249"
"BK56573","Lance spumare cu rezervor 1L pentru aparat de spalat cu presiune Breckner Germany","2026-06-24T02:05:48.576Z","Casa si gradina","Aparate de spalat cu presiune","4490"
"DISRN62","Trusa blocare cale si fixare distributie motoare VAG 1.8, 2.0 TSI/TFSI (EA888) Breckner Germany","2026-06-24T02:05:48.576Z","Casa si gradina","Scule si unelte","11790"
"DISTP30","Cleste taiat cabluri 250mm","2026-06-24T02:05:48.577Z","Casa si gradina","Scule si unelte","1549"
"DISTP36","Extractor rulmenti cu 2 brate 10/250mm","2026-06-24T02:05:48.577Z","Casa si gradina","Scule si unelte","5649"
"DISTP52","Extractor rulmenti cu 2 brate 4/100mm","2026-06-24T02:05:48.577Z","Casa si gradina","Scule si unelte","4249"
"BK76144","Set 5 piese aer comprimat cu furtun spiralat 5m, pistol spalat, vopsit, umflat si suflat aer Breckner Germany","2026-06-24T02:05:48.577Z","Casa si gradina","Scule si unelte","9490"
"BK76145","Set 5 piese aer comprimat cu furtun spiralat 5m, pistol spalat, vopsit, umflat si suflat aer Breckner Germany","2026-06-24T02:05:48.577Z","Casa si gradina","Scule si unelte","9949"
"BK76147","Set 5 piese aer comprimat cu furtun spiralat 5m, pistol spalat, vopsit, umflat si suflat aer Breckner Germany","2026-06-24T02:05:48.577Z","Casa si gradina","Scule si unelte","9349"
"BK76148","Set 5 piese aer comprimat cu furtun spiralat 5m, pistol spalat, vopsit, umflat si suflat aer Breckner Germany","2026-06-24T02:05:48.577Z","Casa si gradina","Scule si unelte","11349"
"DISTP32","Extractor rulmenti cu 2 brate 3/75mm","2026-06-24T02:05:48.577Z","Casa si gradina","Scule si unelte","1149"
"DISTP33","Extractor rulmenti cu 2 brate 4/100mm","2026-06-24T02:05:48.577Z","Casa si gradina","Scule si unelte","1549"
"DISTP34","Extractor rulmenti cu 2 brate 6/150mm","2026-06-24T02:05:48.577Z","Casa si gradina","Scule si unelte","2790"
"DISTP35","Extractor rulmenti cu 2 brate 8/200mm","2026-06-24T02:05:48.577Z","Casa si gradina","Scule si unelte","3749"
"DISTP38","Extractor rulmenti cu 3 brate 4/100mm","2026-06-24T02:05:48.577Z","Casa si gradina","Scule si unelte","2390"
"DISTP39","Extractor rulmenti cu 3 brate 6/150mm","2026-06-24T02:05:48.577Z","Casa si gradina","Scule si unelte","3590"
"DISTP40","Extractor rulmenti cu 3 brate 8/200mm","2026-06-24T02:05:48.577Z","Casa si gradina","Scule si unelte","5690"
"DISTP41","Extractor rulmenti cu 3 brate 10/250mm","2026-06-24T02:05:48.577Z","Casa si gradina","Scule si unelte","9049"
"DISTP42","Extractor rulmenti cu 3 brate 12/300mm","2026-06-24T02:05:48.577Z","Casa si gradina","Scule si unelte","11490"
"DISTP53","Extractor rulmenti cu 2 brate 6/150mm","2026-06-24T02:05:48.577Z","Casa si gradina","Scule si unelte","7749"
"DISTP54","Extractor rulmenti cu 2 brate 8/200mm","2026-06-24T02:05:48.577Z","Casa si gradina","Scule si unelte","9190"
"DISTP55","Extractor rulmenti cu 2 brate 10/250mm","2026-06-24T02:05:48.577Z","Casa si gradina","Scule si unelte","16549"
"DISTU48","Dispozitiv indoit tevi 6mm, 8mm, 10mm","2026-06-24T02:05:48.577Z","Casa si gradina","Instalatii sanitare","2649"
"DISTU49","Dispozitiv indoit tevi 6mm, 8mm, 10mm","2026-06-24T02:05:48.577Z","Casa si gradina","Instalatii sanitare","3190"
"BK92753","Cric mecanic OFF ROAD tip farm 33 inch sarcina maxima 3 Tone Breckner Germany","2026-06-24T02:05:48.577Z","Accesorii agricole","Cricuri","24190"
"DISTG77","Placa perforata 40x250mm, grosime 2mm, otel zincat","2026-06-24T02:05:48.578Z","Casa si gradina","Feronerie","198"
"BK80121","Contragreutati autoadezive zincate echilibrare roti Fe 60g (5gx12 buc) 100 benzi/cutie","2026-06-24T02:05:48.579Z","Vulcanizare","Contragreutati jante","5190"
"BK76296","Rola plasa gard innodata zincata 120cmx30m, fir Ø 2mm pentru ingradit","2026-06-24T02:05:48.579Z","Casa si gradina","Garduri si accesorii","16390"
"BK76387","Rola plasa gard innodata zincata 120cmx50m, fir Ø 2mm pentru ingradit","2026-06-24T02:05:48.579Z","Casa si gradina","Garduri si accesorii","22290"
"BK76388","Plasa gard sudata zincata 180cmx30m cu ochi 50x75mm, fir Ø 2mm pentru ingradit","2026-06-24T02:05:48.579Z","Casa si gradina","Garduri si accesorii","41549"
"BK76389","Plasa gard sudata zincata 120cmx30m cu ochi 50x100mm, fir Ø 2mm pentru ingradit","2026-06-24T02:05:48.579Z","Casa si gradina","Garduri si accesorii","26090"
"DISSY31","Cupla rapida tata filet exterior aer comprimat 1/4 inch","2026-06-24T02:05:48.579Z","Casa si gradina","Scule si unelte","488"
"DISSY33","Cleste contragreutati echilibrare roti vulcanizare","2026-06-24T02:05:48.579Z","Vulcanizare","Contragreutati jante","3549"
"DISSY34","Cleste contragreutati echilibrare roti vulcanizare","2026-06-24T02:05:48.579Z","Vulcanizare","Contragreutati jante","3549"
"BK69176","Far stanga/dreapta Massey Ferguson, Landini 170x138mm cod OEM 1693944M93, 1693944","2026-06-24T02:05:48.579Z","Piese tractoare straine","Massey Ferguson","2790"
"DISUF88","Set 6 surubelnite de precizie drepte si in cruce cu varf magnetic profesionale Cr-V Crownman","2026-06-24T02:05:48.580Z","Casa si gradina","Scule si unelte","1790"
"DISUF89","Set 6 surubelnite de precizie drepte si in cruce cu varf magnetic profesionale Cr-V Crownman","2026-06-24T02:05:48.580Z","Casa si gradina","Scule si unelte","473"
"DISUF90","Ruleta 7.5mx25mm profesionala Crownman","2026-06-24T02:05:48.580Z","Casa si gradina","Scule si unelte","1949"
"DISUF94","Set 3 pile universale mixte 200mm Crownman","2026-06-24T02:05:48.580Z","Casa si gradina","Scule si unelte","2549"
"DISUG03","Fierastrau bomfaier manual aluminiu 300mm pentru metal, lemn Crownman","2026-06-24T02:05:48.580Z","Casa si gradina","Gradinarit","1949"
"DISUF07","Cutit cutter profesional cu lama otel 18mm SK5, corp ABS cu maner TPR Crownman","2026-06-24T02:05:48.580Z","Casa si gradina","Scule si unelte","376"
"DISUF08","Cutit cutter profesional cu lama otel 18mm SK5, corp ABS cu maner TPR Crownman","2026-06-24T02:05:48.580Z","Casa si gradina","Scule si unelte","484"
"DISUF24","Cheie franceza reglabila 200mm Crownman","2026-06-24T02:05:48.580Z","Casa si gradina","Scule si unelte","1290"
"DISUF25","Cheie franceza reglabila 250mm Crownman","2026-06-24T02:05:48.580Z","Casa si gradina","Scule si unelte","1890"
"DISTX27","Kit profesional vulcanizare anvelope tubeless la rece cu snur si adeziv","2026-06-24T02:05:48.580Z","Vulcanizare","Accesorii vulcanizare","939"
"DISTX28","Kit profesional vulcanizare anvelope tubeless la rece cu snur si adeziv","2026-06-24T02:05:48.580Z","Vulcanizare","Accesorii vulcanizare","1690"
"DISTX32","Rola presare petice vulcanizare anvelope metalica 6mm","2026-06-24T02:05:48.580Z","Vulcanizare","Accesorii vulcanizare","544"
"BK80199","Valva roata tubeless 43mm TR413","2026-06-24T02:05:48.580Z","Vulcanizare","Valve","41"
"BK65047","Electromotor 12V/3KW pentru Case IH, Deutz-Fahr, Steyr, Same cod OEM 296191800, 0001358020, 0001230012, 0001262029, 1530289C1, 1530359C1, 2.9619.080.0, 2.9619.340.0, 2.9619.360.0, 2.9619.370.0","2026-06-24T02:05:48.580Z","Piese tractoare straine","Case","74590"
"DISSY39","Baterie chiuveta bucatarie rotativa monocomanda, cartus ceramic, crom lucios","2026-06-24T02:05:48.580Z","Casa si gradina","Instalatii sanitare","6449"
"DISSY43","Baterie chiuveta bucatarie cu dus extractibil, pipa flexibila 2 functii, crom lucios","2026-06-24T02:05:48.581Z","Casa si gradina","Instalatii sanitare","11090"
"DISSY47","Robinet apa de serviciu, montaj perete, otel inoxidabil, crom lucios","2026-06-24T02:05:48.581Z","Casa si gradina","Sisteme de irigare","3149"
"DISSY01","Contragreutati autoadezive zincate echilibrare roti Fe 60g (5gx12 buc) 100 benzi/cutie","2026-06-24T02:05:48.581Z","Vulcanizare","Contragreutati jante","5390"
"DISRW18","Lant drujba pas 325, 33 de dinti, 1.5mm, lungime 40cm Breckner Germany","2026-06-24T02:05:48.581Z","Utilaje mici","Drujbe","2390"
"BK79940","Lant drujba pas 3/8, 26 de dinti, 1.3mm, lungime 35cm Breckner Germany","2026-06-24T02:05:48.581Z","Utilaje mici","Drujbe","1349"
"BK79947","Lant drujba pas 325, 32 de dinti, 1.5mm, lungime 38cm Breckner Germany","2026-06-24T02:05:48.581Z","Utilaje mici","Drujbe","2090"
"BK79952","Lant drujba pas 325, 36 de dinti, 1.5mm, lungime 45cm Breckner Germany","2026-06-24T02:05:48.581Z","Utilaje mici","Drujbe","2390"
"BK79944","Lant drujba pas 3/8, 27+1 de dinti, 1.3mm, lungime 40cm Breckner Germany","2026-06-24T02:05:48.581Z","Utilaje mici","Drujbe","1590"
"DISUJ74","Tampon cabina John Deere 26x96x36mm cod OEM R111173, R65624, R109476","2026-06-24T02:05:48.581Z","Piese tractoare straine","John Deere","2790"
"DISRW59","Prelungitor valva roata 45 grade, lungime 34mm","2026-06-24T02:05:48.581Z","Vulcanizare","Valve","601"
"DISUD73","Capcana otel mecanica tip cleste pentru cartite, popandai si soareci de camp 21x12x15cm","2026-06-24T02:05:48.581Z","Casa si gradina","Produse antidaunatori","1490"
"DISUD74","Capcana otel mecanica tip cleste pentru cartite, popandai si soareci de camp 21x12x15cm","2026-06-24T02:05:48.581Z","Casa si gradina","Produse antidaunatori","1590"
"DISRH81","Adaptor cupa excavator Caterpillar J450 cod OEM 6I6464","2026-06-24T02:05:48.582Z","Piese tractoare straine","Caterpillar","19490"
"DISRK26","Capace valva ventil plastic verde 100 buc/set","2026-06-24T02:05:48.582Z","Vulcanizare","Valve","196"
"DISRK45","Cupla rapida mama aer comprimat cu stut 1/4","2026-06-24T02:05:48.582Z","Casa si gradina","Scule si unelte","517"
"DISRK46","Cupla rapida mama aer comprimat cu stut 1/4","2026-06-24T02:05:48.582Z","Casa si gradina","Scule si unelte","422"
"DISRK47","Cupla rapida mama filet interior aer comprimat 1/4","2026-06-24T02:05:48.582Z","Casa si gradina","Scule si unelte","422"
"DISRK75","Furtun aer compresor 12m PVC 6x11mm si cuple rapide universale","2026-06-24T02:05:48.582Z","Casa si gradina","Scule si unelte","3390"
"DISRK76","Furtun aer compresor 12m cauciucat 6x12mm si cuple rapide universale","2026-06-24T02:05:48.582Z","Casa si gradina","Scule si unelte","3890"
"DISRL71","Prelungitor valva roata 90 grade, lungime 34mm","2026-06-24T02:05:48.582Z","Vulcanizare","Valve","469"
"DISRK50","Set 5 piese aer comprimat cu furtun spiralat 5m, pistol spalat, vopsit, umflat si suflat aer","2026-06-24T02:05:48.582Z","Casa si gradina","Scule si unelte","9390"
"DISRK51","Set 5 piese aer comprimat cu furtun spiralat 5m, pistol spalat, vopsit, umflat si suflat aer","2026-06-24T02:05:48.582Z","Casa si gradina","Scule si unelte","10390"
"DISRK53","Set 5 cuple rapide 1/4 pentru furtunuri aer comprimat si scule pneumatice","2026-06-24T02:05:48.582Z","Casa si gradina","Scule si unelte","734"
"DISRK54","Set 5 cuple rapide 1/4 pentru furtunuri aer comprimat si scule pneumatice","2026-06-24T02:05:48.582Z","Casa si gradina","Scule si unelte","923"
"DISRK55","Set 5 cuple rapide 1/4 pentru furtunuri aer comprimat si scule pneumatice","2026-06-24T02:05:48.582Z","Casa si gradina","Scule si unelte","923"
"DISRK62","Pistol umflat roti cu furtun si manometru mecanic 0-16 bar","2026-06-24T02:05:48.582Z","Casa si gradina","Scule si unelte","2490"
"DISRK64","Pistol suflat aer comprimat cu duza 120mm, furtun spiralat PU 5m si mufa rapida T","2026-06-24T02:05:48.582Z","Casa si gradina","Scule si unelte","2390"
"DISRK65","Pistol suflat aer comprimat cu duza 120mm, furtun spiralat PU 5m si mufa rapida T","2026-06-24T02:05:48.582Z","Casa si gradina","Scule si unelte","2649"
"BK69179","Far New Holland, Ford cod OEM 82014128","2026-06-24T02:05:48.582Z","Piese tractoare straine","New Holland","3390"
"UTBGV7274","Prezon roata cu piulita JCB 2CX, 3CX, 4CX, 5CX cod OEM 826-00923, 106-40001","2026-06-24T02:05:48.582Z","Piese tractoare straine","JCB","1449"
"BK76859","Polizor unghiular flex 750W, 220V, disc 125mm, turatie 11000 r/min Breckner Germany","2026-06-24T02:05:48.582Z","Casa si gradina","Scule si unelte","11749"
"BK76860","Polizor unghiular flex 750W, 220V, disc 125mm, turatie 11000 r/min Breckner Germany","2026-06-24T02:05:48.582Z","Casa si gradina","Scule si unelte","14390"
"DISDU30","Cric mecanic OFF ROAD tip farm 48 inch sarcina maxima 3 Tone Breckner Germany","2026-06-24T02:05:48.583Z","Accesorii agricole","Cricuri","23349"
"DISRK13","Levier otel schimb anvelope vulcanizare 500x28x8mm","2026-06-24T02:05:48.583Z","Vulcanizare","Accesorii vulcanizare","2249"
"DISRK14","Levier otel schimb anvelope vulcanizare 600x28x8mm","2026-06-24T02:05:48.583Z","Vulcanizare","Accesorii vulcanizare","1249"
"DISRK15","Levier otel schimb anvelope vulcanizare 700x28x8mm","2026-06-24T02:05:48.583Z","Vulcanizare","Accesorii vulcanizare","1449"
"DISFR97B","Stalp iluminat 5m din otel cu brat orizontal si flansa montare beton","2026-06-24T02:05:48.583Z","Casa si gradina","Iluminat","47390"
"DISRK18","Presa hidraulica 20T, deschidere reglabila 30-950mm, cursa piston 0-120mm","2026-06-24T02:05:48.583Z","Accesorii agricole","Cricuri","59690"
"DISRK17","Presa hidraulica 20T, deschidere reglabila 30-950mm, cursa piston 0-120mm","2026-06-24T02:05:48.583Z","Accesorii agricole","Cricuri","72849"
"DISRH96","Presa hidraulica 20T, deschidere reglabila 30-950mm, cursa piston 0-120mm","2026-06-24T02:05:48.583Z","Accesorii agricole","Cricuri","58549"
"DISRK16","Presa hidraulica 20T, deschidere reglabila 30-950mm, cursa piston 0-120mm","2026-06-24T02:05:48.583Z","Accesorii agricole","Cricuri","75349"
"DISRK01","Presa hidraulica 30T, deschidere reglabila 0-820mm, cursa piston 0-160mm","2026-06-24T02:05:48.583Z","Accesorii agricole","Cricuri","192749"
"DISRK19","Presa hidraulica 32T, deschidere reglabila 50-1050mm, cursa piston 0-140mm","2026-06-24T02:05:48.583Z","Accesorii agricole","Cricuri","80690"
"DISUJ11","Trusa vulcanizare anvelope tubeless la rece cu snur 200mm, ac insertie, ac spirala, lubrifiant, cutter, chei imbus 32 piese X-TRA SEAL","2026-06-24T02:05:48.583Z","Vulcanizare","Accesorii vulcanizare","11590"
"DISUJ12","Trusa vulcanizare anvelope tubeless la rece cu snur 200mm, ac insertie, ac spirala, lubrifiant, cutter, chei imbus 32 piese X-TRA SEAL","2026-06-24T02:05:48.583Z","Vulcanizare","Accesorii vulcanizare","11490"
"DISUN41","Rola fata de masa decorativa PVC 1.37x20m, grosime 0.18mm, textil 45 g/mp, model floarea soarelui Breckner Germany","2026-06-24T02:05:48.583Z","Casa si gradina","Mobilier","16549"
"DISUN31","Folie protectie masa transparenta PVC siliconizat 80cm, grosime 1.2mm 20m/rola Breckner Germany","2026-06-24T02:05:48.583Z","Casa si gradina","Mobilier","33649"
"DISUN34","Folie protectie masa transparenta antiderapanta PVC siliconizat 80cm, grosime 1.2mm, model texturat 20m/rola Breckner Germany","2026-06-24T02:05:48.583Z","Casa si gradina","Mobilier","34949"
"BK88541","Mufa imbinare tub picurare 16mmx3/4 tol filet exterior pentru sisteme de irigatii","2026-06-24T02:05:48.584Z","Casa si gradina","Sisteme de irigare","89"
"BK87045","Recuperator de ulei 80L cu aspirare si sistem de golire pneumatic","2026-06-24T02:05:48.584Z","Casa si gradina","Scule si unelte","45349"
"BK76378","Trusa tester compresie motoare diesel cu manometru mecanic 0-70 bar 19 piese","2026-06-24T02:05:48.584Z","Casa si gradina","Scule si unelte","9890"
"BK76379","Trusa tester compresie motoare diesel cu manometru mecanic 0-70 bar 19 piese","2026-06-24T02:05:48.584Z","Casa si gradina","Scule si unelte","15249"
"DISSY76","Furtun cu incalzire 15m pentru pompa spuma poliuretanica","2026-06-24T02:05:48.584Z","Casa si gradina","Scule si unelte","343790"
"DISRW64","Set ferodouri saboti frana 50x6mm Fiat 450-480 cod OEM 596209","2026-06-24T02:05:48.584Z","Piese tractoare straine","Fiat","3249"
"DISRW65","Set ferodouri saboti frana New Holland, Ford cod OEM 81814147, C5NN2284D","2026-06-24T02:05:48.584Z","Piese tractoare straine","New Holland","3549"
"BK76382","Trusa pompa tester presiune si vacuum pentru aerisire frane, testare ABS, EGR, AC si sistem incalzire auto","2026-06-24T02:05:48.584Z","Casa si gradina","Scule si unelte","5290"
"BK93062","Tirant central reglabil hidraulic, categoria 2-2, cupla rapida, 555mm inchis, cursa 195mm","2026-06-24T02:05:48.584Z","Accesorii agricole","Tiranti centrali","50590"
"BK93063","Tirant central reglabil hidraulic, categoria 2-2, inchis 680mm, cursa 360mm","2026-06-24T02:05:48.584Z","Accesorii agricole","Tiranti centrali","51949"
"BK93064","Tirant central reglabil hidraulic, categoria 1-2, inchis 500mm, cursa 180mm","2026-06-24T02:05:48.584Z","Accesorii agricole","Tiranti centrali","51849"
"BK93065","Tirant central reglabil hidraulic, categoria 1-2, inchis 680mm, cursa 360mm","2026-06-24T02:05:48.584Z","Accesorii agricole","Tiranti centrali","56090"
"BK87198","Contragreutati autoadezive zincate echilibrare roti Fe 60g (5gx12 buc) 100 benzi/cutie","2026-06-24T02:05:48.584Z","Vulcanizare","Contragreutati jante","6090"
"BK98463","Cilindru receptor frana Massey Ferguson, Landini cod OEM 1697360M91, 3186482M91, 3186842M1, M3186482, 1669574M91, 1675277M91","2026-06-24T02:05:48.584Z","Piese tractoare straine","Massey Ferguson","6290"
"BK98466","Cilindru receptor frana Valmet, Steyr cod OEM 30181500, 30181510, V30181500, V30181510, 166700350720, R34012.2.1","2026-06-24T02:05:48.584Z","Piese tractoare straine","Valtra (Valmet)","7549"
"BK98604","Pompa frana principala Case IH cod OEM 1500537C91","2026-06-24T02:05:48.584Z","Piese tractoare straine","Case","12449"
"BK98615","Kit reparatie pompa frana Massey Ferguson seria 300 cod OEM 1810936M91","2026-06-24T02:05:48.584Z","Piese tractoare straine","Massey Ferguson","2390"
"BK98616","Kit reparatie pompa frana Massey Ferguson seria 300 cod OEM 1811086M91, 3900290M91, 12-AG014, 71715035","2026-06-24T02:05:48.584Z","Piese tractoare straine","Massey Ferguson","1790"
"BK98621","Cilindru receptor frana Deutz-Fahr seria 06, Intrac, DX3 cod OEM R28125B1, 02381321","2026-06-24T02:05:48.584Z","Piese tractoare straine","Deutz","6490"
"BK98626","Cilindru receptor frana Fendt Farmer 300, Favorit 500, Xylon, 300 Vario cod OEM G380132070200","2026-06-24T02:05:48.584Z","Piese tractoare straine","Fendt","18390"
"BK98627","Cilindru receptor frana Fendt Farmer 200, Farmer 300, Farmer 300 GT cod OEM G246100150010","2026-06-24T02:05:48.584Z","Piese tractoare straine","Fendt","11090"
"BK98628","Cilindru receptor frana New Holland seria 40, T6, TS, Ford seria 40 cod OEM 83997398, 81866484, E9NN2N448AA, E9NN2N448AB","2026-06-24T02:05:48.584Z","Piese tractoare straine","New Holland","6349"
"DISRS24","Ax priza putere Case IH, New Holland, Steyr, Ford 182.5mm 1-3/4 PTO Z=20 cod OEM 47132584","2026-06-24T02:05:48.584Z","Piese tractoare straine","Case","9090"
"DISRS27","Segmenti piston motor Fendt 108mm, 3x2.5x4mm cod OEM F824200310320, F824200310330, F524200310150, 800014610000","2026-06-24T02:05:48.584Z","Piese tractoare straine","Fendt","3949"
"DISRS28","Piston motor complet Fiat 110mm echipat cu segmenti, bolt 40mm si sigurante cod OEM 1909211, 87569555, 90367, 1901249, 1901344, SF1909211, 33-267, 123/1909211, 1909211GP","2026-06-24T02:05:48.584Z","Piese tractoare straine","Fiat","29790"
"DISRS33","Furtun radiator inferior Case IH, New Holland, Steyr 105mm cod OEM 5096235","2026-06-24T02:05:48.584Z","Piese tractoare straine","Case","609"
"DISRS37","Culbutor evacuare Ford, New Holland, Case IH, Fiat 25.4mm cod OEM 87802659, 83919161, 83956710, 82932992, 81804316","2026-06-24T02:05:48.585Z","Piese tractoare straine","Ford","10090"
"DISRS38","Culbutor motor John Deere 20mm cod OEM AT31250, RE19031, RE31973","2026-06-24T02:05:48.585Z","Piese tractoare straine","John Deere","10090"
"DISRS58","Siguranta supapa John Deere cod OEM R91889","2026-06-24T02:05:48.585Z","Piese tractoare straine","John Deere","237"
"DISRS30","Bieleta de directie John Deere, Deutz 235mm cod OEM AL68253, AL168703","2026-06-24T02:05:48.585Z","Piese tractoare straine","John Deere","15990"
"DISRS34","Furtun radiator superior Ford 42x195mm cod OEM E7NN8260AA, 83961073","2026-06-24T02:05:48.585Z","Piese tractoare straine","Ford","1390"
"DISRS47","Intrerupator pedala frana New Holland, Massey Ferguson, Case IH, Same, Lamborghini, Ford, Mc Cormick 4 pini cod OEM 3532018M91, 3532018M1, LA321564850, LA83961542","2026-06-24T02:05:48.585Z","Piese tractoare straine","New Holland","5349"
"BK76846","Bormasina cu impact 850W, 220V, mandrina 13mm, turatie 3300rpm Breckner Germany","2026-06-24T02:05:48.585Z","Casa si gradina","Scule si unelte","12749"
"BK76867","Suflanta aer si aspirator de gradina 750W, 220V, debit aer 4.5 m3/min, turatie 15000rpm Breckner Germany","2026-06-24T02:05:48.585Z","Casa si gradina","Scule si unelte","18090"
"BK76869","Pistol cu aer cald 2000W, 220V, debit aer 300/500 L/min, 2 trepte de temperatura 50-600°C Breckner Germany","2026-06-24T02:05:48.585Z","Casa si gradina","Scule si unelte","8749"
"BK76870","Pistol cu aer cald 2000W, 220V, debit aer 300/500 L/min, 2 trepte de temperatura 300/600°C Breckner Germany","2026-06-24T02:05:48.585Z","Casa si gradina","Scule si unelte","7090"
"BK76876","Slefuitor orbital excentric 125mm, 350W, 220V, sac colectare praf, turatie 12000rpm Breckner Germany","2026-06-24T02:05:48.585Z","Casa si gradina","Scule si unelte","13749"
"BK76883","Trusa masina sudat tevi PPR 600W cu termostat analogic 0-300°C, 4 bacuri 20-32mm Breckner Germany","2026-06-24T02:05:48.585Z","Casa si gradina","Instalatii sanitare","6349"
"BK76886","Trusa masina sudat tevi PPR 800W cu afisaj digital 0-280°C, 3 bacuri 20-25-32mm Breckner Germany","2026-06-24T02:05:48.585Z","Casa si gradina","Instalatii sanitare","11290"
"BK98605","Pompe frana combina Claas cod OEM 0006071880, 0006553400, 0006945730, 0006945731, 655340.0, 694573, 6945730, 694573.0, 655340, 607188, 0006945731N, B103486, B112260","2026-06-24T02:05:48.585Z","Piese tractoare straine","Claas","14090"
"BK98608","Pompa frana principala Massey Ferguson seria 300 cod OEM 3614780M91","2026-06-24T02:05:48.585Z","Piese tractoare straine","Massey Ferguson","9590"
"BK98617","Cilindru receptor frana David Brown seria 800, 900 cod OEM K950557, 52625R, 413-59","2026-06-24T02:05:48.585Z","Piese tractoare straine","David Brown","8649"
"DISRR70","Pompa frana principala New Holland seria CS6000, CR, CS, CX cod OEM 84062326, 84435867, B206646","2026-06-24T02:05:48.585Z","Piese tractoare straine","New Holland","11290"
"DISRR91","Suport fulie ventilator Perkins cod OEM 4113K005","2026-06-24T02:05:48.585Z","Piese tractoare straine","Perkins","29249"
"DISRR92","Filtru uscator aer conditionat Massey Ferguson, Deutz 275mm cod OEM 0.010.2261.0, 001022610, 051489, 1022610, 9971632, 65213034, 9202-474","2026-06-24T02:05:48.585Z","Piese tractoare straine","Massey Ferguson","10149"
"DISRS05","Set pinioane sateliti diferential John Deere, New Holland, Deutz, Fendt, Case IH, Fiat Z=11 cod OEM 04322261, 1927557ZP, 3230257R1, 4322261, F174.300.020.070, F174300020070, L113016, L29227, L35573","2026-06-24T02:05:48.585Z","Piese tractoare straine","John Deere","4149"
"DISRS06","Pinion satelit fata John Deere, Case IH, Deutz, Fendt, Fiat 56.3x77x36mm Z=34 cod OEM L39994, L41120, 83943740, 83947536, 83985466, 9361509, 9571402, F198.300.020.640, F198300020640","2026-06-24T02:05:48.585Z","Piese tractoare straine","John Deere","11290"
"DISRS18","Rulment cu ace ax cutie viteza Ford, New Holland cod OEM C5NN7120B, 81821350, 960E7120, C9NN7120A","2026-06-24T02:05:48.585Z","Piese tractoare straine","Ford","1149"
"DISRS39","Intrerupator ridicare hidraulica Case IH Maxxum MX, CX cod OEM 194214A1, 225023A1, 225023A3, 194214A3","2026-06-24T02:05:48.585Z","Piese tractoare straine","Case","5190"
"DISRS46","Electrovalva 4x4 John Deere 2 pini cod OEM RE50782","2026-06-24T02:05:48.585Z","Piese tractoare straine","John Deere","10090"
"DISRR90","Supapa aer conditionat John Deere, Case IH, New Holland cod OEM AZ47109, AZ45987","2026-06-24T02:05:48.585Z","Piese tractoare straine","John Deere","5890"
"BK76887","Masina de insurubat si gaurit cu 2 acumulatori 12V, 1.5Ah Li-ion, cuplu 25Nm, mandrina 10mm, 0-350/1350rpm Breckner Germany","2026-06-24T02:05:48.585Z","Casa si gradina","Scule si unelte","10990"
"BK76888","Masina de insurubat si gaurit cu percutie, 2 acumulatori 21V, 1.5Ah Li-ion, cuplu 29Nm, mandrina 10mm, 0-350/1350rpm Breckner Germany","2026-06-24T02:05:48.585Z","Casa si gradina","Scule si unelte","15249"
"BK87095","Masina de recanelare anvelope portabila 1000W, 220V cu afisaj digital, reglaj tensiune, 20 lame U si V incluse","2026-06-24T02:05:48.585Z","Vulcanizare","Echipamente vulcanizare","131049"
"40TH438","Saltea ortopedica 90x200x20cm din spuma ecologica, hipoalergenica, suprafata inferioara antiderapanta THOR","2026-06-24T02:05:48.585Z","Casa si gradina","Mobilier","43049"
"40TH439","Saltea ortopedica 140x200x20cm din spuma ecologica, hipoalergenica, suprafata inferioara antiderapanta THOR","2026-06-24T02:05:48.585Z","Casa si gradina","Mobilier","58549"
"40TH440","Saltea ortopedica 160x200x20cm din spuma ecologica, hipoalergenica, suprafata inferioara antiderapanta THOR","2026-06-24T02:05:48.585Z","Casa si gradina","Mobilier","61790"
"40TH441","Saltea ortopedica 180x200x20cm din spuma ecologica, hipoalergenica, suprafata inferioara antiderapanta THOR","2026-06-24T02:05:48.585Z","Casa si gradina","Mobilier","67849"
"DISGN79","Masina de tocat carne electrica inox 600W, 220V, capacitate 100 kg/h, adaptor carnati, 2 site si 2 cutite incluse 340x185x365mm","2026-06-24T02:05:48.585Z","Zootehnie","Echipamente de procesare","56049"
"DISGN80","Masina de tocat carne electrica inox 850W, 220V, capacitate 150 kg/h, adaptor carnati, 2 site si 2 cutite incluse 380x210x415mm","2026-06-24T02:05:48.585Z","Zootehnie","Echipamente de procesare","67790"
"DISGN81","Masina de feliat carne si mezeluri electrica 150W, 220V, grosime reglabila 0.2-12mm, diametru lama 250mm","2026-06-24T02:05:48.585Z","Zootehnie","Echipamente de procesare","149249"
"40TH431","Masa de masaj pliabila portabila 2 zone, cadru lemn, spuma 5cm, inaltime 55-76cm, piele ecologica rosu burgundy 60x213cm THOR","2026-06-24T02:05:48.586Z","Casa si gradina","Mobilier","39649"
"40TH432","Masa de masaj pliabila portabila 2 zone, cadru lemn, spuma 5cm, inaltime 55-76cm, piele ecologica crem 60x213cm THOR","2026-06-24T02:05:48.586Z","Casa si gradina","Mobilier","42490"
"40TH433","Masa de masaj pliabila portabila 2 zone, cadru lemn, spuma 5cm, inaltime 55-76cm, piele ecologica neagra 60x213cm THOR","2026-06-24T02:05:48.586Z","Casa si gradina","Mobilier","42490"
"40TH434","Masa de masaj pliabila portabila 3 zone, cadru lemn, spuma 5cm, inaltime 55-76cm, piele ecologica rosu burgundy 60x213cm THOR","2026-06-24T02:05:48.586Z","Casa si gradina","Mobilier","37990"
"40TH435","Masa de masaj pliabila portabila 3 zone, cadru lemn, spuma 5cm, inaltime 55-76cm, piele ecologica crem 60x213cm THOR","2026-06-24T02:05:48.586Z","Casa si gradina","Mobilier","47490"
"40TH436","Masa de masaj pliabila portabila 3 zone, cadru lemn, spuma 5cm, inaltime 55-76cm, piele ecologica neagra 60x213cm THOR","2026-06-24T02:05:48.586Z","Casa si gradina","Mobilier","47490"
"40TH437","Masa de masaj pliabila portabila 2 zone, cadru lemn, spuma 6cm, inaltime 55-76cm, piele ecologica neagra 60x213cm THOR","2026-06-24T02:05:48.586Z","Casa si gradina","Mobilier","44149"
"BK87214","Robinet tub picurare egal 16x16mm pentru sisteme de irigatii","2026-06-24T02:05:48.586Z","Casa si gradina","Sisteme de irigare","166"
"BK79988","Disc lamelar abraziv cu zirconiu 125x22mm T27 ZA60 pentru slefuire, polizare metal si inox Breckner Germany","2026-06-24T02:05:48.586Z","Casa si gradina","Scule si unelte","378"
"BK87215","Robinet tub picurare egal 20x20mm pentru sisteme de irigatii","2026-06-24T02:05:48.586Z","Casa si gradina","Sisteme de irigare","181"
"BK87216","Robinet tub picurare egal 25x25mm pentru sisteme de irigatii","2026-06-24T02:05:48.586Z","Casa si gradina","Sisteme de irigare","204"
"BK79989","Disc abraziv netesut compact 125x22.23mm T27, granulatie medie pentru curatare rugina si vopsea Breckner Germany","2026-06-24T02:05:48.586Z","Casa si gradina","Scule si unelte","1090"
"BK87218","Robinet banda picurare cu inel 25x25mm pentru sisteme de irigatii","2026-06-24T02:05:48.586Z","Casa si gradina","Sisteme de irigare","159"
"BK87221","Robinet banda picurare cu inel si garnitura 25x25mm pentru sisteme de irigatii","2026-06-24T02:05:48.586Z","Casa si gradina","Sisteme de irigare","181"
"BK87222","Robinet banda picurare cu inel si garnitura 32x32mm pentru sisteme de irigatii","2026-06-24T02:05:48.586Z","Casa si gradina","Sisteme de irigare","178"
"BK79990","Disc pasla pentru polisare 125x12x22.23mm, lustruire si finisare metal, inox, aluminiu Breckner Germany","2026-06-24T02:05:48.586Z","Casa si gradina","Scule si unelte","688"
"BK87236","Colier de bransare teava 32mm, filet interior 1 inch pentru sisteme de irigatii","2026-06-24T02:05:48.586Z","Casa si gradina","Sisteme de irigare","400"
"BK87237","Colier de bransare teava 40mm, filet interior 1 inch pentru sisteme de irigatii","2026-06-24T02:05:48.586Z","Casa si gradina","Sisteme de irigare","408"
"BK79991","Disc abraziv 225mm tip sita Velcro P240","2026-06-24T02:05:48.586Z","Casa si gradina","Scule si unelte","378"
"BK79992","Disc abraziv lamelar netesut 125x22mm, granulatie medie pentru polisare si finisare Breckner Germany","2026-06-24T02:05:48.586Z","Casa si gradina","Scule si unelte","1190"
"BK79993","Suport disc slefuire abraziv 125mm Velcro, adaptor M14 pentru polizor unghiular si bormasina Breckner Germany","2026-06-24T02:05:48.586Z","Casa si gradina","Scule si unelte","540"
"BK87217","Robinet tub picurare egal 32x32mm pentru sisteme de irigatii","2026-06-24T02:05:48.586Z","Casa si gradina","Sisteme de irigare","642"
"BK87220","Robinet banda picurare cu inel 40x40mm pentru sisteme de irigatii","2026-06-24T02:05:48.586Z","Casa si gradina","Sisteme de irigare","469"
"BK87223","Mufa imbinare banda picurare egala cu inel 25x25mm pentru sisteme de irigatii","2026-06-24T02:05:48.586Z","Casa si gradina","Sisteme de irigare","63"
"BK83019","Spray spuma curatare si igienizare sistem aer conditionat 500ml Breckner Germany","2026-06-24T02:05:48.586Z","Accesorii agricole","Spray-uri si intretinere","801"
"BK87224","Mufa imbinare banda picurare egala cu inel 32x32mm pentru sisteme de irigatii","2026-06-24T02:05:48.586Z","Casa si gradina","Sisteme de irigare","60"
"BK87225","Mufa imbinare banda picurare egala cu inel 40x40mm pentru sisteme de irigatii","2026-06-24T02:05:48.586Z","Casa si gradina","Sisteme de irigare","83"
"BK87226","Racord drept tub picurare 25x25mm pentru sisteme de irigatii","2026-06-24T02:05:48.586Z","Casa si gradina","Sisteme de irigare","63"
"BK87227","Racord drept tub picurare 32x32mm pentru sisteme de irigatii","2026-06-24T02:05:48.586Z","Casa si gradina","Sisteme de irigare","97"
"BK87228","Teu conector stut egal tub picurare 25x25x25mm pentru sisteme de irigatii","2026-06-24T02:05:48.586Z","Casa si gradina","Sisteme de irigare","121"
"BK87229","Teu conector stut egal tub picurare 32x32x32mm pentru sisteme de irigatii","2026-06-24T02:05:48.586Z","Casa si gradina","Sisteme de irigare","169"
"BK87230","Dop tub picurare 25mm cu inel pentru sisteme de irigatii","2026-06-24T02:05:48.586Z","Casa si gradina","Sisteme de irigare","63"
"BK87231","Dop tub picurare 32mm cu inel pentru sisteme de irigatii","2026-06-24T02:05:48.586Z","Casa si gradina","Sisteme de irigare","97"
"BK87233","Racord drept furtun 40x40mm pentru sisteme de irigatii","2026-06-24T02:05:48.586Z","Casa si gradina","Sisteme de irigare","119"
"BK87234","Teu conector furtun 32x32x32mm pentru sisteme de irigatii","2026-06-24T02:05:48.586Z","Casa si gradina","Sisteme de irigare","159"
"BK87235","Teu conector furtun 40x40x40mm pentru sisteme de irigatii","2026-06-24T02:05:48.586Z","Casa si gradina","Sisteme de irigare","181"
"BK87238","Supapa ingropata cu racord rapid furtun 1 inch pentru sisteme de irigatii","2026-06-24T02:05:48.586Z","Casa si gradina","Sisteme de irigare","2049"
"BK98633","Camera de supraveghere lentila duala 4MP, P2P WIFI 2.4GHz, PTZ 360 grade, sirena, detectie umana AI si aplicatie iCSee","2026-06-24T02:05:48.586Z","Casa si gradina","Sisteme de supraveghere si securitate","12390"
"BK76890","Set rampe auto metalice hidraulice 1150x310x240mm, sarcina maxima 3T","2026-06-24T02:05:48.586Z","Casa si gradina","Scule si unelte","52249"
"BK98653","Camera de supraveghere smart 2MP tip bec E27, WIFI 2.4GHz, PTZ 360 grade, alarma, senzor miscare, detectie umana AI si aplicatie iCSee","2026-06-24T02:05:48.586Z","Casa si gradina","Sisteme de supraveghere si securitate","6890"
"BK93030","Carota diamantata 6x62mm, filet interior M14 pentru placi ceramice, marmura, granit Breckner Germany","2026-06-24T02:05:48.586Z","Casa si gradina","Scule si unelte","2090"
"BK93031","Carota diamantata 8x62mm, filet interior M14 pentru placi ceramice, marmura, granit Breckner Germany","2026-06-24T02:05:48.586Z","Casa si gradina","Scule si unelte","2090"
"BK93032","Carota diamantata 10x62mm, filet interior M14 pentru placi ceramice, marmura, granit Breckner Germany","2026-06-24T02:05:48.586Z","Casa si gradina","Scule si unelte","2090"
"BK93033","Carota diamantata 12x62mm, filet interior M14 pentru placi ceramice, marmura, granit Breckner Germany","2026-06-24T02:05:48.586Z","Casa si gradina","Scule si unelte","2090"
"BK93034","Carota diamantata 16x62mm, filet interior M14 pentru placi ceramice, marmura, granit Breckner Germany","2026-06-24T02:05:48.586Z","Casa si gradina","Scule si unelte","2090"
"BK93035","Carota diamantata 20x60mm, filet interior M14 pentru placi ceramice, marmura, granit Breckner Germany","2026-06-24T02:05:48.586Z","Casa si gradina","Scule si unelte","2649"
"BK93036","Carota diamantata 25x60mm, filet interior M14 pentru placi ceramice, marmura, granit Breckner Germany","2026-06-24T02:05:48.586Z","Casa si gradina","Scule si unelte","3290"
"BK93037","Carota diamantata 30x60mm, filet interior M14 pentru placi ceramice, marmura, granit Breckner Germany","2026-06-24T02:05:48.586Z","Casa si gradina","Scule si unelte","3949"
"BK93038","Carota diamantata 32x60mm, filet interior M14 pentru placi ceramice, marmura, granit Breckner Germany","2026-06-24T02:05:48.586Z","Casa si gradina","Scule si unelte","4190"
"BK93039","Carota diamantata 35x60mm, filet interior M14 pentru placi ceramice, marmura, granit Breckner Germany","2026-06-24T02:05:48.586Z","Casa si gradina","Scule si unelte","4590"
"BK93040","Carota diamantata 40x60mm, filet interior M14 pentru placi ceramice, marmura, granit Breckner Germany","2026-06-24T02:05:48.586Z","Casa si gradina","Scule si unelte","5249"
"BK93041","Carota diamantata 45x60mm, filet interior M14 pentru placi ceramice, marmura, granit Breckner Germany","2026-06-24T02:05:48.586Z","Casa si gradina","Scule si unelte","5890"
"BK93042","Carota diamantata 50x60mm, filet interior M14 pentru placi ceramice, marmura, granit Breckner Germany","2026-06-24T02:05:48.586Z","Casa si gradina","Scule si unelte","6549"
"BK93043","Carota diamantata 55x60mm, filet interior M14 pentru placi ceramice, marmura, granit Breckner Germany","2026-06-24T02:05:48.586Z","Casa si gradina","Scule si unelte","7190"
"BK93044","Carota diamantata 20x60mm, filet interior M14 pentru placi ceramice, marmura, granit Breckner Germany","2026-06-24T02:05:48.586Z","Casa si gradina","Scule si unelte","2290"
"BK93045","Carota diamantata 25x60mm, filet interior M14 pentru placi ceramice, marmura, granit Breckner Germany","2026-06-24T02:05:48.586Z","Casa si gradina","Scule si unelte","2890"
"BK93046","Carota diamantata 30x60mm, filet interior M14 pentru placi ceramice, marmura, granit Breckner Germany","2026-06-24T02:05:48.586Z","Casa si gradina","Scule si unelte","3449"
"BK93053","Carota diamantata burghiu 6x67mm, prindere hexagonala 1/4 pentru placi ceramice, marmura, granit Breckner Germany","2026-06-24T02:05:48.586Z","Casa si gradina","Scule si unelte","1549"
"BK93054","Carota diamantata burghiu 8x80mm, prindere hexagonala 1/4 pentru placi ceramice, marmura, granit Breckner Germany","2026-06-24T02:05:48.586Z","Casa si gradina","Scule si unelte","1549"
"BK93055","Carota diamantata burghiu 10x80mm, prindere hexagonala 1/4 pentru placi ceramice, marmura, granit Breckner Germany","2026-06-24T02:05:48.586Z","Casa si gradina","Scule si unelte","1549"
"BK93056","Carota diamantata burghiu 12x80mm, prindere hexagonala 1/4 pentru placi ceramice, marmura, granit Breckner Germany","2026-06-24T02:05:48.586Z","Casa si gradina","Scule si unelte","1549"
"BK93057","Carota diamantata burghiu 14x80mm, prindere hexagonala 1/4 pentru placi ceramice, marmura, granit Breckner Germany","2026-06-24T02:05:48.586Z","Casa si gradina","Scule si unelte","1549"
"BK93058","Carota diamantata burghiu 18x80mm, prindere hexagonala 1/4 pentru placi ceramice, marmura, granit Breckner Germany","2026-06-24T02:05:48.586Z","Casa si gradina","Scule si unelte","2049"
"BK93059","Carota diamantata burghiu 20x80mm, prindere hexagonala 1/4 pentru placi ceramice, marmura, granit Breckner Germany","2026-06-24T02:05:48.586Z","Casa si gradina","Scule si unelte","2449"
"BK93052","Carota diamantata 55x60mm, filet interior M14 pentru placi ceramice, marmura, granit Breckner Germany","2026-06-24T02:05:48.586Z","Casa si gradina","Scule si unelte","6290"
"BK93047","Carota diamantata 32x60mm, filet interior M14 pentru placi ceramice, marmura, granit Breckner Germany","2026-06-24T02:05:48.586Z","Casa si gradina","Scule si unelte","3990"
"BK93048","Carota diamantata 35x60mm, filet interior M14 pentru placi ceramice, marmura, granit Breckner Germany","2026-06-24T02:05:48.586Z","Casa si gradina","Scule si unelte","4049"
"BK93049","Carota diamantata 40x60mm, filet interior M14 pentru placi ceramice, marmura, granit Breckner Germany","2026-06-24T02:05:48.586Z","Casa si gradina","Scule si unelte","4590"
"BK93050","Carota diamantata 45x60mm, filet interior M14 pentru placi ceramice, marmura, granit Breckner Germany","2026-06-24T02:05:48.586Z","Casa si gradina","Scule si unelte","5149"
"BK93051","Carota diamantata 50x60mm, filet interior M14 pentru placi ceramice, marmura, granit Breckner Germany","2026-06-24T02:05:48.586Z","Casa si gradina","Scule si unelte","5749"
"BK93060","Set 5 carote diamantate 6, 8, 10, 12, 14mm, filet interior M14 pentru placi ceramice, marmura, granit Breckner Germany","2026-06-24T02:05:48.586Z","Casa si gradina","Scule si unelte","10349"
"BK93061","Set 7 carote diamantate 10-68mm, filet interior M14 + 2 discuri 115, 125mm pentru placi ceramice, marmura, granit Breckner Germany","2026-06-24T02:05:48.586Z","Casa si gradina","Scule si unelte","34290"
"DISRS40","Intrerupator cuplare tractiune 4x4 John Deere cod OEM AL165520","2026-06-24T02:05:48.586Z","Piese tractoare straine","John Deere","6090"
"BK87219","Robinet banda picurare cu inel 32x32mm pentru sisteme de irigatii","2026-06-24T02:05:48.586Z","Casa si gradina","Sisteme de irigare","169"
"BK87232","Racord drept furtun 32x32mm pentru sisteme de irigatii","2026-06-24T02:05:48.586Z","Casa si gradina","Sisteme de irigare","109"
"BK98464","Cilindru receptor frana dreapta Massey Ferguson seria 4200, 4300 cod OEM 3901456M91","2026-06-24T02:05:48.586Z","Piese tractoare straine","Massey Ferguson","10149"
"BK98468","Kit reparatie cilindru receptor frana Massey Ferguson seria 300, 4200, 4300 cod OEM 1810917, 1810917M92, 1810917M93, 1810917M94, M1810917","2026-06-24T02:05:48.586Z","Piese tractoare straine","Massey Ferguson","1090"
"BK98614","Kit reparatie pompa frana Massey Ferguson seria 300, 600 cod OEM 1810849M91, VPJ7208","2026-06-24T02:05:48.586Z","Piese tractoare straine","Massey Ferguson","2990"
"BK98619","Cilindru receptor frana Deutz Agroprima, DX3, DX4 cod OEM B168828, 0435 1554, 04352554, 04352555, 116120, 4351554, 4352554, 4352555, K4351554, R25035B1, R25035D1, 21/413-28, 0501 002 543, 0501002543, 3048776, 10036847","2026-06-24T02:05:48.586Z","Piese tractoare straine","Deutz","6390"
"BK98623","Cilindru receptor frana dreapta Fendt seria Farmer, GT cod OEM F192101070060","2026-06-24T02:05:48.586Z","Piese tractoare straine","Fendt","7749"
"BK98625","Cilindru receptor frana stanga Fendt seria Farmer, GT cod OEM F192101070050","2026-06-24T02:05:48.586Z","Piese tractoare straine","Fendt","7749"
"DISRS59","Vascocuplaj ventilator Case IH, New Holland cod OEM 430406A1, 388716A1","2026-06-24T02:05:48.586Z","Piese tractoare straine","Case","122049"
"BK82338","Cilindru directie hidraulic New Holland, Fiat 60x360x200mm cod OEM 5164023","2026-06-24T02:05:48.586Z","Piese tractoare straine","New Holland","19049"
"BK82339","Cilindru directie hidraulic New Holland, Case IH 60x355x210mm cod OEM 5165140, 5189887, 85165140","2026-06-24T02:05:48.586Z","Piese tractoare straine","New Holland","22949"
"BK82341","Cilindru directie hidraulic New Holland TNF, TNFA 60x350x205mm cod OEM 5189995","2026-06-24T02:05:48.586Z","Piese tractoare straine","New Holland","16690"
"BK82342","Cilindru directie hidraulic New Holland, Ford, Case IH cod OEM 81869701","2026-06-24T02:05:48.586Z","Piese tractoare straine","New Holland","44290"
"BK91025","Cilindru directie hidraulic New Holland, Case IH 70x380x232mm cod OEM 5198883","2026-06-24T02:05:48.586Z","Piese tractoare straine","New Holland","29749"
"BK98602","Pompa frana dubla New Holland, Case IH, Ford cod OEM 81869963","2026-06-24T02:05:48.586Z","Piese tractoare straine","New Holland","16890"
"BK98618","Cilindru receptor frana Deutz-Fahr cod OEM 04318550","2026-06-24T02:05:48.586Z","Piese tractoare straine","Deutz","11249"
"DISRD35","Comutator priza putere PTO Massey Ferguson ON/OFF cod OEM 4284629M1","2026-06-24T02:05:48.586Z","Piese tractoare straine","Massey Ferguson","9149"
"DISRD37","Intrerupator priza putere PTO John Deere cod OEM AL110031, AL112561, AL208892, 11905003PN, 11905003, 27659177010","2026-06-24T02:05:48.586Z","Piese tractoare straine","John Deere","9149"
"DISRD39","Intrerupator priza putere Massey Ferguson cod OEM 4270311M1, 4270311M2, 4284626M1, 11801006, B70814","2026-06-24T02:05:48.586Z","Piese tractoare straine","Massey Ferguson","8349"
"DISRD46","Intrerupator ridicare hidraulica Case IH, Steyr cod OEM 1-40-558-064, 11911004, 140558064","2026-06-24T02:05:48.586Z","Piese tractoare straine","Case","9149"
"DISRD48","Comutator presiune priza de putere fata Massey Ferguson, Claas, Case IH, John Deere cod OEM 50760083, G816970100020, 11908017, 11908017","2026-06-24T02:05:48.586Z","Piese tractoare straine","Fendt","9149"
"DISRR47","Curea ventilator 8PK1920 John Deere cod OEM R124786, R157688","2026-06-24T02:05:48.586Z","Piese tractoare straine","John Deere","6390"
"DISRR52","Curea transmisie trapezoidala AVX 13x1215 LA Massey Ferguson cod OEM 6216981M1","2026-06-24T02:05:48.586Z","Piese tractoare straine","Massey Ferguson","1790"
"DISRR53","Curea transmisie trapezoidala AVX 13x1534 LA Massey Ferguson cod OEM 3145135M91","2026-06-24T02:05:48.586Z","Piese tractoare straine","Massey Ferguson","2190"
"DISRR67","Motor ventilator aeroterma John Deere cod OEM AH235218","2026-06-24T02:05:48.586Z","Piese tractoare straine","John Deere","19990"
"DISRR94","Elementru filtru combustibil Kubota KX057-4, KX080-4, KX040-4, U55 cod OEM RD451-51940","2026-06-24T02:05:48.586Z","Piese tractoare straine","Kubota","2390"
"DISRS08","Ansamblu filtru hidraulic complet John Deere cod OEM RE72823, RE72353, RE72824","2026-06-24T02:05:48.586Z","Piese tractoare straine","John Deere","89990"
"DISRS15","Tirant lateral dreapta John Deere categoria 3 cod OEM AL169056","2026-06-24T02:05:48.586Z","Piese tractoare straine","John Deere","223849"
"DISRT59","Releu alternator 12V John Deere, Fendt cod OEM 1987237076, F515900010010, AL155404, 001026060, B39176","2026-06-24T02:05:48.586Z","Piese tractoare straine","John Deere","1890"
"DISRT72","Filtru aer exterior John Deere 88x213x373mm cod OEM AL30394, DE17263, XA1431K, C16334, SL8650, SA14514K","2026-06-24T02:05:48.586Z","Piese tractoare straine","John Deere","7649"
"DISRV51","Filtru aer New Holland, Case IH 367x240x59mm cod OEM 87356547, P607557","2026-06-24T02:05:48.586Z","Piese tractoare straine","New Holland","6549"
"DISRV55","Filtru aer exterior Fendt, Massey Ferguson, Mc Cormick 340x211x187mm cod OEM 4286473M2","2026-06-24T02:05:48.586Z","Piese tractoare straine","Fendt","22049"
"DISRR89","Evaporator climatizare Fendt cod OEM F530811140050","2026-06-24T02:05:48.586Z","Piese tractoare straine","Fendt","29490"
"DISRS09","Filtru hidraulic John Deere 100/84x53x240mm cod OEM LVA13065","2026-06-24T02:05:48.586Z","Piese tractoare straine","John Deere","8249"
"DISRS57","Pompa solutie uree New Holland TS6.120 cod OEM 5802855460","2026-06-24T02:05:48.586Z","Piese tractoare straine","New Holland","221949"
"DISRT66","Filtru aer interior Case IH, Fendt, Landini, Massey Ferguson, New Holland, Steyr 87x108x403mm cod OEM 87683000","2026-06-24T02:05:48.586Z","Piese tractoare straine","Case","3949"
"DISRT68","Filtru aer interior Massey Ferguson 54x79x254mm cod OEM 530814M91","2026-06-24T02:05:48.587Z","Piese tractoare straine","Massey Ferguson","3049"
"DISRT69","Filtru aer interior John Deere, Fiat, Same, Landini, Lamborghini, JCB, Massey Ferguson, Case IH 75x90x281mm cod OEM AE30317, AE31724, AL27159, AR81913","2026-06-24T02:05:48.587Z","Piese tractoare straine","John Deere","3290"
"DISRT70","Filtru aer interior Massey Ferguson, Case IH, John Deere, Deutz, Same, JCB 92x105x385mm cod OEM 3901478M1, 3901478M2, AF26396, AZ59703, D00044, S0493712, SCWR128645, WR128645, 01180872, 04415903, 055130R1, 1180872, P780036, CF500, SL8391, SA17089, XA1817","2026-06-24T02:05:48.587Z","Piese tractoare straine","Massey Ferguson","3349"
"DISRT71","Filtru aer exterior John Deere, Landini, Mc Cormick 134.5x237x400mm cod OEM RE34966","2026-06-24T02:05:48.587Z","Piese tractoare straine","John Deere","10590"
"DISRT73","Filtru aer exterior John Deere, Massey Ferguson 131x237x318mm cod OEM RE34962, RE67124, XA1907, SL8984, SA16030","2026-06-24T02:05:48.587Z","Piese tractoare straine","John Deere","7590"
"DISRT75","Filtru aer interior John Deere, Massey Ferguson, Case IH, Caterpillar, JCB, New Holland, Massey Ferguson 109x151x496mm cod OEM AT175224","2026-06-24T02:05:48.587Z","Piese tractoare straine","John Deere","6090"
"DISRT76","Filtru aer interior John Deere, Mc Cormick, Landini 125x380mm cod OEM RE34967, 701518A1, XA1896, SL5607, SA16029, P785403","2026-06-24T02:05:48.587Z","Piese tractoare straine","John Deere","4190"
"DISRT78","Filtru aer John Deere 63x106/126x259mm cod OEM AF19847, AH19847, AT31825, CH12767","2026-06-24T02:05:48.587Z","Piese tractoare straine","John Deere","4049"
"DISRT79","Filtru aer principal John Deere, Caterpillar, Komatsu, New Holland 148x281x405mm cod OEM T191321","2026-06-24T02:05:48.587Z","Piese tractoare straine","John Deere","12249"
"DISRT81","Filtru aer interior John Deere, Massey Ferguson 62x90x325mm cod OEM 4378149M1, RE282287, 006008798F1, 2400031S01, 2400031S1, 49599, 549599, 6008798F1, 70020624","2026-06-24T02:05:48.587Z","Piese tractoare straine","John Deere","5249"
"DISRT82","Filtru aer exterior Massey Ferguson 57x127x274mm cod OEM 1023131M92","2026-06-24T02:05:48.587Z","Piese tractoare straine","Massey Ferguson","3790"
"DISRT83","Filtru aer interior Massey Ferguson, Same 49x113x214mm cod OEM 1023131M92","2026-06-24T02:05:48.587Z","Piese tractoare straine","Massey Ferguson","2249"
"DISRT84","Filtru aer exterior Massey Ferguson 63x104x237mm cod OEM 1886637M91","2026-06-24T02:05:48.587Z","Piese tractoare straine","Massey Ferguson","3549"
"DISRT86","Filtru aer interior New Holland, Case IH, Steyr 110x150x250mm cod OEM 87517153, P783544","2026-06-24T02:05:48.587Z","Piese tractoare straine","New Holland","4049"
"DISRT87","Filtru aer exterior Case IH, New Holland, John Deere, Caterpillar 45x90x186mm cod OEM 72276220","2026-06-24T02:05:48.587Z","Piese tractoare straine","Case","2790"
"DISRT90","Filtru aer exterior New Holland 123x245x395mm cod OEM 82001819","2026-06-24T02:05:48.587Z","Piese tractoare straine","New Holland","12990"
"DISRT91","Filtru aer exterior Fendt, Steyr 64x128x292mm cod OEM X810270073000","2026-06-24T02:05:48.587Z","Piese tractoare straine","Fendt","3890"
"DISRT94","Filtru aer habitaclu John Deere 388x126x57mm cod OEM SJ14010","2026-06-24T02:05:48.587Z","Piese tractoare straine","John Deere","6790"
"DISRT95","Disc ambreiaj Ford 280mm Z=15 cod OEM 1820826","2026-06-24T02:05:48.587Z","Piese tractoare straine","Ford","13790"
"DISRV01","Biela motor Massey Ferguson, Valmet, JCB L=298mm cod OEM 4225011M91","2026-06-24T02:05:48.587Z","Piese tractoare straine","Massey Ferguson","23049"
"DISRV05","Vas expansiune John Deere cod OEM RE307720","2026-06-24T02:05:48.587Z","Piese tractoare straine","John Deere","50649"
"DISRV07","Vas expansiune John Deere cod OEM R243288","2026-06-24T02:05:48.587Z","Piese tractoare straine","John Deere","33049"
"DISRV12","Filtru hidraulic primar John Deere 114x140mm cod OEM AM34670, AR1205R, AR1400, AR1400R, 73327637","2026-06-24T02:05:48.587Z","Piese tractoare straine","John Deere","3690"
"DISRV20","Simering piston ambreiaj transmisie 246x292mm John Deere cod OEM R101214","2026-06-24T02:05:48.587Z","Piese tractoare straine","John Deere","8349"
"DISRV53","Filtru aer exterior Massey Ferguson, Deutz, Fendt, Landini, Same, Valmet, Lamborghini, Hurlimann 340.5x210.5x284.5mm cod OEM 4286479M2","2026-06-24T02:05:48.587Z","Piese tractoare straine","Massey Ferguson","18790"
"DISUE19","Radiator racire apa New Holland TD5000, Case IH JX 615x555x98mm cod OEM 87681423","2026-06-24T02:05:48.587Z","Piese tractoare straine","New Holland","144890"
"DISUE20","Radiator racire apa mini incarcator frontal Case IH 1825, 1825B 460.4x469.9mm cod OEM 109612A2","2026-06-24T02:05:48.587Z","Piese tractoare straine","Case","102290"
"DISUE22","Radiator racire apa John Deere 1105x740x125mm cod OEM RE242256","2026-06-24T02:05:48.587Z","Piese tractoare straine","John Deere","280990"
"DISUE23","Radiator racire apa Case IH Magnum 900x750x135mm cod OEM 140501A2","2026-06-24T02:05:48.587Z","Piese tractoare straine","Case","167590"
"DISRR76","Disc ambreiaj Deutz, Same, Lambroghini, Hurlimann 310mm Z=24 cod OEM 0096924, 00096924","2026-06-24T02:05:48.587Z","Piese tractoare straine","Deutz","27849"
"DISRR77","Disc ambreiaj Ford 280mm Z=10 cod OEM 81824316","2026-06-24T02:05:48.587Z","Piese tractoare straine","Ford","16690"
"DISRR78","Disc frictiune ambreiaj Fiat 130-90R, 180-90R 118.5x160x2.6mm Z=44 cod OEM 5154761","2026-06-24T02:05:48.587Z","Piese tractoare straine","Fiat","2890"
"DISRR79","Condensator aer conditionat John Deere 807x362x73mm cod OEM RE560741","2026-06-24T02:05:48.587Z","Piese tractoare straine","John Deere","43949"
"DISRR93","Suport baterie filtru combustibil Deutz M16x1.5mm cod OEM 01174821","2026-06-24T02:05:48.587Z","Piese tractoare straine","Deutz","3790"
"DISRS03","Garnitura capac fata motor Perkins cod OEM 3681P054","2026-06-24T02:05:48.587Z","Piese tractoare straine","Perkins","8349"
"DISRS21","Garnitura baie ulei John Deere cod OEM R500349, R521498, VPC5462, DZ116644","2026-06-24T02:05:48.587Z","Piese tractoare straine","John Deere","6490"
"DISRS49","Buton pornire John Deere cod OEM AR47373","2026-06-24T02:05:48.587Z","Piese tractoare straine","John Deere","1449"
"DISRT51","Prefiltru aer Fiat 480-640, New Holland TD, TL, TT, Case IH, Ford cod OEM 4997662","2026-06-24T02:05:48.587Z","Piese tractoare straine","Fiat","2690"
"DISRT64","Filtru aer exterior New Holland, Case IH, Steyr 281x315mm cod OEM 87324475","2026-06-24T02:05:48.587Z","Piese tractoare straine","New Holland","15049"
"DISRT65","Filtru aer interior Massey Ferguson, JCB, Case IH, Gehl, Bobcat 61x92x357mm cod OEM A173291, 266222, 1014900, 151849143, 1336993C1, 0774386, 10472599","2026-06-24T02:05:48.587Z","Piese tractoare straine","Massey Ferguson","2849"
"DISRT80","Filtru aer exterior John Deere, New Holland, Deutz, Manitou 95x160x355mm cod OEM ER263060","2026-06-24T02:05:48.587Z","Piese tractoare straine","John Deere","4290"
"DISRT89","Filtru aer exterior John Deere 88x157x315mm cod OEM AT44377","2026-06-24T02:05:48.587Z","Piese tractoare straine","John Deere","6790"
"DISRT97","Disc ambreiaj John Deere 327mm Z=10 cod OEM AL69935","2026-06-24T02:05:48.587Z","Piese tractoare straine","John Deere","27090"
"DISRT98","Disc ambreiaj Ford 280mm Z=10 cod OEM 82006626","2026-06-24T02:05:48.587Z","Piese tractoare straine","Ford","17990"
"DISRV03","Garnitura chiulasa John Deere 128.6mm cod OEM R55182, R80026, RE34010, RE47336, H08443-00, FP-RE47336, 61-45430-10, ENT010066","2026-06-24T02:05:48.587Z","Piese tractoare straine","John Deere","11590"
"DISRV04","Vas expansiune John Deere 7000, 7010 cod OEM RE154390","2026-06-24T02:05:48.587Z","Piese tractoare straine","John Deere","30849"
"DISRV13","Filtru ulei hidraulic Massey Ferguson 22x42x92mm cod OEM 3792287M1","2026-06-24T02:05:48.587Z","Piese tractoare straine","Massey Ferguson","2790"
"DISRV18","Pompa ulei motor Deutz, Iveco, Volvo cod OEM 04258382, 04258673, 04254996, 04254997, 04502445, 04515823, F836200210070","2026-06-24T02:05:48.587Z","Piese tractoare straine","Deutz","81890"
"DISRT57","Alternator 12V, 40A New Holland, Volvo, Perkins, Mitsubishi, Ford cod OEM 185046320","2026-06-24T02:05:48.587Z","Piese tractoare straine","New Holland","53390"
"DISRV52","Filtru aer exterior Case IH, Massey Ferguson 88x154x290mm cod OEM 3125342R1, 1096468M91","2026-06-24T02:05:48.587Z","Piese tractoare straine","Case","5590"
"DISRV56","Filtru aer secundar John Deere 76x92x235mm cod OEM AL67195, CA8446CY, CA8446SY, P539242","2026-06-24T02:05:48.587Z","Piese tractoare straine","John Deere","2290"
"DISRV57","Filtru aer cabina John Deere 165x276x190mm cod OEM AH115833","2026-06-24T02:05:48.587Z","Piese tractoare straine","John Deere","9049"
"DISRV58","Filtru aer interior John Deere 75x84x332mm cod OEM AL30395","2026-06-24T02:05:48.587Z","Piese tractoare straine","John Deere","2849"
"DISRV60","Filtru aer interior Deutz, Fendt, Lamborghini, Massey Ferguson, Same 320x189x40mm cod OEM 3685267M1","2026-06-24T02:05:48.587Z","Piese tractoare straine","Deutz","5149"
"DISRV62","Filtru aer exterior motor Perkins 75x145x320mm cod OEM 135326206, SPK0000400, XA1137, P629560, SL81145, B140563","2026-06-24T02:05:48.587Z","Piese tractoare straine","Perkins","4390"
"DISRV63","Cablu baterie rosu negativ John Deere 966mm cod OEM AR28950","2026-06-24T02:05:48.587Z","Piese tractoare straine","John Deere","8649"
"DISRV70","Carcasa rulment cu flansa John Deere cod OEM N15764","2026-06-24T02:05:48.587Z","Piese tractoare straine","John Deere","334"
"DISRV78","Ansamblu motor ventilator aeroterma cabina Case IH, New Holland cod OEM 323610A1","2026-06-24T02:05:48.587Z","Piese tractoare straine","Case","71190"
"DISRV84","Ansamblu motor ventilator aeroterma cabina Massey Ferguson cod OEM 3310831M91","2026-06-24T02:05:48.587Z","Piese tractoare straine","Massey Ferguson","31749"
"DISRV86","Ansamblu motor ventilator aeroterma cabina cu turbina Massey Ferguson cod OEM 3904296M1","2026-06-24T02:05:48.587Z","Piese tractoare straine","Massey Ferguson","25049"
"DISRV94","Disc frictiune frana diferential New Holland, Case IH 305mm Z=18 cod OEM 120488C1","2026-06-24T02:05:48.587Z","Piese tractoare straine","New Holland","16290"
"DISRV98","Disc frictiune frana Fiat 109x3.3mm cod OEM 5118095","2026-06-24T02:05:48.587Z","Piese tractoare straine","Fiat","1849"
"DISRV99","Disc frana intermediar Case IH, Fiat, Steyr 325mm cod OEM 5110138","2026-06-24T02:05:48.587Z","Piese tractoare straine","Case","19749"
"DISRW02","Disc frictiune frana New Holland, Ford, Case IH 109x4.5mm cod OEM 5118100","2026-06-24T02:05:48.587Z","Piese tractoare straine","New Holland","2090"
"DISRV25","Furtun radiator New Holland, Ford, Fiat, Case IH 430mm, D=50/60mm cod OEM 82009831","2026-06-24T02:05:48.587Z","Piese tractoare straine","New Holland","3390"
"DISRW03","Disc frictiune frana John Deere 267x323x3.3mm Z=104 cod OEM AR94515","2026-06-24T02:05:48.587Z","Piese tractoare straine","John Deere","10949"
"DISRW05","Disc frictiune frana John Deere 57.6x334x7.7mm Z=15 cod OEM RE160072","2026-06-24T02:05:48.587Z","Piese tractoare straine","John Deere","29490"
"DISRW06","Disc frictiune frana Massey Ferguson 59.1x220x13.5mm Z=27 cod OEM 3609079M1","2026-06-24T02:05:48.587Z","Piese tractoare straine","Massey Ferguson","10749"
"DISRW10","Tub aerisire presiune ulei motor Perkins cod OEM 4134K014, 4134K021, 4225042M1","2026-06-24T02:05:48.587Z","Piese tractoare straine","Perkins","5790"
"DISRW13","Bucsa dreapta ax ridicare hidraulica Fiat, Case IH, Ford, Steyr 55.1x60x40mm cod OEM 5108108","2026-06-24T02:05:48.587Z","Piese tractoare straine","Fiat","1590"
"DISUZ74","Bucsa pedala ambreiaj New Holland, Ford 28.8x30.4x38.1mm cod OEM 81805431","2026-06-24T02:05:48.587Z","Piese tractoare straine","New Holland","901"
"DISUZ75","Bucsa fuzeta Ford, New Holland 45x51x47.5mm cod OEM 81802797","2026-06-24T02:05:48.587Z","Piese tractoare straine","Ford","1090"
"DISUZ76","Bucsa punte fata Fiat, New Holland, Ford 115.5x120x52mm cod OEM 5140589","2026-06-24T02:05:48.587Z","Piese tractoare straine","Fiat","4990"
"DISUZ82","Bucsa punte fata Massey Ferguson 70x76x45mm cod OEM 3530244M1","2026-06-24T02:05:48.587Z","Piese tractoare straine","Massey Ferguson","2349"
"DISRV24","Furtun superior radiator New Holland, Ford, Fiat, Case IH 350mm, D=50mm cod OEM 82000889","2026-06-24T02:05:48.587Z","Piese tractoare straine","New Holland","3390"
"DISRV28","Garnitura o-ring priza putere John Deere 50x57x3.5mm cod OEM P50631","2026-06-24T02:05:48.587Z","Piese tractoare straine","John Deere","100"
"BK82340","Cilindru directie hidraulic New Holland, Fiat, Case IH, Deutz, Ford 60x357x200mm cod OEM 5142046","2026-06-24T02:05:48.587Z","Piese tractoare straine","New Holland","26090"
"BK98603","Pompa frana New Holland, Valmet cod OEM 89509901","2026-06-24T02:05:48.587Z","Piese tractoare straine","New Holland","11690"
"DISRR61","Compresor clima AC 12V New Holland, Case IH cod OEM 84279787","2026-06-24T02:05:48.587Z","Piese tractoare straine","New Holland","86790"
"DISRR71","Pompa frana dubla Valtra, Valmet cod OEM V36790610","2026-06-24T02:05:48.587Z","Piese tractoare straine","Valtra (Valmet)","192449"
"DISRR85","Bara remorcare John Deere 1112.8x76.2x38.1mm cod OEM L115073","2026-06-24T02:05:48.587Z","Piese tractoare straine","John Deere","81190"
"DISRS16","Microintrerupator maneta comanda John Deere cu papuci electrici 8mm cod OEM AL77145","2026-06-24T02:05:48.587Z","Piese tractoare straine","John Deere","467"
"DISRS26","Bolt tirant lateral Case IH, Ford, Fiat, New Holland 19mm L=104mm cod OEM 5125861","2026-06-24T02:05:48.587Z","Piese tractoare straine","Case","801"
"DISRT96","Disc ambreiaj priza putere Fiat 310mm Z=10 cod OEM 5144741, 5154514, 5156514","2026-06-24T02:05:48.587Z","Piese tractoare straine","Fiat","19190"
"DISRS55","Tirant central John Deere reglabil 650-900mm, categoria 3-3, filet M36x4 cod OEM AL213990","2026-06-24T02:05:48.587Z","Piese tractoare straine","John Deere","138249"
"DISRS56","Tija reglabila John Deere reglabil 710-880mm, categoria 2-2, filet M30x3.5 cod OEM AL200838","2026-06-24T02:05:48.587Z","Piese tractoare straine","John Deere","36749"
"DISRS62","Presetupa pompa apa Massey Ferguson, Landini 16x36.5x22mm cod OEM 2418M004","2026-06-24T02:05:48.587Z","Piese tractoare straine","Massey Ferguson","1349"
"DISRS66","Adaptor cablaj racord pompa combustibil John Deere 2 pini cod OEM AL169430","2026-06-24T02:05:48.587Z","Piese tractoare straine","John Deere","4690"
"DISRT46","Compresor clima AC 12V Ford seria 40 cod OEM 84279787","2026-06-24T02:05:48.587Z","Piese tractoare straine","Ford","81349"
"DISRT47","Senzor presiune clima AC Case IH Maxxum cod OEM 234921A1","2026-06-24T02:05:48.587Z","Piese tractoare straine","Case","6490"
"DISRT49","Acumulator hidraulic John Deere seria 8R, 8020 cod OEM RE321770","2026-06-24T02:05:48.587Z","Piese tractoare straine","John Deere","84549"
"DISRT61","Pompa hidraulica cu pistoane axiale John Deere, debit 109 L/min, rotatie dreapta cod OEM AL161043","2026-06-24T02:05:48.587Z","Piese tractoare straine","John Deere","833190"
"DISRT88","Senzor presiune clima AC New Holland, Case IH, Mc Cormick cod OEM 87000227","2026-06-24T02:05:48.587Z","Piese tractoare straine","New Holland","6590"
"DISRT99","Cuzineti biela STD John Deere 26.6mm cod OEM AR97517","2026-06-24T02:05:48.587Z","Piese tractoare straine","John Deere","1949"
"DISRV06","Vas expansiune recuperare lichid racire John Deere 292.1x233.7x177.8mm cod OEM RE65856","2026-06-24T02:05:48.587Z","Piese tractoare straine","John Deere","33049"
"DISRV08","Suport ventilator John Deere cod OEM RE503664","2026-06-24T02:05:48.587Z","Piese tractoare straine","John Deere","26749"
"DISRV35","Termostat John Deere 54x38mm cod OEM RE528652","2026-06-24T02:05:48.587Z","Piese tractoare straine","John Deere","4049"
"DISRV79","Ansamblu motor ventilator aeroterma cabina Case IH 174x375x189mm cod OEM 1977564C1","2026-06-24T02:05:48.587Z","Piese tractoare straine","Case","45649"
"DISRV80","Motor ventilator aeroterma cabina Deutz, Hurlimann, Same, Lamborghini 145.5mm cod OEM 0.900.0035.3","2026-06-24T02:05:48.587Z","Piese tractoare straine","Deutz","51090"
"DISRV85","Ansamblu motor ventilator aeroterma cabina Massey Ferguson 349.3x165.1x139.7mm cod OEM 3478331M91","2026-06-24T02:05:48.588Z","Piese tractoare straine","Massey Ferguson","28649"
"DISRV87","Ansamblu motor ventilator aeroterma cabina New Holland, Deutz, Ford cod OEM 81870361","2026-06-24T02:05:48.588Z","Piese tractoare straine","New Holland","23390"
"DISRW08","Sabot frana Deutz, Fendt 38x185mm cod OEM H199100150100","2026-06-24T02:05:48.588Z","Piese tractoare straine","Deutz","4249"
"DISRW09","Sabot frana Fendt 30x190mm cod OEM H205100150010","2026-06-24T02:05:48.588Z","Piese tractoare straine","Fendt","4049"
"DISUZ72","Bucsa planetara fata New Holland, Fiat, Ford 62x85x43mm cod OEM 4996755","2026-06-24T02:05:48.588Z","Piese tractoare straine","New Holland","5090"
"BK98611","Cilindru receptor frana New Holland, Case IH cod OEM 87748455","2026-06-24T02:05:48.588Z","Piese tractoare straine","New Holland","10449"
"DISRD31","Intrerupator ridicare hidraulica Fendt cod OEM G716920100010","2026-06-24T02:05:48.588Z","Piese tractoare straine","Fendt","8590"
"DISRS17","Microintrerupator maneta comanda John Deere cu papuci electrici 6mm cod OEM AL153671","2026-06-24T02:05:48.588Z","Piese tractoare straine","John Deere","311"
"DISRD41","Intrerupator ridicare hidraulica Fendt cod OEM G816860100201","2026-06-24T02:05:48.588Z","Piese tractoare straine","Fendt","8590"
"DISRD49","Intrerupator priza putere PTO Case IH, Steyr cod OEM 1-40-558-044, 140558044","2026-06-24T02:05:48.588Z","Piese tractoare straine","Case","8590"
"DISRD51","Intrerupator ridicare hidraulica Deutz, Same, Lamborghini cod OEM 2.7659.141.0, 276591410","2026-06-24T02:05:48.588Z","Piese tractoare straine","Deutz","8590"
"DISRR63","Rulment fulie ventilator John Deere 25.4x47.6x124.6mm cod OEM JD10058","2026-06-24T02:05:48.588Z","Piese tractoare straine","John Deere","7249"
"DISRR73","Disc intermediar ambreiaj Massey Ferguson 163x232x4mm cod OEM 3619156M1","2026-06-24T02:05:48.588Z","Piese tractoare straine","Massey Ferguson","6149"
"DISRR80","Conector conducta alimentare verde New Holland, Steyr, Case IH cod OEM 87489625","2026-06-24T02:05:48.588Z","Piese tractoare straine","New Holland","1590"
"DISRR81","Conector conducta alimentare rosu New Holland, Steyr, Case IH cod OEM 87489624","2026-06-24T02:05:48.588Z","Piese tractoare straine","New Holland","1590"
"DISRR86","Furca arbore transmisie finala John Deere L=192mm Z=14 cod OEM R271433","2026-06-24T02:05:48.588Z","Piese tractoare straine","John Deere","16990"
"DISRR87","Furca arbore transmisie finala John Deere L=203mm Z=12 cod OEM R212837","2026-06-24T02:05:48.588Z","Piese tractoare straine","John Deere","16990"
"DISRR97","Buson rezervor combustibil John Deere cod OEM AT310335","2026-06-24T02:05:48.588Z","Piese tractoare straine","John Deere","2590"
"DISRR99","Amortizor geam spate New Holland, Steyr, Massey Ferguson, Landini 585mm cod OEM 3902140M1","2026-06-24T02:05:48.588Z","Piese tractoare straine","New Holland","3349"
"DISRS10","Pompa hidraulica New Holland, Ford debit 25 cm3, rotatie dreapta cod OEM 5168841","2026-06-24T02:05:48.588Z","Piese tractoare straine","New Holland","41749"
"DISRS11","Pivot directie Case IH, New Holland, Steyr cod OEM 87382577","2026-06-24T02:05:48.588Z","Piese tractoare straine","Case","10049"
"DISRS12","Pivot directie inferior Case IH, New Holland, Steyr cod OEM 87333763","2026-06-24T02:05:48.588Z","Piese tractoare straine","Case","6849"
"DISRS29","Piston motor 111.78 Ford, New Holland echipat cu segmenti, bolt 38.1mm si sigurante cod OEM C7NN6108V, D2NN6108N, D4NN6108AA, S65820, S67001, 81817183, 81827181, 81846014, 83960615","2026-06-24T02:05:48.588Z","Piese tractoare straine","Ford","23949"
"DISRS35","Regulator redresor tensiune 12V John Deere cod OEM M807915","2026-06-24T02:05:48.588Z","Piese tractoare straine","John Deere","8590"
"DISRS36","Releu bujie incandescenta John Deere cod OEM 5801401694","2026-06-24T02:05:48.588Z","Piese tractoare straine","John Deere","16490"
"DISRS44","Inel siguranta elastica seeger John Deere 50mm cod OEM 40M7166","2026-06-24T02:05:48.588Z","Piese tractoare straine","John Deere","245"
"DISRS53","Semiinele cuzinet axial STD Deutz-Fahr, Fendt 114x2.15mm cod OEM 02931585, 04284640, 20850116, 79356600","2026-06-24T02:05:48.588Z","Piese tractoare straine","Deutz","1690"
"DISRS64","Surub butuc roata New Holland, Case IH, Steyr 16x1.5mm cod OEM 87618916","2026-06-24T02:05:48.588Z","Piese tractoare straine","New Holland","1190"
"DISRS67","Priza auxiliara John Deere cod OEM RE51091","2026-06-24T02:05:48.588Z","Piese tractoare straine","John Deere","18390"
"DISRT58","Fulie alternator John Deere 17x61x38.5mm OEM AL161112","2026-06-24T02:05:48.588Z","Piese tractoare straine","John Deere","11690"
"DISRT60","Deget melc heder escamotabil John Deere 16x260mm cod OEM H102724","2026-06-24T02:05:48.588Z","Piese tractoare straine","John Deere","1490"
"DISRV02","Capac carcasa cama melc heder John Deere cod OEM H164061","2026-06-24T02:05:48.588Z","Piese tractoare straine","John Deere","55690"
"DISRV14","Rola intinzatoare curea transmisie Fendt 80x44mm cod OEM 916201040180","2026-06-24T02:05:48.588Z","Piese tractoare straine","Fendt","13790"
"DISRV16","Contact pornire cu 2 chei John Deere cod OEM RE264579","2026-06-24T02:05:48.588Z","Piese tractoare straine","John Deere","7190"
"DISRV22","Simering ulei John Deere 57.19x76.2x9.52mm OEM AL39391","2026-06-24T02:05:48.588Z","Piese tractoare straine","John Deere","500"
"DISRV29","Senzor pozitie ridicare hidraulica Case IH, New Holland, Steyr 3 pini cod OEM 87605245","2026-06-24T02:05:48.588Z","Piese tractoare straine","Case","8149"
"DISRV30","Senzor cutie viteze Massey Ferguson 38mm, filet M14x1.5 cod OEM 3792196M1","2026-06-24T02:05:48.588Z","Piese tractoare straine","Massey Ferguson","6690"
"DISRV31","Burduf schimbator viteze John Deere 10x58mm cod OEM L31055","2026-06-24T02:05:48.588Z","Piese tractoare straine","John Deere","890"
"DISRV32","Burduf maneta schimbator viteze Fiat 14x43mm cod OEM 4999009","2026-06-24T02:05:48.588Z","Piese tractoare straine","Fiat","722"
"DISRV33","Electrovalva hidraulica John Deere cod OEM RE244397","2026-06-24T02:05:48.588Z","Piese tractoare straine","John Deere","33990"
"DISRV34","Senzor stop frana Massey Ferguson cod OEM 3596851M2","2026-06-24T02:05:48.588Z","Piese tractoare straine","John Deere","4749"
"DISRV64","Cablaj baterie la demaror Ford 317.5mm cod OEM D1NN14300F","2026-06-24T02:05:48.588Z","Piese tractoare straine","Ford","3990"
"DISRV66","Cablaj baterie masa Ford 863.6mm cod OEM C7NN14301C","2026-06-24T02:05:48.588Z","Piese tractoare straine","Ford","5190"
"DISRV68","Carcasa rulment cu flansa John Deere, Claas 70x122mm cod OEM AH129420","2026-06-24T02:05:48.588Z","Piese tractoare straine","John Deere","1449"
"DISRV69","Carcasa rulment cu flansa John Deere 78x148mm cod OEM Z34740","2026-06-24T02:05:48.588Z","Piese tractoare straine","John Deere","1090"
"DISRV71","Flansa priza putere Massey Ferguson cod OEM 899331M1","2026-06-24T02:05:48.588Z","Piese tractoare straine","Massey Ferguson","6249"
"DISRV72","Fulie intinzator curea John Deere 16x170x39mm cod OEM AH14097","2026-06-24T02:05:48.588Z","Piese tractoare straine","John Deere","10990"
"DISRV73","Rola intinzatoare curea ecran rotativ John Deere 10x90x21mm cod OEM AH169549","2026-06-24T02:05:48.588Z","Piese tractoare straine","John Deere","5149"
"DISRV74","Rola antrenare tocator paie John Deere 20x215x60mm cod OEM AH210837","2026-06-24T02:05:48.588Z","Piese tractoare straine","John Deere","14890"
"DISRV76","Rola intinzatoare transportor alimentare combine John Deere 17x200x70mm cod OEM AH204389","2026-06-24T02:05:48.588Z","Piese tractoare straine","John Deere","15690"
"DISRV89","Carcasa rulment cu flansa John Deere 70x122mm cod OEM Z44269","2026-06-24T02:05:48.588Z","Piese tractoare straine","John Deere","2249"
"DISRV96","Disc frictiune frana Deutz 222mm Z=28 cod OEM 04417527","2026-06-24T02:05:48.588Z","Piese tractoare straine","Deutz","9390"
"DISRV97","Disc frana intermediar Deutz 227mm cod OEM 04417528","2026-06-24T02:05:48.588Z","Piese tractoare straine","Deutz","6290"
"DISRW01","Disc frana intermediar Ford 114x209mm cod OEM 81802536","2026-06-24T02:05:48.588Z","Piese tractoare straine","Deutz","2690"
"DISRW12","Bucsa ax ridicare hidraulica Fiat 30x42x13mm cod OEM 5111451","2026-06-24T02:05:48.588Z","Piese tractoare straine","Fiat","467"
"DISUZ73","Bucsa punte fata New Holland, Fiat, Ford 90x99x72mm cod OEM 5136120","2026-06-24T02:05:48.588Z","Piese tractoare straine","New Holland","4549"
"DISUZ77","Bucsa biela John Deere 41.24x46.3x34.78mm cod OEM R56186, R57451, RE63913","2026-06-24T02:05:48.588Z","Piese tractoare straine","John Deere","1190"
"DISUZ78","Bucsa punte fata John Deere 120.2x127x40mm cod OEM R271461","2026-06-24T02:05:48.588Z","Piese tractoare straine","John Deere","11249"
"DISUZ80","Bucsa ax came John Deere 67.5x70x26mm cod OEM R527877","2026-06-24T02:05:48.588Z","Piese tractoare straine","John Deere","1749"
"BK98109","Lift electric materiale constructii 300kg, inaltime maxima 5m cu telecomanda","2026-06-24T02:05:48.588Z","Casa si gradina","Scule si unelte","728849"
"BK98680","Cleste de crotaliat bovine si ovine compatibil cu majoritatea tipurilor de crotalii de pe piata, cui rezerva inclus","2026-06-24T02:05:48.588Z","Zootehnie","Marcare animale","3649"
"DISRR74","Placa presiune ambreiaj Deutz-Fahr, Lamborghini, Same 330mm cod OEM 0.012.7094.3, 001270943","2026-06-24T02:05:48.588Z","Piese tractoare straine","Deutz","75649"
"DISRR75","Ambreiaj asamblat Deutz-Fahr, Same 280mm Z=20 cod OEM 0.019.8634.4, 001986344","2026-06-24T02:05:48.588Z","Piese tractoare straine","Deutz","194690"
"DISRS43","Filtru compresor aer New Holland 87mm cod OEM 4324070150","2026-06-24T02:05:48.588Z","Piese tractoare straine","New Holland","1790"
"DISRT56","Alternator 24V, 80A John Deere, Volvo FH 2005- cod OEM AT303320","2026-06-24T02:05:48.588Z","Piese tractoare straine","John Deere","84549"
"DISRT93","Bucsa ax volan Massey Ferguson 22.24x24x31.5mm cod OEM 1853112M1","2026-06-24T02:05:48.588Z","Piese tractoare straine","Massey Ferguson","679"
"DISRV10","Filtru sita pompa alimentare motor Perkins seria 100, 400, 1100 cod OEM 130306360","2026-06-24T02:05:48.588Z","Piese tractoare straine","Perkins","1649"
"DISRV11","Senzor presiune rampa injectie Case IH seria MXM, MXU, Alfa Romeo 3 pini cod OEM 2831362","2026-06-24T02:05:48.588Z","Piese tractoare straine","Case","10190"
"DISRV19","Pompa ulei motor Deutz, Fendt, Hurlimann cod OEM 04258382, F718202210100, F836200210070, F836200210520","2026-06-24T02:05:48.588Z","Piese tractoare straine","Deutz","93890"
"DISRV26","Set reparatie diferential Dana Spicer John Deere cod OEM AL174044","2026-06-24T02:05:48.588Z","Piese tractoare straine","John Deere","42090"
"DISRV36","Scaun supapa admisie si evacuare John Deere 35.55x41.64x6.1mm cod OEM R527285, R522049","2026-06-24T02:05:48.588Z","Piese tractoare straine","John Deere","423"
"DISRV37","Scaun supapa admisie John Deere 39.3x47.2x6.6mm cod OEM R106830","2026-06-24T02:05:48.588Z","Piese tractoare straine","John Deere","467"
"DISRV38","Scaun supapa evacuare John Deere 27.94x36.5x6.14mm cod OEM RE518083","2026-06-24T02:05:48.588Z","Piese tractoare straine","John Deere","423"
"DISRV40","Simering supapa Ford, New Holland 9x21.67x16.7mm cod OEM C5NE6571A, 81804329, 86602420","2026-06-24T02:05:48.588Z","Piese tractoare straine","Ford","124"
"DISRV41","Tachet supapa motor John Deere 17.4x32.1x65mm cod OEM R52773","2026-06-24T02:05:48.588Z","Piese tractoare straine","John Deere","1890"
"DISRV42","Prezon roata fata John Deere, Case IH, Fiat L=72mm, filet M18x1.5mm cod OEM L112112, L55598","2026-06-24T02:05:48.588Z","Piese tractoare straine","John Deere","1849"
"DISRV65","Cablaj masa baterie Ford 178mm cod OEM D1NN14301H","2026-06-24T02:05:48.588Z","Piese tractoare straine","Ford","2449"
"DISUZ83","Bucsa planetara fata Massey Ferguson, Landini 40x44x40mm cod OEM 3426938M1","2026-06-24T02:05:48.588Z","Piese tractoare straine","Massey Ferguson","689"
"DISRR68","Surub coroana grup conic John Deere L=20mm, filet M8x1.25mm cod OEM R272325","2026-06-24T02:05:48.588Z","Piese tractoare straine","John Deere","109"
"DISRR69","Surub pivot punte fata John Deere, Hitachi L=45mm, filet M14x2mm cod OEM 81867688, 19M6332, ER126922","2026-06-24T02:05:48.588Z","Piese tractoare straine","John Deere","506"
"DISRS14","Conector stecher mufa girofar John Deere, Caterpillar, Fendt cod OEM RE11344, X830230550000","2026-06-24T02:05:48.588Z","Piese tractoare straine","John Deere","3049"
"DISRS20","Garnitura baie ulei Case IH, Cummins, Iveco, DAF, New Holland 17.3mm cod OEM 4897861","2026-06-24T02:05:48.588Z","Piese tractoare straine","Case","3590"
"DISRS25","Maner usa exterior stanga/dreapta John Deere cod OEM AL113174","2026-06-24T02:05:48.588Z","Piese tractoare straine","John Deere","9890"
"DISRS48","Comutator ridicare ax Deutz-Fahr 3 pini cod OEM 2.7659.177.0/20","2026-06-24T02:05:48.588Z","Piese tractoare straine","Deutz","5790"
"DISRS63","Prezon roata fata Ford, Case IH, Massey Ferguson L=50.4mm, filet 1/2-20 UNF cod OEM 528803R1, 453769R1","2026-06-24T02:05:48.588Z","Piese tractoare straine","Ford","591"
"DISRV09","Pompa alimentare Massey Ferguson seria 8100, 8200 cod OEM 836340066, V836340066, 0440008068","2026-06-24T02:05:48.588Z","Piese tractoare straine","Massey Ferguson","8490"
"DISRV15","Contact pornire cu 2 chei Deutz-Fahr 5 pini cod OEM 0.015.0485.4, 001504854","2026-06-24T02:05:48.588Z","Piese tractoare straine","Deutz","9349"
"DISRV21","Simering pivot Case IH, New Holland, Fiat 70x90x11mm cod OEM 5121907","2026-06-24T02:05:48.588Z","Piese tractoare straine","Case","745"
"DISRV39","Scaun supapa admisie John Deere 30.2x37.5x6.28mm cod OEM RE518082, R504969, R515034","2026-06-24T02:05:48.588Z","Piese tractoare straine","John Deere","400"
"DISRD44","Intrerupator ridicare hidraulica Case IH CS, CVX, Steyr 9000, 9100, CVT 6000 cod OEM 47111210","2026-06-24T02:05:48.588Z","Piese tractoare straine","Case","6949"
"DISRR95","Tub combustibil injector John Deere 61mm cod OEM RE522594","2026-06-24T02:05:48.588Z","Piese tractoare straine","John Deere","12390"
"DISRS01","Garnitura conducta turbo John Deere cod OEM R123570, R105346, R97349, VPC1804, B160198","2026-06-24T02:05:48.588Z","Piese tractoare straine","John Deere","264"
"DISRS22","Senzor presiune ulei Massey Ferguson seria TH, 8000, 9000 cod OEM 4226674M1","2026-06-24T02:05:48.588Z","Piese tractoare straine","Massey Ferguson","4249"
"DISRS50","Comutator dublu ridicare-coborare hidraulica Massey Ferguson, Valtra, Challenger cod OEM 4289349M4","2026-06-24T02:05:48.588Z","Piese tractoare straine","Massey Ferguson","11349"
"DISRS51","Termostat Massey Ferguson, Valtra 67mm cod OEM V837081319","2026-06-24T02:05:48.588Z","Piese tractoare straine","Massey Ferguson","3890"
"DISRS52","Carcasa termostat John Deere seria 10, 20, 30, 35, 40, 300, 3000, 3010 cod OEM T20317","2026-06-24T02:05:48.588Z","Piese tractoare straine","John Deere","5049"
"DISRS54","Semiinele cuzinet axial STD John Deere seria 7010, 7020, 8010, 8020, 8R, 9000, 9020 cod OEM RE61253","2026-06-24T02:05:48.588Z","Piese tractoare straine","John Deere","3049"
"DISRT53","Epurator gaze carter Deutz, Same, Lamborghini cod OEM 04291238, 04905110, 380/4905110, 4291238, 4905110 04291238","2026-06-24T02:05:48.588Z","Piese tractoare straine","Deutz","13249"
"DISRT54","Epurator gaze carter Deutz, Fendt cod OEM F119200210420","2026-06-24T02:05:48.588Z","Piese tractoare straine","Deutz","14390"
"DISRT63","Intrerupator pedala ambreiaj Massey Ferguson, Ford, New Holland cod OEM 963417M1","2026-06-24T02:05:48.588Z","Piese tractoare straine","Massey Ferguson","1849"
"DISRT85","Filtru aer interior Massey Ferguson 52x220mm cod OEM 1887575M91","2026-06-24T02:05:48.588Z","Piese tractoare straine","Massey Ferguson","3490"
"DISRV17","Cuzineti palier pereche STD John Deere cod OEM AR74814, AR44625","2026-06-24T02:05:48.588Z","Piese tractoare straine","John Deere","2090"
"DISRV23","Tija culbutori motor Fiat, Ford, New Holland 7.6x250mm cod OEM 123/98471529, 98471529, 4770455, 98471533","2026-06-24T02:05:48.589Z","Piese tractoare straine","Fiat","1390"
"DISRV27","Buson vas expansiune Case IH cod OEM 92277817","2026-06-24T02:05:48.589Z","Piese tractoare straine","Case","1849"
"DISRV77","Fulie pompa apa Massey Ferguson Ø 120/160mm cod OEM 735034M1","2026-06-24T02:05:48.589Z","Piese tractoare straine","Massey Ferguson","2890"
"DISRV88","Rezistenta ventilator habitaclu Ford, New Holland, Bobcat, JCB cod OEM 7021380","2026-06-24T02:05:48.589Z","Piese tractoare straine","Ford","11549"
"DISRW11","Bucsa punte fata Massey Ferguson, Case IH, Ford, Renault, John Deere, Valmet 125x135x42mm cod OEM 337255A1","2026-06-24T02:05:48.589Z","Piese tractoare straine","Massey Ferguson","4590"
"DISRW15","Bucsa stanga ax ridicare hidraulica New Holland, Fiat 62.8x68.2x40mm cod OEM 5117165","2026-06-24T02:05:48.589Z","Piese tractoare straine","New Holland","1990"
"DISUZ79","Bucsa suport punte fata John Deere 100x110x28mm cod OEM R212887","2026-06-24T02:05:48.589Z","Piese tractoare straine","John Deere","2190"
"DISRW14","Bucsa ax came Ford, New Holland 61x64.5x19.5mm cod OEM 81810774, 81810777, 87301590, 87800499","2026-06-24T02:05:48.589Z","Piese tractoare straine","Ford","1190"
"DISUT15","Cantar electronic suspendat cu carlig 1000 kg, telecomanda, afisaj digital LED","2026-06-24T02:05:48.589Z","Casa si gradina","Scule si unelte","29490"
"DISUT16","Cantar electronic suspendat cu carlig 1500kg, telecomanda, afisaj digital LED","2026-06-24T02:05:48.589Z","Casa si gradina","Scule si unelte","35049"
"BK87125","Aparat generator de impulsuri 14 Joule, 12V/220V, 140 km cu afisaj LCD pentru gard electric IPX6 Breckner Germany","2026-06-24T02:05:48.589Z","Zootehnie","Gard electric","55890"
"BK87126","Aparat generator de impulsuri 12 Joule, 12V/220V, 80 km pentru gard electric IPX6 Breckner Germany","2026-06-24T02:05:48.589Z","Zootehnie","Gard electric","46949"
"BK87127","Aparat generator de impulsuri 3 Joule, 12V/220V, 18 km pentru gard electric Breckner Germany","2026-06-24T02:05:48.589Z","Zootehnie","Gard electric","27149"
"BK87737","Capcana animale metalica tip cusca pentru soareci si rozatoare 18.5x10x7cm","2026-06-24T02:05:48.589Z","Casa si gradina","Produse antidaunatori","2490"
"BK87738","Capcana animale metalica tip cusca pentru sobolani si soareci 31x15x16.5cm","2026-06-24T02:05:48.589Z","Casa si gradina","Produse antidaunatori","4649"
"BK87739","Capcana soareci metalica galvanizata profesionala 26.5x16x5cm","2026-06-24T02:05:48.589Z","Casa si gradina","Produse antidaunatori","3590"
"BK88537","Mufa compresiune dreapta egala 20x20mm PN16 pentru sisteme de irigatii","2026-06-24T02:05:48.589Z","Casa si gradina","Sisteme de irigare","230"
"BK88543","Mufa conector stut egal tub picurare 16x16mm pentru sisteme de irigatii","2026-06-24T02:05:48.589Z","Casa si gradina","Sisteme de irigare","47"
"DISRT77","Filtru aer exterior John Deere, Hitachi 88.4x254.8x304.8mm cod OEM AR46481, A576C, 9885779, 3I0233, AF829, 42926","2026-06-24T02:05:48.589Z","Piese tractoare straine","John Deere","4690"
"DISVC78","Supapa robinet distribuitor in cruce 65x45mm pentru sisteme de irigatii","2026-06-24T02:05:48.589Z","Casa si gradina","Sisteme de irigare","883"
"DISVC79","Supapa robinet distribuitor in cruce 65x28mm pentru sisteme de irigatii","2026-06-24T02:05:48.589Z","Casa si gradina","Sisteme de irigare","552"
"DISVC81","Supapa robinet distribuitor in cruce 50x45mm pentru sisteme de irigatii","2026-06-24T02:05:48.589Z","Casa si gradina","Sisteme de irigare","790"
"DISVC82","Supapa robinet distribuitor in cruce 50x28mm pentru sisteme de irigatii","2026-06-24T02:05:48.589Z","Casa si gradina","Sisteme de irigare","472"
"DISVC80","Supapa robinet distribuitor triplu 65x28mm pentru sisteme de irigatii","2026-06-24T02:05:48.589Z","Casa si gradina","Sisteme de irigare","472"
"DISVC83","Supapa robinet distribuitor triplu 50x28mm pentru sisteme de irigatii","2026-06-24T02:05:48.589Z","Casa si gradina","Sisteme de irigare","388"
"DISVC84","Sigilant autonivelant pentru reparare si umplere fisuri beton 0.5kg","2026-06-24T02:05:48.589Z","Casa si gradina","Instalatii sanitare","975"
"DISVC85","Sigilant autonivelant pentru reparare si umplere fisuri beton 1kg","2026-06-24T02:05:48.589Z","Casa si gradina","Instalatii sanitare","1990"
"BK91210","Banda butilica hidroizolanta autoadeziva cu folie de aluminiu 50mmx5m Breckner Germany","2026-06-24T02:05:48.589Z","Casa si gradina","Instalatii sanitare","562"
"BK91211","Banda butilica hidroizolanta autoadeziva cu folie de aluminiu 100mmx5m Breckner Germany","2026-06-24T02:05:48.589Z","Casa si gradina","Instalatii sanitare","1090"
"BK91212","Banda butilica hidroizolanta autoadeziva cu folie de aluminiu 200mmx10m Breckner Germany","2026-06-24T02:05:48.589Z","Casa si gradina","Instalatii sanitare","4349"
"BK91213","Banda butilica hidroizolanta autoadeziva cu folie de aluminiu 300mmx10m Breckner Germany","2026-06-24T02:05:48.589Z","Casa si gradina","Instalatii sanitare","6490"
"DISCT79","Radiator racire apa motor Ford, 4 randuri de celule 600x480x65mm cod OEM 81817280, C7NN8005L, D8NN8005PA, C7NN8005E, 4826","2026-06-24T02:05:48.589Z","Piese tractoare straine","Ford","88649"
"DISUS57","Aparat electric ascutit cutite metalice, ceramice, zimtate cu 3 nivele de ascutire","2026-06-24T02:05:48.589Z","Casa si gradina","Scule si unelte","4690"
"BK88207","Set 35 batoane silicon transparente 11x300mm pentru pistol de lipit la cald Breckner Germany","2026-06-24T02:05:48.589Z","Casa si gradina","Scule si unelte","1949"
"BK76973","Tirant central reglabil hidraulic 760-1010mm, categoria 3-3, cupla rapida, cursa 250mm, bolt 40mm, tija 50mm","2026-06-24T02:05:48.589Z","Accesorii agricole","Tiranti centrali","74049"
"BK76976","Tirant central reglabil hidraulic 645-885mm, categoria 3-3, cupla rapida, cursa 240mm, bolt 32mm, tija 50mm","2026-06-24T02:05:48.589Z","Accesorii agricole","Tiranti centrali","64990"
"BK76977","Tirant central reglabil hidraulic 640-920mm, categoria 2-2, cupla rapida, cursa 280mm, bolt 25.4mm, tija 35mm","2026-06-24T02:05:48.589Z","Accesorii agricole","Tiranti centrali","51749"
"BK76978","Tirant central reglabil hidraulic 570-790mm, categoria 2-2, cupla rapida, cursa 220mm, bolt 25.4mm, tija 35mm","2026-06-24T02:05:48.589Z","Accesorii agricole","Tiranti centrali","50590"
"BK76981","Tirant central reglabil hidraulic 610-1000mm, categoria 2-1, cupla rapida 25.4mm, cursa 390mm, bolt 19mm, tija 35mm","2026-06-24T02:05:48.589Z","Accesorii agricole","Tiranti centrali","49649"
"DISPF82M","Tirant central reglabil hidraulic 500-670, categoria 2-2, cupla rapida, cursa 175mm, tija 35mm, nuca 25.4mm","2026-06-24T02:05:48.589Z","Accesorii agricole","Tiranti centrali","51390"
"BK72512","Dispozitiv verificare jocuri suspensie si directie, montare reglabila pe anvelopa 13-22 inch Breckner Germany","2026-06-24T02:05:48.589Z","Vulcanizare","Echipamente vulcanizare","40549"
"DISUT27","Kit petice reparatie camera bicicleta, motocicleta, roaba, tuk-tuk 8 piese CK-01 Maruni made in Japan","2026-06-24T02:05:48.589Z","Vulcanizare","Petice vulcanizare","1790"
"DISUT28","Petice rotunde vulcanizare camera bicicleta, motocicleta, roaba, carucior 25mm BB-R Maruni made in Japan 24 buc/cutie","2026-06-24T02:05:48.589Z","Vulcanizare","Petice vulcanizare","754"
"BK87056","Disc diamantat segmentat 115x1.8x22.23mm, taiere uscata pentru beton, piatra, caramida Breckner Germany","2026-06-24T02:05:48.589Z","Casa si gradina","Scule si unelte","647"
"BK87057","Disc diamantat segmentat 180x2.4x22.23mm, taiere uscata pentru beton, piatra, caramida Breckner Germany","2026-06-24T02:05:48.589Z","Casa si gradina","Scule si unelte","1490"
"BK87058","Disc diamantat continuu 115x2.0x22.23mm, taiere umeda pentru ceramica, gresie, faianta Breckner Germany","2026-06-24T02:05:48.589Z","Casa si gradina","Scule si unelte","620"
"BK87059","Disc diamantat turbo sinterizat 125x2x22.23mm, taiere umeda/uscata pentru piatra, gresie, ceramica, marmura Breckner Germany","2026-06-24T02:05:48.589Z","Casa si gradina","Scule si unelte","793"
"BK87060","Disc diamantat turbo sinterizat 230x3x22.23, taiere umeda/uscata pentru piatra, gresie, ceramica, marmura Breckner Germany","2026-06-24T02:05:48.589Z","Casa si gradina","Scule si unelte","2290"
"BK87061","Disc circular vidia pentru lemn 115x1.2x22.23mm, 30 dinti, turatie maxima 13200rpm Breckner Germany","2026-06-24T02:05:48.589Z","Casa si gradina","Scule si unelte","589"
"BK87062","Disc circular vidia pentru lemn 180x22.23mm, 40 dinti, turatie maxima 8200rpm Breckner Germany","2026-06-24T02:05:48.589Z","Casa si gradina","Scule si unelte","1149"
"BK87063","Disc circular vidia pentru lemn 165x20mm, 24 dinti, turatie maxima 9200rpm Breckner Germany","2026-06-24T02:05:48.589Z","Casa si gradina","Scule si unelte","945"
"BK87066","Disc circular vidia pentru lemn 250x30mm, 60 dinti, turatie maxima 6000rpm Breckner Germany","2026-06-24T02:05:48.589Z","Casa si gradina","Scule si unelte","2449"
"BK87064","Disc circular vidia pentru lemn 180x30mm, 36 dinti, turatie maxima 8200rpm Breckner Germany","2026-06-24T02:05:48.589Z","Casa si gradina","Scule si unelte","1049"
"BK87065","Disc circular vidia pentru lemn 200x30mm, 48 dinti, turatie maxima 7200rpm Breckner Germany","2026-06-24T02:05:48.589Z","Casa si gradina","Scule si unelte","1349"
"BK87067","Disc diamantat turbo continuu 115x1.5x22.23mm, taiere umeda/uscata pentru ceramica dura, gresie, faianta Breckner Germany","2026-06-24T02:05:48.589Z","Casa si gradina","Scule si unelte","1290"
"BK87068","Disc diamantat turbo continuu 125x1.5x22.23mm, taiere umeda/uscata pentru ceramica dura, gresie, faianta Breckner Germany","2026-06-24T02:05:48.589Z","Casa si gradina","Scule si unelte","1690"
"DISDH44","Scarificator 7 brate rosu, latime de lucru 2m Konig Traktoren","2026-06-24T02:05:48.589Z","Utilaje mici","Scarificatoare","555649"
"BK86222","Pompa transfer solutie uree 220V, 400W, debit 40L/min, turatie 2800rpm IP55 Breckner Germany","2026-06-24T02:05:48.589Z","Accesorii agricole","Sisteme alimentare combustibil","49390"
"BK86223","Kit pompa transfer solutie uree 220V, 400W, debit 40L/min, contor digital, furtun transfer 4m, alimentare 2m si pistol IP55 Breckner Germany","2026-06-24T02:05:48.589Z","Accesorii agricole","Sisteme alimentare combustibil","102190"
"BK86224","Kit pompa transfer solutie uree 220V, 400W, debit 40L/min, contor digital, furtun transfer 2m, alimentare 4m si pistol IP55 Breckner Germany","2026-06-24T02:05:48.589Z","Accesorii agricole","Sisteme alimentare combustibil","93749"
"BK86225","Kit pompa transfer motorina 220V, 550W, debit 60L/min, contor mecanic, furtun transfer 4m, alimentare 2m si pistol Breckner Germany","2026-06-24T02:05:48.589Z","Accesorii agricole","Sisteme alimentare combustibil","70590"
"BK99859","Motopompa diesel 5CP, 2 toli, debit 36m3/h, adancime absorbtie 8m, inaltime refulare 25m Breckner Germany","2026-06-24T02:05:48.589Z","Accesorii agricole","Motopompe","136849"
"BK99860","Motopompa diesel 7CP, 3 toli, debit 60m3/h, adancime absorbtie 13m, inaltime refulare 26m Breckner Germany","2026-06-24T02:05:48.589Z","Accesorii agricole","Motopompe","158149"
"BK99861","Motopompa diesel 10CP, 4 toli, debit 96m3/h, adancime absorbtie 16m, inaltime refulare 22m Breckner Germany","2026-06-24T02:05:48.589Z","Accesorii agricole","Motopompe","195749"
"BK87102","Cablu alimentare aparat generator de impulsuri 12V pentru gard electric Breckner Germany","2026-06-24T02:05:48.589Z","Zootehnie","Gard electric","3090"
"DISSW94","Lance spumare cu rezervor 1L pentru aparat de spalat cu presiune Breckner Germany","2026-06-24T02:05:48.589Z","Casa si gradina","Aparate de spalat cu presiune","4490"
"DISUS56","Masina de ascutit cutite electrica 220V, 65W, 7000rpm, unghi 15-50°, latime ascutire 6-51mm, burghie 3-13mm, foarfece, dalti, rindele","2026-06-24T02:05:48.589Z","Casa si gradina","Scule si unelte","14590"
"DISUX12","Cuibar gaini ouatoare din plastic 460x235x410mm","2026-06-24T02:05:48.589Z","Zootehnie","Accesorii pasari","5790"
"DISUX14","Cuibar gaini ouatoare din plastic 460x230x400mm","2026-06-24T02:05:48.589Z","Zootehnie","Accesorii pasari","3590"
"BK90331","Lampa EXIT LED iesire de urgenta 220V, 3W, baterie Li-ion 1800mAh, montaj aplicat, autonomie 3 ore IP20","2026-06-24T02:05:48.589Z","Casa si gradina","Iluminat","7790"
"BK90332","Lampa EXIT LED iesire de urgenta 220V, 3W, baterie Li-ion 1800mAh, montaj incastrat, autonomie 3 ore IP20","2026-06-24T02:05:48.589Z","Casa si gradina","Iluminat","7449"
"BK93099","Cilindru servodirectie Case IH, Fiat, New Holland, Ford cod OEM 5098112, 5113093, 5113130, 5113131, 5123968, 5125260","2026-06-24T02:05:48.589Z","Piese tractoare straine","Fiat","22849"
"DISUT91","Sac rafie alb 50x100cm PP 50g","2026-06-24T02:05:48.589Z","Casa si gradina","Saci","73"
"DISUT92","Sac rafie alb 55x110cm PP 55g","2026-06-24T02:05:48.589Z","Casa si gradina","Saci","97"
"DISUT93","Sac rafie alb 55x100cm PP 55g","2026-06-24T02:05:48.589Z","Casa si gradina","Saci","97"
"DISWL65","Pompa alimentare combustibil John Deere seria 8000, 8010, 8070, 9000 cod OEM RE46375, 100-138, SJD2459","2026-06-24T02:05:48.589Z","Piese tractoare straine","John Deere","7290"
"BK86228","Rezervor motorina mobil portabil 53L cu pompa transfer electrica 12V, 70W, baterie Li-ion, debit 6L/min, furtun 3m si pistol Breckner Germany","2026-06-24T02:05:48.589Z","Accesorii agricole","Sisteme alimentare combustibil","68549"
"BK86229","Rezervor motorina mobil portabil 53L cu pompa transfer manuala, furtun 3m si pistol Breckner Germany","2026-06-24T02:05:48.589Z","Accesorii agricole","Sisteme alimentare combustibil","57849"
"BK76974","Tirant central reglabil hidraulic 700-990mm, categoria 3-3, cursa 290mm, bolt 32mm, tija 45mm","2026-06-24T02:05:48.589Z","Accesorii agricole","Tiranti centrali","56149"
"BK76975","Tirant central reglabil hidraulic 640-908mm, categoria 3, cursa 268mm, bolt 25.4mm, tija 40mm","2026-06-24T02:05:48.589Z","Accesorii agricole","Tiranti centrali","50149"
"BK76979","Tirant central reglabil hidraulic 666-906mm, categoria 3-3, cupla rapida, cursa 240mm, bolt 32mm, tija 50mm","2026-06-24T02:05:48.589Z","Accesorii agricole","Tiranti centrali","68290"
"BK76980","Tirant central reglabil hidraulic 660-948mm, categoria 3-3, cursa 288mm, bolt 32mm, tija 45mm","2026-06-24T02:05:48.589Z","Accesorii agricole","Tiranti centrali","56890"
"BK76982","Tirant central reglabil hidraulic 666-906mm, categoria 3-2, cupla rapida, cursa 240mm, bolt 32/25.4mm, tija 50mm","2026-06-24T02:05:48.589Z","Accesorii agricole","Tiranti centrali","67790"
"DISUZ20","Cablu coaxial RG59 CCTV cupru siamez + alimentare 2x0.75mm CCA, 75 Ohm, PVC alb 100m/rola","2026-06-24T02:05:48.589Z","Casa si gradina","Sisteme de supraveghere si securitate","13249"
"DISUZ21","Cablu coaxial RG6 CCTV 1mm cupru, 75 Ohm, PVC alb 100m/rola Q5+","2026-06-24T02:05:48.589Z","Casa si gradina","Sisteme de supraveghere si securitate","11690"
"DISUZ22","Cablu coaxial RG6 CCTV K-TEX 1mm CCA, ecranat, 75 Ohm, PVC alb 100m/rola","2026-06-24T02:05:48.589Z","Casa si gradina","Sisteme de supraveghere si securitate","4190"
"DISUZ23-305","Cablu UTP CAT5e siamez 8x0.51mm cupru + 2x0.75mm CCA alimentare 305m/rola","2026-06-24T02:05:48.589Z","Casa si gradina","Sisteme de supraveghere si securitate","63290"
"DISUZ24","Cablu FTP CAT5e siamez 8x0.51 cupru + 2x0.75mm CCA alimentare cu sufa messenger 1.16mm exterior autoportat 305m/rola","2026-06-24T02:05:48.589Z","Casa si gradina","Sisteme de supraveghere si securitate","77749"
"DISUZ25","Cablu coaxial RG6 CCS 1.02mm, 75 Ohm, FPE folie Al/PET ecranaj cu tresa 32x0.12mm, PVC alb 100m/rola","2026-06-24T02:05:48.589Z","Casa si gradina","Sisteme de supraveghere si securitate","4449"
"DISUZ26","Cablu retea CAT6 FTP ecranat cupru 23AWG 4 perechi, separator cruce, PVC gri 305m/rola","2026-06-24T02:05:48.589Z","Casa si gradina","Sisteme de supraveghere si securitate","78190"
"DISUZ27","Cablu coaxial RG6 Trishield CCS 1.02mm, 75 Ohm, CPR Eca, PVC alb 305m/rola","2026-06-24T02:05:48.589Z","Casa si gradina","Sisteme de supraveghere si securitate","16549"
"DISUZ28","Cablu alarma incendiu ignifug rezistent la foc 2x2x0.8mm, ecranat, LSZH fara halogeni, rosu 500m/rola","2026-06-24T02:05:48.589Z","Casa si gradina","Sisteme de supraveghere si securitate","187090"
"DISUZ29","Cablu alarma incendiu ignifug rezistent la foc 2x0.75mm, ecranat, LSZH fara halogeni rosu 500m/rola","2026-06-24T02:05:48.589Z","Casa si gradina","Sisteme de supraveghere si securitate","99890"
"BK86226","Filtru rezervor motorina cu separator apa, 230 micron, racord 1 inch BSP/NPT Breckner Germany","2026-06-24T02:05:48.589Z","Accesorii agricole","Sisteme alimentare combustibil","14649"
"BK86227","Filtru rezervor motorina indepartare particule, 150 micron, racord 1 inch BSP/NPT Breckner Germany","2026-06-24T02:05:48.589Z","Accesorii agricole","Sisteme alimentare combustibil","7090"
"BK86230","Rola tambur furtun rezervor combustibil 15m retractabil automat, racord 1 inch BSB, presiune maxima 359 bar Breckner Germany","2026-06-24T02:05:48.589Z","Accesorii agricole","Furtunuri","122390"
"DISRR31","Coarda elastica cu bile Ø27x120mm pentru fixare prelata, cort, banner","2026-06-24T02:05:48.589Z","Casa si gradina","Corturi","83"
"DISRR38","Coarda elastica cu bile Ø27x50mm pentru fixare prelata, cort, banner","2026-06-24T02:05:48.589Z","Casa si gradina","Corturi","63"
"DISRV54","Lampa stop spate JCB 3C, 3CX, 3D, 214, 215, 216, 217, 1400B, 1550B, 1600B, 1700B, 5 pini 215x90x60mm","2026-06-24T02:05:48.589Z","Piese tractoare straine","JCB","1790"
"DISUL20","Ulei motor Fendt 15W40 Premium Extra Grade 20L","2026-06-24T02:05:48.589Z","Piese tractoare straine","Fendt","67249"
"BK87097","Paratrasnet gard electric Breckner Germany","2026-06-24T02:05:48.589Z","Zootehnie","Gard electric","6890"
"BK87101","Intinzator sarma gard electric cu clichet Breckner Germany","2026-06-24T02:05:48.589Z","Zootehnie","Gard electric","814"
"DISCK19","Izolator gard electric cu prindere pe plasa Breckner Germany","2026-06-24T02:05:48.589Z","Zootehnie","Gard electric","134"
"DISVN89","Masina electrica automata taiere la 45 grade pentru placi ceramice, gresie, faianta","2026-06-24T02:05:48.589Z","Casa si gradina","Scule si unelte","70090"
"BK90330","Lampa iluminat indicator LED EXIT HIDRANT 220V, 8W, baterie 1200mAh, autonomie 3 ore, montaj aplicat, 4 pictograme incluse IP65","2026-06-24T02:05:48.590Z","Casa si gradina","Iluminat","5349"
"40TH442","Solar de gradina 200x200x200cm, folie verde PE cu plasa 140g/mp UV, 1 usa, 4 ferestre, teava otel galvanizat 19mm THOR","2026-06-24T02:05:48.590Z","Casa si gradina","Gradinarit","22590"
"40TH443","Solar de gradina 300x200x200cm, folie verde PE cu plasa 140g/mp UV, 1 usa, 6 ferestre, teava otel galvanizat 19mm THOR","2026-06-24T02:05:48.590Z","Casa si gradina","Gradinarit","27890"
"40TH444","Solar de gradina 400x300x200cm, folie verde PE cu plasa 140g/mp UV, 1 usa, 8 ferestre, teava otel galvanizat 19mm THOR","2026-06-24T02:05:48.590Z","Casa si gradina","Gradinarit","41349"
"40TH445","Solar de gradina 500x300x200cm, folie verde PE cu plasa 140g/mp UV, 1 usa, 10 ferestre, teava otel galvanizat 19mm THOR","2026-06-24T02:05:48.590Z","Casa si gradina","Gradinarit","50849"
"40TH387","Motocoasa pe benzina profesionala Premium 3CP, 2T 52cc, turatie 7500rpm, disc 40T, tambur fir, kit accesorii incluse THOR","2026-06-24T02:05:48.590Z","Utilaje mici","Motocositori","37990"
"40TH388","Motocoasa pe benzina profesionala Standard 3CP, 2T 52cc, turatie 7500rpm, disc 3T, tambur fir, kit accesorii incluse THOR","2026-06-24T02:05:48.590Z","Utilaje mici","Motocositori","30290"
"40TH389","Motocoasa pe benzina profesionala Economic 3CP, 2T 52cc, turatie 7500rpm, disc 3T, tambur fir, kit accesorii incluse THOR","2026-06-24T02:05:48.590Z","Utilaje mici","Motocositori","26449"
"40TH391","Motopompa pe benzina 2CP, 2T 41cc, 1 tol, debit 15m3/h, autoamorsare, adancime absorbtie 6m, inaltime refulare 18m THOR","2026-06-24T02:05:48.590Z","Accesorii agricole","Motopompe","36790"
"40TH392","Motopompa pe benzina 3CP, 2T 52cc, 1 tol, debit 15m3/h, autoamorsare, adancime absorbtie 6m, inaltime refulare 22m THOR","2026-06-24T02:05:48.590Z","Accesorii agricole","Motopompe","36790"
"40TH394","Cap tambur motocoasa aluminiu M10x1.25mm, fir 3mm, automat Tap&Go universal","2026-06-24T02:05:48.590Z","Utilaje mici","Motocositori","1549"
"BK69737","Motoburghiu foreza de pamant pe benzina 3.3CP, 2T 52cc, 3 burghie incluse 100mm, 150mm, 200mm Breckner Germany","2026-06-24T02:05:48.590Z","Utilaje mici","Burghiu","51090"
"BK88214","Polizor unghiular cu acumulator 21V, 4Ah Li-ion, disc 125mm, motor fara perii (brushless), proiector LED inclus Breckner Germany","2026-06-24T02:05:48.590Z","Casa si gradina","Scule si unelte","19290"
"DISPG90","Malaxor electric cu amestecator 1400W, 220V, 6 trepte viteza 0-800rpm, paleta 120mm, M14 pentru adeziv, vopsea, mortar THOR","2026-06-24T02:05:48.590Z","Casa si gradina","Scule si unelte","20149"
"DISUS55","Fierastrau electric pendular tip sabie 1800W, 220V, cursa 20mm, viteza reglabila 500-2600rpm Breckner Germany","2026-06-24T02:05:48.590Z","Casa si gradina","Scule si unelte","17890"
"DISUS58","Foarfeca electrica de gradina cu 2 acumulatori 36V, 2Ah Li-Ion, 100W, afisaj digital, diametru taiere 0-25mm Breckner Germany","2026-06-24T02:05:48.590Z","Casa si gradina","Gradinarit","26849"
"BK76988","Mini fierastrau electric cu 2 acumulatori 24V, 4Ah Li-ion, lama 8 inch (200mm), turatie 4000rpm Breckner Germany","2026-06-24T02:05:48.590Z","Casa si gradina","Scule si unelte","19749"
"DISUS63","Foarfeca electrica de gradina cu 2 acumulatori 36V, 1.5Ah Li-Ion, 100W, diametru taiere 0-25mm, buton siguranta Breckner Germany","2026-06-24T02:05:48.590Z","Casa si gradina","Gradinarit","18690"
"DISUT08","Foarfeca electrica de gradina cu 2 acumulatori 21V, 1.5Ah Li-Ion, brushless, diametru taiere 0-25mm, buton siguranta Breckner Germany","2026-06-24T02:05:48.590Z","Casa si gradina","Gradinarit","18049"
"DISUS65","Drujba electrica cu 2 acumulatori 36V, 3Ah Li-ion, lama 12 inch (300mm), turatie 3800rpm Breckner Germany","2026-06-24T02:05:48.590Z","Utilaje mici","Drujbe","45890"
"DISGF21","Motopompa pe benzina 2.2CP, 2T 52cc, 1 tol, debit 15m3/h, autoamorsare, adancime absorbtie 15m, inaltime refulare 22m Breckner Germany","2026-06-24T02:05:48.590Z","Accesorii agricole","Motopompe","37890"
"BK92114","Motopompa pe benzina 1.36CP, 4T 35.8cc, 1 tol, debit 7m3/h, autoamorsare, adancime absorbtie 7m, inaltime refulare 25m Breckner Germany","2026-06-24T02:05:48.590Z","Accesorii agricole","Motopompe","42749"
"DISUT01","Masina de gaurit si insurubat cu percutie, 2 acumulatori 21V, 4Ah Li-ion, LED, brushless, 65Nm, mandrina 13mm, 0-400/1400rpm Breckner Germany","2026-06-24T02:05:48.590Z","Casa si gradina","Scule si unelte","22949"
"DISUT05","Surubelnita electrica multifunctionala 4 in 1 cu acumulator 4.2V, 1.5Ah Li-ion, LED, 6Nm, bit 1/4 inch 33 piese Breckner Germany","2026-06-24T02:05:48.590Z","Casa si gradina","Scule si unelte","12190"
"DISUT06","Mini fierastrau electric cu 2 acumulatori 21V, 3Ah Li-ion, lama 8 inch (200mm), turatie 4000rpm, incarcare rapida Breckner Germany","2026-06-24T02:05:48.590Z","Casa si gradina","Scule si unelte","21390"
"DISUT07","Fierastrau electric tip sabie cu 2 acumulatori 21V, 1.5Ah Li-ion, LED, cursa 20mm, 0-3000rpm, 3 panze pentru lemn, metal, plastic Breckner Germany","2026-06-24T02:05:48.590Z","Casa si gradina","Scule si unelte","13790"
"DISUT11","Mini fierastrau electric cu 2 acumulatori 24V, 2Ah Li-ion, lama 6 inch (150mm), turatie 4000rpm Breckner Germany","2026-06-24T02:05:48.590Z","Casa si gradina","Scule si unelte","15449"
"DISUT12","Acumulator 21V, 2Ah Li-ion pentru scule electrice Breckner Germany","2026-06-24T02:05:48.590Z","Casa si gradina","Scule si unelte","3890"
"DISUT13","Acumulator 21V, 5Ah Li-ion pentru scule electrice Breckner Germany","2026-06-24T02:05:48.590Z","Casa si gradina","Scule si unelte","4749"
"DISUT14","Acumulator 21V, 4Ah Li-ion pentru scule electrice Breckner Germany","2026-06-24T02:05:48.590Z","Casa si gradina","Scule si unelte","5549"
"DISUT17","Acumulator 21V, 3Ah Li-ion pentru scule electrice Breckner Germany","2026-06-24T02:05:48.590Z","Casa si gradina","Scule si unelte","4390"
"DISUT09","Masina de insurubat cu impact 1/2 inch, 2 acumulatori 21V, 3Ah Li-ion, LED, brushless, cuplu 400Nm, tubulare, burghie, biti 31 piese Breckner Germany","2026-06-24T02:05:48.590Z","Casa si gradina","Scule si unelte","24090"
"DISSY21","Capace valva ventil plastic negru 1000 buc/set","2026-06-24T02:05:48.590Z","Vulcanizare","Valve","1249"
"BK99008","Pistol tub silicon profesional 225mm Breckner Germany","2026-06-24T02:05:48.590Z","Casa si gradina","Scule si unelte","2049"
"BK99009","Paleta amestecator vopsea, adeziv, mortar cu tija SDS 600x120x10mm Breckner Germany","2026-06-24T02:05:48.590Z","Casa si gradina","Scule si unelte","2690"
"BK99010","Paleta amestecator vopsea, adeziv, mortar cu tija 600x120x12mm, filet M14 Breckner Germany","2026-06-24T02:05:48.590Z","Casa si gradina","Scule si unelte","2849"
"40TH397","Disc motocoasa 3 dinti 255x25.4x1.4mm otel THOR","2026-06-24T02:05:48.590Z","Utilaje mici","Motocositori","559"
"40TH398","Disc motocoasa 3 dinti 255x25.4x2mm otel THOR","2026-06-24T02:05:48.590Z","Utilaje mici","Motocositori","665"
"40TH399","Disc motocoasa 3 dinti 255x25.4x1.4mm otel THOR","2026-06-24T02:05:48.590Z","Utilaje mici","Motocositori","559"
"40TH400","Disc motocoasa 3 dinti 255x25.4x2mm otel THOR","2026-06-24T02:05:48.590Z","Utilaje mici","Motocositori","665"
"40TH401","Disc circular vidia 255x25.4x1.15mm, 40 dinti pentru motocoasa de umar THOR","2026-06-24T02:05:48.590Z","Utilaje mici","Motocositori","809"
"40TH402","Disc circular vidia 255x25.4x1.3mm, 40 dinti pentru motocoasa de umar THOR","2026-06-24T02:05:48.590Z","Utilaje mici","Motocositori","982"
"40TH403","Disc circular vidia 255x25.4x1.15mm, 60 dinti pentru motocoasa de umar THOR","2026-06-24T02:05:48.590Z","Utilaje mici","Motocositori","982"
"40TH404","Disc circular vidia 255x25.4x1.15mm, 40 dinti pentru motocoasa de umar THOR","2026-06-24T02:05:48.590Z","Utilaje mici","Motocositori","907"
"40TH405","Disc circular vidia 255x25.4x1.15mm, 40 dinti pentru motocoasa de umar THOR","2026-06-24T02:05:48.590Z","Utilaje mici","Motocositori","877"
"40TH409","Pinion lant drujba 0.325 inch, 7 dinti, modele China 4500, 5200 THOR","2026-06-24T02:05:48.590Z","Utilaje mici","Drujbe","264"
"40TH410","Pinion lant drujba 3/8 inch, 7 dinti, modele China 4500, 5200 THOR","2026-06-24T02:05:48.590Z","Utilaje mici","Drujbe","272"
"40TH407","Set cilindru piston drujba 45mm, 52cc model China 5200 THOR","2026-06-24T02:05:48.590Z","Utilaje mici","Drujbe","2949"
"40TH411","Bobina inductie drujba 52cc model China 5200 THOR","2026-06-24T02:05:48.590Z","Utilaje mici","Drujbe","1049"
"40TH412","Bobina inductie drujba 38cc model China 3800 THOR","2026-06-24T02:05:48.590Z","Utilaje mici","Drujbe","1390"
"BK89104","Lampa LED 1300lm, 6500K cu panou solar 25W, baterie LifePO4 3.2V/15Ah, senzor de miscare si telecomanda IP66 Breckner Germany","2026-06-24T02:05:48.590Z","Casa si gradina","Iluminat","19849"
"BK89105","Lampa LED 2400lm, 6500K cu panou solar 40W, baterie LifePO4 3.2V/30Ah, senzor de miscare si telecomanda IP66 Breckner Germany","2026-06-24T02:05:48.590Z","Casa si gradina","Iluminat","27749"
"BK89106","Lampa LED 4500lm, 6500K cu panou solar 70W, baterie LifePO4 3.2V/60Ah, senzor de miscare si telecomanda IP66 Breckner Germany","2026-06-24T02:05:48.590Z","Casa si gradina","Iluminat","41549"
"40TH395","Cap tambur motocoasa M10x1.25mm, fir 3mm, automat Tap&Go universal","2026-06-24T02:05:48.590Z","Utilaje mici","Motocositori","1290"
"40TH396","Cap tambur motocoasa cu lant drujba M10x1.25mm universal","2026-06-24T02:05:48.590Z","Utilaje mici","Motocositori","1949"
"40TH406","Set cilindru piston drujba 43mm, 45cc model China 4500 THOR","2026-06-24T02:05:48.590Z","Utilaje mici","Drujbe","2949"
"DISUS59","Drujba electrica profesionala cu 2 acumulatori 40V, 4Ah Li-ion, 1200W, motor brushless, lama 16 inch (400mm) Breckner Germany","2026-06-24T02:05:48.590Z","Utilaje mici","Drujbe","59349"
"DISUS61","Aparat de spalat cu presiune 1400W, 220V, 95 bar, debit 4.8 L/min cu pistol, rezervor spuma si furtun Breckner Germany","2026-06-24T02:05:48.590Z","Casa si gradina","Aparate de spalat cu presiune","33349"
"BK88680","Panou solar 30W cu tablou metalic exterior pentru aparat gard electric si baterie IP65 Breckner Germany","2026-06-24T02:05:48.590Z","Zootehnie","Gard electric","31490"
"BK72505","Trusa centrare ambreiaj camioane 36-52mm 6 piese Breckner Germany","2026-06-24T02:05:48.590Z","Casa si gradina","Scule si unelte","23549"
"BK72510","Trusa presa extractor injectoare diesel cu cilindru hidraulic 10T profesionala 38 piese Breckner Germany","2026-06-24T02:05:48.590Z","Casa si gradina","Scule si unelte","79349"
"BK72513","Trusa testare presiune sistem turbocompresor 31-110mm 17 piese Breckner Germany","2026-06-24T02:05:48.590Z","Casa si gradina","Scule si unelte","28149"
"BK72514","Trusa presa extractor rulment butuc roata GEN2 Citroen, Peugeot, Toyota, Opel 38 piese Breckner Germany","2026-06-24T02:05:48.590Z","Casa si gradina","Scule si unelte","37949"
"BK72516","Trusa presa extractor bucse brat transversal spate Volvo, Ford 8 piese Breckner Germany","2026-06-24T02:05:48.590Z","Casa si gradina","Scule si unelte","24049"
"BK72517","Trusa montare si demontare ambreiaj dublu uscat 6DCT250 DPS6 Ford, Volvo 19 piese Breckner Germany","2026-06-24T02:05:48.590Z","Casa si gradina","Scule si unelte","37949"
"BK72521","Trusa extractor camasa cilindru motor diesel 75-138 mm 14 piese Breckner Germany","2026-06-24T02:05:48.590Z","Casa si gradina","Scule si unelte","18949"
"BK72522","Set extractor butuc roata camion M18-M30 7/8-11W PCD 110-448mm 23 piese Breckner Germany","2026-06-24T02:05:48.590Z","Casa si gradina","Scule si unelte","55590"
"BK72523","Set extractor camasa cupru injector camioane Volvo FM12, FH 5 piese Breckner Germany","2026-06-24T02:05:48.590Z","Casa si gradina","Scule si unelte","30090"
"BK72526","Trusa extractore rulmenti cu 2 si 3 brate 100/200/250mm reversibile 13 piese Breckner Germany","2026-06-24T02:05:48.590Z","Casa si gradina","Scule si unelte","25649"
"BK72528","Trusa presa arcuri elicoidale suspensie auto 75-190mm Breckner Germany","2026-06-24T02:05:48.590Z","Casa si gradina","Scule si unelte","36049"
"BK72524","Dispozitiv deschidere fuzeta pentru demontare amortizor 5-11.5mm Cr-Mo Breckner Germany","2026-06-24T02:05:48.590Z","Casa si gradina","Scule si unelte","3449"
"BK72533","Dispozitiv perie curatare butuc roata 150mm, patrat 1/2 inch 2 piese Breckner Germany","2026-06-24T02:05:48.590Z","Casa si gradina","Scule si unelte","10449"
"DISUS60","Aparat de spalat cu presiune portabil cu 2 acumulatori 20V, 2Ah Li-ion, 180W, 10 bar, debit 3 L/min, cap rotativ 6 functii, rezervor spuma 400ml","2026-06-24T02:05:48.590Z","Casa si gradina","Aparate de spalat cu presiune","17990"
"AAA273","Filtru hidraulic 0809 pentru motostivuitor 3T BK98114","2026-06-24T02:05:48.590Z","Piese tractoare straine","Filtre","35949"
"AAA274","Filtru hidraulic 0812 pentru motostivuitor 3T BK98114","2026-06-24T02:05:48.590Z","Piese tractoare straine","Filtre","38249"
"BK88208","Perie sarma cupa 50mm, tija 6mm, max. 4500rpm Breckner Germany","2026-06-24T02:05:48.590Z","Casa si gradina","Scule si unelte","325"
"BK88209","Perie sarma circulara 100mm, tija 6mm, max. 4500rpm Breckner Germany","2026-06-24T02:05:48.590Z","Casa si gradina","Scule si unelte","385"
"BK88211","Perie sarma cupa cu fir rasucit 75mm, tija 6mm, max. 4500rpm Breckner Germany","2026-06-24T02:05:48.590Z","Casa si gradina","Scule si unelte","665"
"BK88212","Perie sarma cupa 75mm, filet M14, max. 12500rpm Breckner Germany","2026-06-24T02:05:48.590Z","Casa si gradina","Scule si unelte","537"
"BK88213","Set 3 perii sarma circulare 50mm, cupa 50mm, pensula 25mm, tija 6mm, max. 4500rpm Breckner Germany","2026-06-24T02:05:48.590Z","Casa si gradina","Scule si unelte","614"
"DISAY23","Raft metalic depozitare 5 nivele 200x60x250cm, 300 kg/nivel, albastru-portocaliu Breckner Germany","2026-06-24T02:05:48.590Z","Casa si gradina","Mobilier","69149"
"DISAY24","Raft metalic depozitare 5 nivele 200x60x250cm, 300 kg/polita, gri Breckner Germany","2026-06-24T02:05:48.590Z","Casa si gradina","Mobilier","69149"
"DISUZ52","Prelungitor valva roata camion flexibil din cauciuc 180mm","2026-06-24T02:05:48.590Z","Vulcanizare","Valve","373"
"DISUZ53","Prelungitor valva roata camion flexibil din cauciuc 125mm","2026-06-24T02:05:48.590Z","Vulcanizare","Valve","343"
"DISUZ56","Dispozitiv montat valve roata tubeless si cheie miez ventil 295mm","2026-06-24T02:05:48.590Z","Vulcanizare","Valve","642"
"DISUZ44","Valva tractor mecanica TRCH3 cu palarie mare 32mm","2026-06-24T02:05:48.590Z","Vulcanizare","Valve","860"
"DISUZ47","Valva roata camion janta aliaj 75mm MS70-7","2026-06-24T02:05:48.590Z","Vulcanizare","Valve","469"
"DISUZ49","Valva roata camion tubeless indoita 100mm V3-16-1","2026-06-24T02:05:48.590Z","Vulcanizare","Valve","1149"
"DISUZ50","Valva roata camion tubeless indoita 124mm V3-18-1","2026-06-24T02:05:48.590Z","Vulcanizare","Valve","1349"
"DISUZ51","Valva roata camion tubeless indoita 82mm V3-13-1","2026-06-24T02:05:48.590Z","Vulcanizare","Valve","1149"
"DISRR62","Ax priza putere PTO 138mm Massey Ferguson 1-3/8 Z=6 cod OEM 3716018M2","2026-06-24T02:05:48.590Z","Piese tractoare straine","Massey Ferguson","28449"
"AAA493","Pistol spuma poliuretanica PU Penosil Foam Gun 306","2026-06-24T02:05:48.590Z","Casa si gradina","Instalatii sanitare","2649"
"BK88809","Masina de umplut carnati verticala inox 1.25kg, 4 palnii 15, 19, 22, 25mm incluse","2026-06-24T02:05:48.590Z","Zootehnie","Echipamente de procesare","19549"
"BK88810","Masina de umplut carnati orizontala inox 3kg, 4 palnii 15, 19, 22, 25mm incluse","2026-06-24T02:05:48.590Z","Zootehnie","Echipamente de procesare","19590"
"DISRW25","Contragreutati autoadezive gri inchis echilibrare roti Fe 60g (5gx12 buc) 100 benzi/cutie","2026-06-24T02:05:48.590Z","Vulcanizare","Contragreutati jante","6349"
"DISRW26","Contragreutati autoadezive negre echilibrare roti Fe 60g (5gx12 buc) 100 benzi/cutie","2026-06-24T02:05:48.590Z","Vulcanizare","Contragreutati jante","6590"
"DISRW41","Prelungitor valva roata camion 115mm plastic compozit negru","2026-06-24T02:05:48.590Z","Vulcanizare","Valve","95"
"DISRW51","Rola presare petice vulcanizare anvelope 5mm","2026-06-24T02:05:48.590Z","Vulcanizare","Accesorii vulcanizare","603"
"DISUX17","Arac rosii spirala metalica 6x1500mm","2026-06-24T02:05:48.590Z","Casa si gradina","Gradinarit","340"
"DISUX18","Arac rosii spirala metalica 6x1800mm","2026-06-24T02:05:48.590Z","Casa si gradina","Gradinarit","405"
"DISUX19","Arac rosii spirala metalica 6x2000mm","2026-06-24T02:05:48.590Z","Casa si gradina","Gradinarit","453"
"DISRW56","Tampon cauciuc protectie depresare masina dejantat","2026-06-24T02:05:48.591Z","Vulcanizare","Echipamente vulcanizare","2590"
"BK87069","Burghiu metal 4x43x75mm HSS Cobalt tija cilindrica Breckner Germany","2026-06-24T02:05:48.591Z","Casa si gradina","Scule si unelte","231"
"BK87070","Burghiu metal 5x52x86mm HSS Cobalt tija cilindrica Breckner Germany","2026-06-24T02:05:48.591Z","Casa si gradina","Scule si unelte","354"
"BK87071","Burghiu metal 6x57x93mm HSS Cobalt tija cilindrica Breckner Germany","2026-06-24T02:05:48.591Z","Casa si gradina","Scule si unelte","481"
"BK87072","Burghiu metal 8x75x117mm HSS Cobalt tija cilindrica Breckner Germany","2026-06-24T02:05:48.591Z","Casa si gradina","Scule si unelte","975"
"BK87073","Burghiu metal 10x87x133mm HSS Cobalt tija cilindrica Breckner Germany","2026-06-24T02:05:48.591Z","Casa si gradina","Scule si unelte","1649"
"BK87074","Set 8 burghie lemn 3-10mm HCS, tija cilindrica, varf centrare Breckner Germany","2026-06-24T02:05:48.591Z","Casa si gradina","Scule si unelte","877"
"BK87075","Set 6 burghie lemn 6-14mm, lungime 300mm, tija cilindrica, varf centrare Breckner Germany","2026-06-24T02:05:48.591Z","Casa si gradina","Scule si unelte","2449"
"BK87076","Burghiu beton vidia 4x75mm, tija cilindrica, varf plat Breckner Germany","2026-06-24T02:05:48.591Z","Casa si gradina","Scule si unelte","98"
"BK87077","Burghiu beton vidia 6x100mm, tija cilindrica, varf plat Breckner Germany","2026-06-24T02:05:48.591Z","Casa si gradina","Scule si unelte","119"
"BK87078","Burghiu beton vidia 8x120mm, tija cilindrica, varf plat Breckner Germany","2026-06-24T02:05:48.591Z","Casa si gradina","Scule si unelte","174"
"BK87079","Burghiu lemn elicoidal 6x230mm, tija hexagonala, varf autoforant Breckner Germany","2026-06-24T02:05:48.591Z","Casa si gradina","Scule si unelte","336"
"BK87080","Burghiu lemn elicoidal 8x230mm, tija hexagonala, varf autoforant Breckner Germany","2026-06-24T02:05:48.591Z","Casa si gradina","Scule si unelte","378"
"BK87081","Burghiu lemn elicoidal 10x230mm, tija hexagonala, varf autoforant Breckner Germany","2026-06-24T02:05:48.591Z","Casa si gradina","Scule si unelte","431"
"BK87082","Burghiu lemn elicoidal 10x460mm, tija hexagonala, varf autoforant Breckner Germany","2026-06-24T02:05:48.591Z","Casa si gradina","Scule si unelte","748"
"BK87083","Burghiu lemn elicoidal 12x460mm, tija hexagonala, varf autoforant Breckner Germany","2026-06-24T02:05:48.591Z","Casa si gradina","Scule si unelte","922"
"BK87084","Burghiu lemn elicoidal 14x460mm, tija hexagonala, varf autoforant Breckner Germany","2026-06-24T02:05:48.591Z","Casa si gradina","Scule si unelte","1049"
"BK87085","Burghiu lemn elicoidal 16x460mm, tija hexagonala, varf autoforant Breckner Germany","2026-06-24T02:05:48.591Z","Casa si gradina","Scule si unelte","1290"
"BK87086","Set 4 dalti beton SDS Plus 14x250mm lata, plata, ascutita si canal Breckner Germany","2026-06-24T02:05:48.591Z","Casa si gradina","Scule si unelte","2590"
"BK87087","Dalta ascutita beton 14x250mm SDS Plus Breckner Germany","2026-06-24T02:05:48.591Z","Casa si gradina","Scule si unelte","355"
"BK87088","Dalta plata beton 20x250mm SDS Plus Breckner Germany","2026-06-24T02:05:48.591Z","Casa si gradina","Scule si unelte","376"
"BK87089","Dalta lata beton 40x250mm SDS Plus Breckner Germany","2026-06-24T02:05:48.591Z","Casa si gradina","Scule si unelte","742"
"BK87090","Burghiu beton vidia 5x110mm SDS Plus, varf plat Breckner Germany","2026-06-24T02:05:48.591Z","Casa si gradina","Scule si unelte","281"
"BK87092","Burghiu beton vidia 12x260mm SDS Plus, varf plat Breckner Germany","2026-06-24T02:05:48.591Z","Casa si gradina","Scule si unelte","887"
"DISGM20","Alternator generator electric trifazat 45kVA, 230/400V, turatie 1500rpm, AVR SX460 Breckner Germany","2026-06-24T02:05:48.591Z","Accesorii agricole","Generatoare","566849"
"BK87093","Disc slefuire lemn 100x22.23mm tip oala pentru polizor unghiular Breckner Germany","2026-06-24T02:05:48.591Z","Casa si gradina","Scule si unelte","355"
"BK87094","Disc slefuire lemn 125x22.23mm tip oala pentru polizor unghiular Breckner Germany","2026-06-24T02:05:48.591Z","Casa si gradina","Scule si unelte","1090"
"DISRL73","Pompa apa centrifuga electrica irigatii 18.5kW, 380V, 6 toli, debit 310 m3/h, adancime aspiratie 9m, inaltime pompare 35m Breckner Germany","2026-06-24T02:05:48.591Z","Casa si gradina","Aparate si masini gradinarit","870149"
"BK88811","Masina de macinat nuci manuala, tambur inox, corp metalic alb Berner BG-5","2026-06-24T02:05:48.591Z","Zootehnie","Echipamente de procesare","3849"
"BK88812","Masina de tocat carne manuala Nr. 8 din aluminiu","2026-06-24T02:05:48.591Z","Zootehnie","Echipamente de procesare","3790"
"BK88813","Masina de tocat carne manuala Nr. 10 din aluminiu","2026-06-24T02:05:48.591Z","Zootehnie","Echipamente de procesare","4190"
"BK88814","Masina de tocat carne manuala Nr. 12 din aluminiu","2026-06-24T02:05:48.591Z","Zootehnie","Echipamente de procesare","4290"
"DISRW53","Trusa polizor drept pneumatic biax 25000rpm, presiune 6-8 bar 16 piese","2026-06-24T02:05:48.591Z","Casa si gradina","Scule si unelte","6049"
"DISVE17","Radiator racire apa motor Landini, Massey Ferguson 630x475x87mm cod OEM 1824627M91, 1824627M93","2026-06-24T02:05:48.591Z","Piese tractoare straine","Landini","122349"
"DISUX10","Carucior scule atelier metalic pe roti cu 3 rafturi si 1 sertar 775x410x895mm Breckner Germany","2026-06-24T02:05:48.591Z","Casa si gradina","Scule si unelte","30049"
"DISRK90","Carucior scule atelier metalic pe roti cu 2 rafturi si 3 sertare 775x410x895mm Breckner Germany","2026-06-24T02:05:48.591Z","Casa si gradina","Scule si unelte","38949"
"BK82346","Cilindru directie hidraulic New Holland, Ford, Case IH, Fiat 60x480x225mm cod OEM 5181685, 5181355, 5189893","2026-06-24T02:05:48.591Z","Piese tractoare straine","New Holland","23590"
"DISRW24","Rola contragreutati autoadezive zincate echilibrare roti Fe 5gx1200 buc 6 kg","2026-06-24T02:05:48.591Z","Vulcanizare","Contragreutati jante","6049"
"DISRW27","Valva roata tubeless 46mm TR415","2026-06-24T02:05:48.591Z","Vulcanizare","Valve","53"
"DISRW28","Valva roata tubeless aluminiu compatibila senzor TPMS-5","2026-06-24T02:05:48.591Z","Vulcanizare","Valve","408"
"DISRW29","Valva roata tubeless aluminiu compatibila senzor TPMS-6","2026-06-24T02:05:48.591Z","Vulcanizare","Valve","408"
"DISRW30","Valva roata tubeless TR413 compatibila senzor TPMS","2026-06-24T02:05:48.591Z","Vulcanizare","Valve","227"
"DISRW33","Valva roata tubeless 36mm TR412","2026-06-24T02:05:48.591Z","Vulcanizare","Valve","38"
"DISRW36","Valva roata tubeless 63mm TR602HP","2026-06-24T02:05:48.591Z","Vulcanizare","Valve","189"
"DISRW37","Ventil valva roata TPMS 100 buc/set","2026-06-24T02:05:48.591Z","Vulcanizare","Valve","1390"
"DISRW38","Valva roata camion tubeless 90 grade TR570C","2026-06-24T02:05:48.591Z","Vulcanizare","Valve","521"
"DISRW39","Ventil valva roata tractor TRCH1","2026-06-24T02:05:48.591Z","Vulcanizare","Valve","280"
"DISRW40","Prelungitor valva roata camion 170mm plastic compozit negru","2026-06-24T02:05:48.591Z","Vulcanizare","Valve","118"
"DISRW42","Prelungitor valva roata flexibil 180mm cu invelis metalic","2026-06-24T02:05:48.591Z","Vulcanizare","Valve","469"
"DISRW49","Surubelnita ventil valva roata lunga 170mm","2026-06-24T02:05:48.591Z","Vulcanizare","Valve","136"
"DISRW50","Surubelnita dinamometrica ventil valva roata 0.45Nm","2026-06-24T02:05:48.591Z","Vulcanizare","Valve","484"
"DISRW52","Piatra polizat anvelope abraziva sferica 12mm, tija 3mm","2026-06-24T02:05:48.591Z","Casa si gradina","Scule si unelte","50"
"DISRW54","Protectie plastic cap montare-demontare anvelope fara bila","2026-06-24T02:05:48.591Z","Vulcanizare","Accesorii vulcanizare","150"
"DISRW55","Protectie plastic cap montare-demontare anvelope","2026-06-24T02:05:48.591Z","Vulcanizare","Accesorii vulcanizare","574"
"DISRW57","Suport rola contragreutati autoadezive echilibrare roti","2026-06-24T02:05:48.591Z","Vulcanizare","Echipamente vulcanizare","40090"
"DISRW35","Valva roata tubeless 45mm TR600","2026-06-24T02:05:48.591Z","Vulcanizare","Valve","159"
"40TH416","Capac ambreiaj aluminiu frana lant drujba modele China 3800, 4100, 4500, 4600, 5200 THOR","2026-06-24T02:05:48.591Z","Utilaje mici","Drujbe","2790"
"40TH414","Capac ambreiaj frana lant drujba modele China 3800, 4100, 4500, 4600, 5200 THOR","2026-06-24T02:05:48.591Z","Utilaje mici","Drujbe","1249"
"40TH415","Capac ambreiaj frana lant drujba modele China 3800, 4100, 4500, 4600, 5200 THOR","2026-06-24T02:05:48.591Z","Utilaje mici","Drujbe","1249"
"40TH413","Pompa ulei drujba 52cc model China 5200 THOR","2026-06-24T02:05:48.591Z","Utilaje mici","Drujbe","417"
"40TH417","Demaror drujba complet modele China 3800, 4100, 4500, 4600, 5200 THOR","2026-06-24T02:05:48.591Z","Utilaje mici","Drujbe","839"
"40TH418","Demaror drujba complet modele China 3800, 4100, 4500, 4600, 5200 THOR","2026-06-24T02:05:48.591Z","Utilaje mici","Drujbe","945"
"40TH419","Demaror drujba metalic complet modele China 3800, 4100, 4500, 4600, 5200 THOR","2026-06-24T02:05:48.591Z","Utilaje mici","Drujbe","2190"
"40TH420","Demaror drujba metalic complet modele China 3800, 4100, 4500, 4600, 5200 THOR","2026-06-24T02:05:48.592Z","Utilaje mici","Drujbe","2449"
"DISUT77","Demaror drujba complet modele China 3800, 4100, 4500, 4600, 5200 THOR","2026-06-24T02:05:48.592Z","Utilaje mici","Drujbe","839"
"40TH421","Tambur ambreiaj drujba 0.325 inch, 7 dinti, modele China 3800, 4100, 4500, 4600, 5200 THOR","2026-06-24T02:05:48.592Z","Utilaje mici","Drujbe","484"
"40TH422","Tambur ambreiaj drujba cu pinion 0.325 inch 7 dinti compatibil Stihl MS180 THOR","2026-06-24T02:05:48.592Z","Utilaje mici","Drujbe","1090"
"40TH425","Filtru benzina mare drujba modele China 3800, 4100, 4500, 4600, 5200 THOR","2026-06-24T02:05:48.592Z","Utilaje mici","Drujbe","150"
"40TH426","Filtru benzina mic drujba modele China 3800, 4100, 4500, 4600, 5200 THOR","2026-06-24T02:05:48.592Z","Utilaje mici","Drujbe","121"
"40TH427","Filtru ulei drujba modele China 3800, 4100, 4500, 4600, 5200 THOR","2026-06-24T02:05:48.592Z","Utilaje mici","Drujbe","91"
"40TH423","Filtru aer mare drujba modele China 3800, 4100, 4500, 4600, 5200 THOR","2026-06-24T02:05:48.592Z","Utilaje mici","Drujbe","144"
"40TH424","Filtru aer mic drujba modele China 3800, 4100, 4500, 4600, 5200 THOR","2026-06-24T02:05:48.592Z","Utilaje mici","Drujbe","106"
"DISRR42","Perete lateral cort hala 2x2.8m alb cu geam transparent LP64","2026-06-24T02:05:48.592Z","Casa si gradina","Corturi","15990"
"40TH428","Carburator drujba 45cc, 52cc model China 4500, 5200 fara pompita de amorsare THOR","2026-06-24T02:05:48.592Z","Utilaje mici","Drujbe","2090"
"40TH429","Carburator drujba 45cc, 52cc model China 4500, 5200 cu pompita de amorsare THOR","2026-06-24T02:05:48.592Z","Utilaje mici","Drujbe","2149"
"40TH430","Carburator drujba 38cc model China 3800 THOR","2026-06-24T02:05:48.592Z","Utilaje mici","Drujbe","2849"
"BK98612","Pompa frana Massey Ferguson, Deutz, Lamborghini, Case IH, Same, Landini cod OEM 5177993, 87354681, 87748264, 47125744, 87748269","2026-06-24T02:05:48.592Z","Piese tractoare straine","Massey Ferguson","17649"
"DISRR64","Ansamblu motor ventilator aeroterma cabina 12V Fendt, JCB, Deutz-Fahr cod OEM G210812140300","2026-06-24T02:05:48.592Z","Piese tractoare straine","Fendt","33390"
"DISRR65","Ansamblu motor ventilator aeroterma cabina 12V Fendt cod OEM G210812140300","2026-06-24T02:05:48.592Z","Piese tractoare straine","Fendt","32849"
"DISRS65","Diuza spalator parbriz Case IH, New Holland, Steyr cod OEM 82030999","2026-06-24T02:05:48.592Z","Piese tractoare straine","Case","1890"
"DISRT48","Senzor presiune aer conditionat Fendt AC R-134a cod OEM F334550010070, F117550030010, F210552010290","2026-06-24T02:05:48.592Z","Piese tractoare straine","Fendt","3149"
"DISRT52","Furtun aer Massey Ferguson 38.1x44.5x63.5mm cod OEM 180026M1","2026-06-24T02:05:48.592Z","Piese tractoare straine","Massey Ferguson","541"
"DISRT62","Senzor pompa frana Deutz Agrotron, Kubota cod OEM 04416066, 50704037, 0501209878, 3J08022080, 3J08022081","2026-06-24T02:05:48.592Z","Piese tractoare straine","Deutz","14349"
"DISRT92","Ansamblu motor ventilator aeroterma cabina 12V New Holland, Case IH cod OEM 82033102, 82022334","2026-06-24T02:05:48.592Z","Piese tractoare straine","New Holland","40390"
"DISRV83","Ansamblu motor ventilator aeroterma cabina 12V New Holland, Case IH, Ford cod OEM 82022334, 82033102, 87541326, 87646727, 87651401, 87651426, 87663947","2026-06-24T02:05:48.592Z","Piese tractoare straine","New Holland","41749"
"DISRV95","Disc frana Deutz, Lamborghini, Same, Hurlimann 282x46.5x7mm Z=12 cod OEM 0.009.7067.2, 0.445.5447.2, 009.7067.2, 44554472, 970672, 000970672, 044554472","2026-06-24T02:05:48.592Z","Piese tractoare straine","Deutz","19290"
"DISRW04","Disc frana John Deere 305x57.14x4.9mm Z=15 cod OEM AL65871, 10041925, 3750, VPJ7142, 422-9","2026-06-24T02:05:48.592Z","Piese tractoare straine","John Deere","17549"
"DISRW07","Disc frana Massey Ferguson 165x46.1x3.6mm Z=24 cod OEM 3790493M1, 6969, 71715098","2026-06-24T02:05:48.592Z","Piese tractoare straine","Massey Ferguson","4790"
"DISVD98","Alternator 14V, 65A Fendt, Steyr, Deutz cod OEM 1532068C1, 1532068C2, 130100090744, 131000090739, 3218544EX, 38800090021, 61000090072, 6205473, 6854980, 80452309, C000900010200, G345900011010","2026-06-24T02:05:48.592Z","Piese tractoare straine","Fendt","47290"
"DISVD99","Curea trapezoidala AVX13x925 La Massey Ferguson compresor AC si ventilator cod OEM 3612930M1","2026-06-24T02:05:48.592Z","Piese tractoare straine","Massey Ferguson","1449"
"DISVE03","Cablu ridicare hidraulica John Deere 1735mm cod OEM AL172937, AL110411, AL110014, AL164813","2026-06-24T02:05:48.592Z","Piese tractoare straine","John Deere","9690"
"DISVE06","Garnitura capac culbutori motor Perkins seria 400 cod OEM SBA111996420, 111996420, PER111996420, 89/111996420","2026-06-24T02:05:48.592Z","Piese tractoare straine","Perkins","970"
"DISVE08","Camasa cilindru motor Fendt 105x108x214mm cod OEM F183200210140, F385200210240, 7701009594, 89197110, 12160228, 20040522600, VPB1071","2026-06-24T02:05:48.592Z","Piese tractoare straine","Fendt","7349"
"DISVE09","Filtru combustibil Fiat, New Holland, Massey Ferguson, Ford, Case IH 110x133mm cod OEM 87840136, XP60, WK1142X, SK3422, SN906010, P550730","2026-06-24T02:05:48.592Z","Piese tractoare straine","Filtre","3249"
"DISVE10","Filtru ulei hidraulic Massey Ferguson 54x127x101mm cod OEM 3714453M1","2026-06-24T02:05:48.592Z","Piese tractoare straine","Massey Ferguson","7390"
"DISVE11","Pivot fuzeta John Deere 6000, 6005, 6010, Fendt Farmer cod OEM T151074, T188397, F380.309.021.020, F380309021020, 04415055, 4415055, 72706109","2026-06-24T02:05:48.592Z","Piese tractoare straine","John Deere","6849"
"DISVE12","Buson ulei motor tractor 46.7x59.5x23.8mm filet M48x2mm","2026-06-24T02:05:48.592Z","Piese tractoare straine","Piese universale","898"
"DISVE13","Pompa ulei motor Fiat 411, 415, 211R motor 614, 615D cod OEM 564648, S.59080, S59080, 590806, 123/564648, AS510317","2026-06-24T02:05:48.592Z","Piese tractoare straine","Fiat","33449"
"DISVE15","Set segmenti piston motor Deutz, Fendt Ø 100mm 2.94x2.55x5mm cod OEM 04152179","2026-06-24T02:05:48.592Z","Piese tractoare straine","Deutz","3490"
"DISVE16","Set segmenti piston motor Massey Ferguson, Landini Ø 105mm 2.5x2.5x3.5mm cod OEM 4225073M91","2026-06-24T02:05:48.592Z","Piese tractoare straine","Massey Ferguson","3249"
"DISVE18","Rampa culbutori asamblata 4 cilindri Massey Ferguson, JCB motor Perkins cod OEM 4225022M91, 4115R612","2026-06-24T02:05:48.592Z","Piese tractoare straine","Massey Ferguson","97090"
"DISVE22","Senzor pozitie ridicare hidraulica John Deere 6 pini cod OEM AL175214","2026-06-24T02:05:48.592Z","Piese tractoare straine","John Deere","13890"
"DISVE23","Nuca maneta schimbator viteze Massey Ferguson, John Deere, Ford 38mm filet 3/8 UNF cod OEM 180006M91, C5NN7213A, 957E7213A","2026-06-24T02:05:48.592Z","Piese tractoare straine","Massey Ferguson","960"
"DISVE24","Nuca maneta schimbator viteze John Deere, Massey Ferguson, Ford 40mm filet 3/8 UNF cod OEM R161382, 72358, 50864","2026-06-24T02:05:48.592Z","Piese tractoare straine","John Deere","907"
"DISVE26","Rulment ax caseta directie 35BC/36X 50.3x70x23.2mm Fiat 450, 450DT, 550, 580, 600, 640 cod OEM 4654657","2026-06-24T02:05:48.592Z","Piese tractoare straine","Fiat","2549"
"DISVE27","Ghid supapa motor Deutz 8.02x15.07x57.4mm cod 02232528, 03371761, 04158947, 41-29","2026-06-24T02:05:48.592Z","Piese tractoare straine","Deutz","783"
"DISVE01","Ferodou placuta frana John Deere 63.5x165.1mm cod OEM R111122, A-R111122","2026-06-24T02:05:48.592Z","Piese tractoare straine","John Deere","2190"
"DISVE05","Bucsa canelata cuplare 4x4 John Deere 44.5x65mm Z=22 cod OEM R244166","2026-06-24T02:05:48.592Z","Piese tractoare straine","John Deere","4190"
"DISVE19","Cuplaj elastic pompa hidraulica John Deere 72.7x135mm cod OEM R78202, T58196","2026-06-24T02:05:48.592Z","Piese tractoare straine","John Deere","1049"
"DISVE25","Inel siguranta planetara spate John Deere 69.5x75.5x3.2mm cod OEM L76059","2026-06-24T02:05:48.592Z","Piese tractoare straine","John Deere","1649"
"BK88815","Pompa macerator ape uzate 550W, 220V, debit 8400 L/h, inaltime pompare 9m, orizontal 90m IP44","2026-06-24T02:05:48.592Z","Casa si gradina","Instalatii sanitare","47949"
"BK88816","Pompa macerator ape uzate 700W, 220V, debit 8400 L/h, inaltime pompare 9m, orizontal 90m IP44","2026-06-24T02:05:48.592Z","Casa si gradina","Instalatii sanitare","59890"
"40TH408","Set cilindru piston drujba 45mm, 52cc model China 5200 THOR","2026-06-24T02:05:48.592Z","Utilaje mici","Drujbe","3049"
"DISUN10","Folie protectie masa transparenta PVC siliconizat 100cm, grosime 1.2mm, model pene 20m/rola Breckner Germany","2026-06-24T02:05:48.592Z","Casa si gradina","Mobilier","54949"
"DISUN12","Folie protectie masa transparenta PVC siliconizat 100cm, grosime 0.8mm, model pene 20m/rola Breckner Germany","2026-06-24T02:05:48.592Z","Casa si gradina","Mobilier","40490"
"DISUN13","Folie protectie masa transparenta PVC siliconizat 100cm, grosime 1.2mm, model trandafiri 20m/rola Breckner Germany","2026-06-24T02:05:48.592Z","Casa si gradina","Mobilier","54949"
"DISUN15","Folie protectie masa transparenta PVC siliconizat 100cm, grosime 0.8mm, model trandafiri 20m/rola Breckner Germany","2026-06-24T02:05:48.592Z","Casa si gradina","Mobilier","40490"
"DISUN16","Folie protectie masa transparenta PVC siliconizat 100cm, grosime 1.2mm, model floral 20m/rola Breckner Germany","2026-06-24T02:05:48.592Z","Casa si gradina","Mobilier","54949"
"DISUN18","Folie protectie masa transparenta PVC siliconizat 100cm, grosime 0.8mm, model floral 20m/rola Breckner Germany","2026-06-24T02:05:48.592Z","Casa si gradina","Mobilier","40490"
"DISUN19","Folie protectie masa decorativa PVC siliconizat 100cm, grosime 1.2mm, model marmura 20m/rola Breckner Germany","2026-06-24T02:05:48.592Z","Casa si gradina","Mobilier","54949"
"DISUN21","Folie protectie masa decorativa PVC siliconizat 100cm, grosime 0.8mm, model marmura 20m/rola Breckner Germany","2026-06-24T02:05:48.592Z","Casa si gradina","Mobilier","40490"
"DISUN22","Folie protectie masa decorativa PVC siliconizat 100cm, grosime 1.2mm, model marmura natur 20m/rola Breckner Germany","2026-06-24T02:05:48.592Z","Casa si gradina","Mobilier","54949"
"DISUN24","Folie protectie masa decorativa PVC siliconizat 100cm, grosime 0.8mm, model marmura natur 20m/rola Breckner Germany","2026-06-24T02:05:48.592Z","Casa si gradina","Mobilier","40490"
"DISUN25","Folie protectie masa decorativa PVC siliconizat 100cm, grosime 1.2mm, model marmura gri 20m/rola Breckner Germany","2026-06-24T02:05:48.592Z","Casa si gradina","Mobilier","54949"
"DISUN27","Folie protectie masa transparenta PVC siliconizat 100cm, grosime 1.2mm, model frunze 20m/rola Breckner Germany","2026-06-24T02:05:48.592Z","Casa si gradina","Mobilier","54949"
"DISUN30","Folie protectie masa transparenta PVC siliconizat 100cm, grosime 1.2mm 20m/rola Breckner Germany","2026-06-24T02:05:48.592Z","Casa si gradina","Mobilier","42090"
"DISUN32","Folie protectie masa transparenta PVC siliconizat 100cm, grosime 0.8mm 20m/rola Breckner Germany","2026-06-24T02:05:48.592Z","Casa si gradina","Mobilier","28090"
"DISUN33","Folie protectie masa transparenta antiderapanta PVC siliconizat 100cm, grosime 1.2mm, model texturat 20m/rola Breckner Germany","2026-06-24T02:05:48.592Z","Casa si gradina","Mobilier","43649"
"DISUN35","Folie protectie masa transparenta antiderapanta PVC siliconizat 100cm, grosime 0.8mm, model texturat 20m/rola Breckner Germany","2026-06-24T02:05:48.592Z","Casa si gradina","Mobilier","29049"
"DISVG32","Snec flexibil cereale 380V, 4000W portabil cu furtun 15m, diametru 120mm, turatie 1440 r/min","2026-06-24T02:05:48.592Z","Utilaje mici","Mori cereale","437449"
"DISHH63","Tirant central reglabil John Deere 580-805mm, categoria 2-2 cod OEM AL200985, AL159873, AL176475","2026-06-24T02:05:48.593Z","Accesorii agricole","Tiranti centrali","10849"
"DISFM01","Motor pe benzina 7CP, 212cc OHV 170F, 4 timpi pentru masina de sapat santuri BK98058, 98TH058","2026-06-24T02:05:48.593Z","Utilaje mici","Masini de sapat","115149"
"DISNK54","Motor pe benzina 17CP, 420cc OHV, 4 timpi pentru generator electric 7.2kW 40TH202, 40TH168","2026-06-24T02:05:48.593Z","Accesorii agricole","Generatoare","102149"
"DISRT50","Filtru aer asamblat Fiat, New Holland cod OEM 5085490, 5136558, 8323083","2026-06-24T02:05:48.593Z","Piese tractoare straine","Fiat","14490"
"DISRT67","Filtru aer interior Massey Ferguson, Case IH, Fendt, New Holland, John Deere, Renault 88x108x377mm cod OEM 4270036M1, 7700050837, E679LS, 82028149, 82034607, 82034608, 8602988, 8602992, 8602996, 87682992, RE171236, 187472A1, XA2014, P780523","2026-06-24T02:05:48.593Z","Piese tractoare straine","Massey Ferguson","3090"
"DISRT74","Filtru aer exterior John Deere 88x174x315mm cod OEM AT65296","2026-06-24T02:05:48.593Z","Piese tractoare straine","John Deere","5749"
"DISRV61","Filtru aer exterior Massey Ferguson, Landini 170x311mm cod OEM 1698374M2","2026-06-24T02:05:48.593Z","Piese tractoare straine","Massey Ferguson","6649"
"DISUX81","Broasca usa ingropata cu rola 38x174mm, placuta frontala 23x240mm, nichel satinat, suruburi incluse","2026-06-24T02:05:48.593Z","Casa si gradina","Feronerie","1790"
"DISUX82","Broasca usa ingropata cu limba 34x174mm, placuta frontala 23x240mm, nichel satinat, suruburi incluse","2026-06-24T02:05:48.593Z","Casa si gradina","Feronerie","1749"
"DISUX83","Broasca usa ingropata cu limba 38x174mm, placuta frontala 23x240mm, nichel satinat, suruburi incluse","2026-06-24T02:05:48.593Z","Casa si gradina","Feronerie","1790"
"DISUX84","Broasca usa ingropata cu limba 43x174mm, placuta frontala 23x240mm, nichel satinat, suruburi incluse","2026-06-24T02:05:48.593Z","Casa si gradina","Feronerie","1849"
"DISUX85","Broasca usa ingropata cu limba 48x174mm, placuta frontala 23x240mm, nichel satinat, suruburi incluse","2026-06-24T02:05:48.593Z","Casa si gradina","Feronerie","1890"
"DISUX86","Broasca usa ingropata cu limba 73x177mm, placuta frontala 23x240mm, nichel satinat, suruburi incluse","2026-06-24T02:05:48.593Z","Casa si gradina","Feronerie","2090"
"DISUX87","Broasca usa ingropata cu limba 34x174mm, placuta frontala 16x240mm, nichel satinat, suruburi incluse","2026-06-24T02:05:48.593Z","Casa si gradina","Feronerie","1749"
"DISUX88","Broasca usa ingropata cu limba 38x174mm, placuta frontala 16x240mm, nichel satinat, suruburi incluse","2026-06-24T02:05:48.593Z","Casa si gradina","Feronerie","1790"
"DISUX89","Broasca usa ingropata cu limba 43x174mm, placuta frontala 16x240mm, nichel satinat, suruburi incluse","2026-06-24T02:05:48.593Z","Casa si gradina","Feronerie","1849"
"DISUX90","Broasca usa ingropata cu limba 48x174mm, placuta frontala 16x240mm, nichel satinat, suruburi incluse","2026-06-24T02:05:48.593Z","Casa si gradina","Feronerie","1890"
"DISUX91","Balama poarta tip T 65x121mm, otel negru, suruburi incluse","2026-06-24T02:05:48.593Z","Casa si gradina","Feronerie","397"
"DISUX92","Balama poarta tip T 70x151mm, otel negru, suruburi incluse","2026-06-24T02:05:48.593Z","Casa si gradina","Feronerie","450"
"DISUX93","Balama poarta tip T 70x174mm, otel negru, suruburi incluse","2026-06-24T02:05:48.593Z","Casa si gradina","Feronerie","521"
"DISUX94","Balama sudabila poarta/usa 14x16x80mm","2026-06-24T02:05:48.593Z","Casa si gradina","Feronerie","243"
"DISUX96","Set 2 balamale mobilier coplanare tip fluture 100x50mm, otel cromat, suruburi incluse","2026-06-24T02:05:48.593Z","Casa si gradina","Feronerie","712"
"DISUX97","Set 2 balamale mobilier coplanare tip fluture 100x50mm, otel negru, suruburi incluse","2026-06-24T02:05:48.593Z","Casa si gradina","Feronerie","563"
"DISUX98","Set 2 balamale mobilier coplanare tip fluture 100x50mm, otel alb, suruburi incluse","2026-06-24T02:05:48.593Z","Casa si gradina","Feronerie","563"
"DISUX99","Set manere usa termopan PVC alb cu sild 28x220mm","2026-06-24T02:05:48.593Z","Casa si gradina","Feronerie","2349"
"DISUZ01","Set manere usa termopan PVC maro cu sild 28x220mm","2026-06-24T02:05:48.593Z","Casa si gradina","Feronerie","2349"
"DISUZ02","Maner usa glisanta cromat incastrat tip scoica 36x150mm","2026-06-24T02:05:48.593Z","Casa si gradina","Feronerie","1049"
"DISVE21","Scaun tractor galben John Deere 320x490x320mm cod OEM TY15863, AM117924, B1AM117924, B1TY15863, AM103284, AM105898, AM39582, ET12564, MG675408, MG861683, TY15863, AM39582, AM103284, MG675408, MG861683","2026-06-24T02:05:48.593Z","Piese tractoare straine","John Deere","35490"
"BK99873","Cantar electronic de podea 3000kg, platforma striata 120x120cm, baterie 6V 4Ah, afisaj LED","2026-06-24T02:05:48.593Z","Casa si gradina","Scule si unelte","114749"
"BK99874","Cantar electronic de podea 5000kg, platforma striata 150x150cm, baterie 6V 4Ah, afisaj LED","2026-06-24T02:05:48.593Z","Casa si gradina","Scule si unelte","142890"
"DISLH90","Cantar electronic de podea 700kg tip platforma 600x450mm cu brat pliabil, afisaj LCD","2026-06-24T02:05:48.593Z","Casa si gradina","Scule si unelte","22790"
"DISLH92","Cantar electronic de podea 700kg fara fir cu display WiFi, platforma 50x60cm","2026-06-24T02:05:48.593Z","Casa si gradina","Scule si unelte","36649"
"DISLH95","Cantar bucatarie electronic digital 10kg, afisaj LCD, functie TARA","2026-06-24T02:05:48.593Z","Casa si gradina","Scule si unelte","1849"
"DISMX28","Cantar electronic de podea 350kg tip platforma 500x400mm cu brat pliabil, afisaj LCD","2026-06-24T02:05:48.593Z","Casa si gradina","Scule si unelte","15049"
"DISUE25","Cantar electronic de podea 200kg fara fir cu display WiFi, platforma 320x420mm","2026-06-24T02:05:48.593Z","Casa si gradina","Scule si unelte","21749"
"BK88881","Seringa manuala universala 200ml pentru aspirare ulei si lichide Breckner Germany","2026-06-24T02:05:48.593Z","Casa si gradina","Scule si unelte","1649"
"BK88882","Seringa manuala universala 500ml pentru aspirare ulei si lichide Breckner Germany","2026-06-24T02:05:48.593Z","Casa si gradina","Scule si unelte","2249"
"BK88883","Seringa manuala universala 1.5L pentru aspirare ulei si lichide Breckner Germany","2026-06-24T02:05:48.593Z","Casa si gradina","Scule si unelte","7449"
"DISNK83","Faseta colier plastic alb 3.6x250mm 100 buc/set Longroad","2026-06-24T02:05:48.593Z","Accesorii agricole","Chingi, cabluri si coliere","422"
"DISNV63","Faseta colier plastic alb 3.6x290mm 100 buc/set Longroad","2026-06-24T02:05:48.593Z","Accesorii agricole","Chingi, cabluri si coliere","629"
"DISRL68","Pistol umflat roti cu furtun si manometru mecanic 0-15 bar Breckner Germany","2026-06-24T02:05:48.593Z","Casa si gradina","Scule si unelte","4990"
"BK99643","Aparat de sudura cu fibra laser 3 in 1 sudura, taiere, curatare 1500W profesional Breckner Germany","2026-06-24T02:05:48.593Z","Accesorii agricole","Echipamente de sudura","2238549"
"DISVE33","Cort evenimente pavilion tip pagoda 5x5m, alb impermeabil UV, acoperis PVC 750g/m2, cadru otel-aluminiu 48x48x2.5mm","2026-06-24T02:05:48.593Z","Casa si gradina","Corturi","481790"
"BKC90411","Filtru aer exterior Case IH, John Deere, New Holland, Ford 91x165x354mm cod OEM P772580","2026-06-24T02:05:48.593Z","Piese tractoare straine","Fendt","5549"
"BK99870","Cantar electronic de podea 300kg fara fir cu display WiFi, platforma 510x410mm Breckner Germany","2026-06-24T02:05:48.593Z","Casa si gradina","Scule si unelte","23990"
"BK99871","Cantar electronic de podea 150kg tip platforma 400x300mm cu brat pliabil, afisaj LCD Breckner Germany","2026-06-24T02:05:48.593Z","Casa si gradina","Scule si unelte","12390"
"BK99872","Cantar electronic de podea 350kg tip platforma 500x400mm cu brat pliabil, afisaj LCD Breckner Germany","2026-06-24T02:05:48.593Z","Casa si gradina","Scule si unelte","15090"
"BKC90430","Filtru aer exterior Caterpillar, Case, New Holland, Hitachi, Kobelco 148x282x510mm cod OEM P777279","2026-06-24T02:05:48.593Z","Piese tractoare straine","Filtre","13490"
"DISVE32","Cort evenimente pavilion tip pagoda 6x6m, alb impermeabil UV, acoperis PVC 950g/m2, cadru aluminiu 64x64x3mm","2026-06-24T02:05:48.593Z","Casa si gradina","Corturi","940049"
"BK77348","Drujba electrica 1060W cu 2 acumulatori 21V, 6Ah Li-ion, motor brushless, lama 12 inch (300mm) Breckner Germany","2026-06-24T02:05:48.593Z","Utilaje mici","Drujbe","42249"
"BT118","Aparat generator de impulsuri 12V, 11 Joule, 120km pentru gard electric Britmann","2026-06-24T02:05:48.593Z","Zootehnie","Gard electric","58390"
"DISRK27","Pistol de suflat aer comprimat cu duza scurta 28mm rosu","2026-06-24T02:05:48.593Z","Casa si gradina","Scule si unelte","1149"
"DISRR82","Garnitura capac culbutori New Holland, Case IH, Mc Cormick, Steyr cod OEM 87803123","2026-06-24T02:05:48.593Z","Piese tractoare straine","New Holland","325"
"DISRS02","Garnitura capac distributie John Deere cod OEM R545884, R519656, R523185, R526945, B175523","2026-06-24T02:05:48.593Z","Piese tractoare straine","John Deere","4849"
"DISRV59","Filtru aer exterior primar Massey Ferguson, Landini, Mc Cormick, Fiat 72x138x292mm 0018404U1, 1930764, 3310358M1, 79062702, 79072795, 32/913601, 32913601, 32925594, XA1482K, P771549, SL5631, SA14605K, SL6417","2026-06-24T02:05:48.593Z","Piese tractoare straine","Massey Ferguson","6190"
"DISRV67","Suport manson rulment presiune ambreiaj New Holland, Case IH, Ford, Fiat 63x120x39mm cod OEM 4993816, 84524919","2026-06-24T02:05:48.593Z","Piese tractoare straine","New Holland","5249"
"DISRV75","Fulie intinzator curea transmisie combina John Deere 17x154x37mm cod OEM AP24917","2026-06-24T02:05:48.593Z","Piese tractoare straine","John Deere","7749"
"DISUZ66","Pompa de ulei manuala 16L cu furtun 1.5m Breckner Germany","2026-06-24T02:05:48.593Z","Casa si gradina","Scule si unelte","15890"
"DISUZ81","Bucsa ax ridicare hidraulica John Deere 65.4x68.3x78.9mm cod OEM  L79234, 71812001, VPK3653, 686-39","2026-06-24T02:05:48.593Z","Piese tractoare straine","John Deere","1190"
"DISVE04","Set cuzineti biela STD Ford, New Holland 69.86x74.72x35.8mm cod OEM 83906780, DFPN6211A","2026-06-24T02:05:48.593Z","Piese tractoare straine","Ford","6849"
"DISVE82","Capcana adeziva pentru soareci si sobolani 280x600mm","2026-06-24T02:05:48.593Z","Casa si gradina","Produse antidaunatori","219"
"DISVM20","Aparat electric de curatat fructe si legume portabil 50W, baterie 3.7V, 1300mAh, reincarcabil USB","2026-06-24T02:05:48.593Z","Zootehnie","Echipamente de procesare","4849"
"DISUX20","Clopot ovine si bovine 4cm auriu tip talanga","2026-06-24T02:05:48.593Z","Zootehnie","Adapatori animale","1190"
"DISUX21","Clopot ovine si bovine 3.5cm auriu tip talanga","2026-06-24T02:05:48.593Z","Zootehnie","Adapatori animale","1349"
"BK72504","Trusa presa rulmenti si bucse BMW 19 piese Breckner Germany","2026-06-24T02:05:48.593Z","Casa si gradina","Scule si unelte","33490"
"BK72506","Trusa presa hidraulica bucse arc suspensie camion 24 piese Breckner Germany","2026-06-24T02:05:48.593Z","Casa si gradina","Scule si unelte","87290"
"BK72519","Set presa montare si demontare bucse silent axa SAF, Mercedes DCA, HT 12 piese Breckner Germany","2026-06-24T02:05:48.593Z","Casa si gradina","Scule si unelte","38590"
"BK72525","Trusa compresor arcuri elicoidale suspensie auto 23-280mm profesionala Breckner Germany","2026-06-24T02:05:48.593Z","Casa si gradina","Scule si unelte","15690"
"BK72534","Trusa extractoare rulmenti cu 2 si 3 brate reversibile profesionala 10 piese Breckner Germany","2026-06-24T02:05:48.593Z","Casa si gradina","Scule si unelte","18990"
"BK72509","Set freza curatare locas valva janta auto tubeless 7 piese Breckner Germany","2026-06-24T02:05:48.593Z","Casa si gradina","Scule si unelte","7849"
"BK72508","Trusa freza curatare locas valva janta auto tubeless 6 piese Breckner Germany","2026-06-24T02:05:48.593Z","Casa si gradina","Scule si unelte","6290"
"BK72511","Trusa presa extractoare rulmenti butuc roata auto Breckner Germany","2026-06-24T02:05:48.593Z","Casa si gradina","Scule si unelte","39890"
"BK87209","Aspersor de impact reglabil cu brat oscilant, 2 duze, raza 18-25m, debit 75-82 L/min, filet interior 1 inch Breckner Germany","2026-06-24T02:05:48.593Z","Casa si gradina","Sisteme de irigare","2090"
"BK87210","Aspersor de impact reglabil cu brat oscilant, 5 duze, raza 18-25m, debit 75-82 L/min, filet interior 1 inch Breckner Germany","2026-06-24T02:05:48.593Z","Casa si gradina","Sisteme de irigare","2290"
"BK87211","Aspersor de impact reglabil cu brat oscilant, 2 duze, raza 8-11m, debit 18-25 L/min, filet interior 1 inch Breckner Germany","2026-06-24T02:05:48.593Z","Casa si gradina","Sisteme de irigare","1690"
"BK87212","Aspersor de impact reglabil cu brat oscilant, duza 4mm, raza 5-10m, debit 15-28 L/min, filet exterior 1/2 inch Breckner Germany","2026-06-24T02:05:48.593Z","Casa si gradina","Sisteme de irigare","627"
"BK87213","Aspersor de impact reglabil cu brat oscilant, duza 4mm, raza 5-10m, debit 15-28 L/min, filet exterior 3/4 inch Breckner Germany","2026-06-24T02:05:48.593Z","Casa si gradina","Sisteme de irigare","627"
"BK92249","Palan electric otel 380V, 500W cu lant 3m, sarcina maxima 1000kg, carlig cu siguranta 2T Breckner Germany","2026-06-24T02:05:48.593Z","Casa si gradina","Scule si unelte","71590"
"BK99791","Palan manual cu levier 3000kg, lant 1.5m, carlig cu siguranta 3T Breckner Germany","2026-06-24T02:05:48.593Z","Casa si gradina","Scule si unelte","28690"
"BK99792","Palan manual cu lant 3m, sarcina maxima 1000kg, carlig cu siguranta 1T Breckner Germany","2026-06-24T02:05:48.593Z","Casa si gradina","Scule si unelte","13590"
"BK99793","Palan manual cu lant 3m, sarcina maxima 5000kg, carlig cu siguranta 5T Breckner Germany","2026-06-24T02:05:48.593Z","Casa si gradina","Scule si unelte","40149"
"BK99794","Palan manual cu lant 3m, sarcina maxima 1000kg, carlig cu siguranta 1T Breckner Germany","2026-06-24T02:05:48.593Z","Casa si gradina","Scule si unelte","21890"
"BK99795","Palan manual cu lant 3m, sarcina maxima 2000kg, carlig cu siguranta 2T Breckner Germany","2026-06-24T02:05:48.593Z","Casa si gradina","Scule si unelte","31290"
"DISTP51","Extractor rulmenti cu 2 brate reversibile 3/75mm Breckner Germany","2026-06-24T02:05:48.593Z","Casa si gradina","Scule si unelte","3749"
"DISVJ87","Baston electric animale 1100V cu acumulator 8.4V, 2200mAh, indicator baterie, tija 80cm","2026-06-24T02:05:48.593Z","Zootehnie","Accesorii animale","19490"
"DISVJ88","Baston electric animale 1100V cu acumulator 8.4V, 2200mAh, indicator baterie, tija 60cm","2026-06-24T02:05:48.593Z","Zootehnie","Accesorii animale","19490"
"DISVJ89","Baston electric animale 1100V cu acumulator 8.4V, 2200mAh, indicator baterie, tija 100cm","2026-06-24T02:05:48.593Z","Zootehnie","Accesorii animale","21090"
"DISVJ90","Baston electric animale profesional 1100V cu acumulator 8.4V, 2200mAh, lanterna LED, indicator baterie, tija 80cm","2026-06-24T02:05:48.594Z","Zootehnie","Accesorii animale","22090"
"BK38811","Supapa condens aer comprimat automata mecanica 10 bar, 1/2 NPT pentru compresor aer cu surub","2026-06-24T02:05:48.594Z","Casa si gradina","Scule si unelte","7490"
"DISRW23","Pistol de suflat aer comprimat cu duza scurta 28mm gri","2026-06-24T02:05:48.594Z","Casa si gradina","Scule si unelte","1490"
"TBKM01","Triciclu electric BRECKNER GERMANY MAX ALBASTRU CU CABINA 2000W 72V 52AH","2026-06-24T02:05:48.594Z","Utilaje mici","Carucioare electrice","2364549"
"TST01VD","Triciclu electric Thor STAR verde cu CIV 1200W 60V45Ah","2026-06-24T02:05:48.594Z","Utilaje mici","Carucioare electrice","1127049"
"TBKT02N","Triciclu electric BRECKNER TRAVEL negru 1000W 60V 20AH","2026-06-24T02:05:48.594Z","Utilaje mici","Carucioare electrice","955790"
"TBKME02G","Triciclu electric BRECKNER GERMANY MODEL E GRI 1600W 60V 20AH","2026-06-24T02:05:48.594Z","Utilaje mici","Carucioare electrice","994690"
"40TH269-A","Triciclu electric THOR SX LONG2 albastru 600W 48V 20AH","2026-06-24T02:05:48.594Z","Utilaje mici","Carucioare electrice","745649"
"SBKG01N","Scuter electric BRECKNER G60 negru 500W 48V20Ah","2026-06-24T02:05:48.594Z","Utilaje mici","Carucioare electrice","497849"
"SBKG01R","Scuter electric BRECKNER G60 rosu 500W 48V20Ah","2026-06-24T02:05:48.594Z","Utilaje mici","Carucioare electrice","497849"
"STR01","Scuter electric Thor Razor 2000W 72V20Ah","2026-06-24T02:05:48.594Z","Utilaje mici","Carucioare electrice","809490"
"TSY01M","Triciclu electric Thor Spyder maro 800W 60V20Ah","2026-06-24T02:05:48.594Z","Utilaje mici","Carucioare electrice","792349"
"TBKT02G","Triciclu electric BRECKNER TRAVEL gri 1000W 60V 20AH","2026-06-24T02:05:48.594Z","Utilaje mici","Carucioare electrice","955790"
"TEL01","Triciclu electric Thor ELEGANCE 1000W 60V20Ah","2026-06-24T02:05:48.594Z","Utilaje mici","Carucioare electrice","994690"
"BK92250","Scara pliabila otel 3 trepte antiderapante, inaltime 117cm, sarcina maxima 150kg rosie Breckner Germany","2026-06-24T02:05:48.594Z","Casa si gradina","Scule si unelte","11849"
"BK92251","Scara pliabila otel 4 trepte antiderapante, inaltime 141cm, sarcina maxima 150kg rosie Breckner Germany","2026-06-24T02:05:48.594Z","Casa si gradina","Scule si unelte","14649"
"BK92252","Scara pliabila otel 5 trepte antiderapante, inaltime 165cm, sarcina maxima 150kg rosie Breckner Germany","2026-06-24T02:05:48.594Z","Casa si gradina","Scule si unelte","17749"
"40TH474","Despicator lemne vertical/orizontal 40T, motor benzina 15CP 420cc, grosime maxima 630mm, pornire electrica/manuala THOR","2026-06-24T02:05:48.594Z","Utilaje mici","Despicatoare lemne","750390"
"DISRX84","Cap polizat anvelope 40mm Breckner Germany","2026-06-24T02:05:48.594Z","Casa si gradina","Scule si unelte","2090"
"DISRX86","Valva roata camion tubeless metalica 68mm compatibila senzor TPMS","2026-06-24T02:05:48.594Z","Vulcanizare","Valve","807"
"DISRX88","Valva camera de aer aplicata TR4 cu palarie mare 44mm","2026-06-24T02:05:48.594Z","Vulcanizare","Valve","163"
"DISRX89","Valva camera de aer aplicata TR218A cu palarie mare 64mm","2026-06-24T02:05:48.594Z","Vulcanizare","Valve","594"
"DISRX90","Valva roata camion tubeless 112mm alama V3-12-2","2026-06-24T02:05:48.594Z","Vulcanizare","Valve","1049"
"DISRX91","Valva roata camion tubeless 84mm alama V3-16-1","2026-06-24T02:05:48.594Z","Vulcanizare","Valve","1190"
"DISVG61","Masina de tocat carne electrica inox + aluminiu 1200W, 220V, capacitate 100 kg/h, adaptor carnati, 1 sita si 1 cutit incluse 340x185x365mm","2026-06-24T02:05:48.594Z","Zootehnie","Echipamente de procesare","54549"
"DISVG62","Masina de tocat carne electrica inox + otel 1200W, 220V, capacitate 100 kg/h, adaptor carnati, 1 sita si 1 cutit incluse 340x185x365mm","2026-06-24T02:05:48.594Z","Zootehnie","Echipamente de procesare","74549"
"DISVG63","Masina de tocat carne electrica inox 1600W, 220V, capacitate 150 kg/h, adaptor carnati, 1 sita si 1 cutit incluse 380x210x415mm","2026-06-24T02:05:48.594Z","Zootehnie","Echipamente de procesare","95249"
"DISVG64","Masina de tocat carne electrica inox 2000W, 220V, capacitate 250 kg/h, adaptor carnati, 1 sita si 1 cutit incluse 410x240x450mm","2026-06-24T02:05:48.594Z","Zootehnie","Echipamente de procesare","139449"
"AAB562","Spuma poliuretanica de umplere anti-soareci si daunatori 365ml MouseStop Foam 299 Penosil","2026-06-24T02:05:48.594Z","Casa si gradina","Instalatii sanitare","2649"
"BK79346","Lampa LED 6500K cu panou solar 10W, baterie LifePO4 3.2V/5000mAh si telecomanda IP65 Breckner Germany","2026-06-24T02:05:48.594Z","Casa si gradina","Iluminat","8949"
"DISEV53","Scara aluminiu multifunctionala 4.7m, 4x4 trepte, pliabila cu balamale, sarcina maxima 150kg","2026-06-24T02:05:48.594Z","Casa si gradina","Scule si unelte","45790"
"DISFN21","Pompa de stropit vermorel manual 20L, 3 duze, presiune maxima 3 bar","2026-06-24T02:05:48.594Z","Casa si gradina","Pompe de stropit","5090"
"DISVF03","Scara telescopica aluminiu 2.9m, 10 trepte antiderapante, sarcina maxima 150kg Breckner Germany","2026-06-24T02:05:48.594Z","Casa si gradina","Scule si unelte","30390"
"DISVF04","Scara telescopica aluminiu 5.1m, 14 trepte antiderapante, sarcina maxima 150kg Breckner Germany","2026-06-24T02:05:48.594Z","Casa si gradina","Scule si unelte","53990"
"DISVF05","Scara telescopica aluminiu 6.2m, 16 trepte antiderapante, sarcina maxima 150kg Breckner Germany","2026-06-24T02:05:48.594Z","Casa si gradina","Scule si unelte","62949"
"DISVF06","Scara multifunctionala aluminiu 3.7m, 4x3 trepte, pliabila cu balamale, sarcina maxima 150kg","2026-06-24T02:05:48.594Z","Casa si gradina","Scule si unelte","34890"
"DISVF07","Scara aluminiu multifunctionala 5.7m, 4x5 trepte, pliabila cu balamale, sarcina maxima 150kg","2026-06-24T02:05:48.594Z","Casa si gradina","Scule si unelte","47549"
"40TH475","Cap cruce despicator lemne 40 Tone THOR","2026-06-24T02:05:48.594Z","Utilaje mici","Despicatoare lemne","27549"
"DISRS32","Radiator racire apa Massey Ferguson, Landini 635x480x110mm cod OEM 3307942M91","2026-06-24T02:05:48.594Z","Piese tractoare straine","Massey Ferguson","124690"
"DISUX02","Sac big bag 95x95x105cm alb, capacitate 1500kg, tip circular nelaminat, fund plan, top fusta 85cm","2026-06-24T02:05:48.594Z","Casa si gradina","Saci","3190"
"DISUX03","Sac big bag 95x95x110cm alb, capacitate 1250kg, tip U-Panel nelaminat, fund plan, top fusta 85cm","2026-06-24T02:05:48.594Z","Casa si gradina","Saci","2690"
"DISUX04","Sac big bag 95x95x120cm alb, capacitate 1500kg, tip U-Panel nelaminat, fund plan, top fusta 85cm","2026-06-24T02:05:48.594Z","Casa si gradina","Saci","3249"
"DISUX06","Sac big bag 95x95x150cm alb, capacitate 1200kg, tip U-Panel nelaminat, fund plan, top fusta 85cm","2026-06-24T02:05:48.594Z","Casa si gradina","Saci","3290"
"DISUX08","Sac big bag 95x95x180cm alb, capacitate 1500kg, tip U-Panel nelaminat, fund plan, top fusta 85cm","2026-06-24T02:05:48.594Z","Casa si gradina","Saci","4149"
"DISUX09","Sac big bag 95x95x120cm alb, capacitate 1000kg, tip U-Panel nelaminat, fusta incarcare, tub descarcare","2026-06-24T02:05:48.594Z","Casa si gradina","Saci","2549"
"DISUX11","Sac big bag 95x95x140cm alb, capacitate 1000kg, tip U-Panel nelaminat, fusta incarcare, tub descarcare","2026-06-24T02:05:48.594Z","Casa si gradina","Saci","2790"
"DISUX13","Sac big bag 95x95x160cm alb, capacitate 1000kg, tip U-Panel nelaminat, fusta incarcare, tub descarcare","2026-06-24T02:05:48.594Z","Casa si gradina","Saci","3249"
"BK76203A","Cort camping 2 persoane albastru pliabil automat pop-up 2 intrari, impermeabil cu protectie UV si plasa anti-insecte 200x200x145cm","2026-06-24T02:05:48.594Z","Casa si gradina","Camping","23449"
"BK76203B","Cort camping 2 persoane albastru-portocaliu pliabil automat pop-up 2 intrari, impermeabil cu protectie UV si plasa anti-insecte 200x200x145cm","2026-06-24T02:05:48.594Z","Casa si gradina","Camping","23449"
"BK76203C","Cort camping 2 persoane crem pliabil automat pop-up 2 intrari, impermeabil cu protectie UV si plasa anti-insecte 200x200x145cm","2026-06-24T02:05:48.594Z","Casa si gradina","Camping","23449"
"BK99232","Husa masa elastica alba dreptunghiulara 180x70x74cm","2026-06-24T02:05:48.594Z","Casa si gradina","Mobilier","6290"
"BK99233","Husa masa elastica alba dreptunghiulara 120x60x74cm","2026-06-24T02:05:48.594Z","Casa si gradina","Mobilier","4290"
"BK99234","Husa masa elastica alba dreptunghiulara 152x70x74cm","2026-06-24T02:05:48.594Z","Casa si gradina","Mobilier","5290"
"BK99235","Panou gard viu artificial verde decorativ cu frunze mici 40x60x3cm","2026-06-24T02:05:48.594Z","Casa si gradina","Garduri si accesorii","759"
"BK99236","Gard viu artificial verde decorativ cu frunze iedera 300x100cm","2026-06-24T02:05:48.594Z","Casa si gradina","Garduri si accesorii","4090"
"BK99237","Minge decorativa artificiala verde cu frunze tip buxus 20cm","2026-06-24T02:05:48.594Z","Casa si gradina","Garduri si accesorii","1249"
"BK99238","Minge decorativa artificiala verde cu frunze tip buxus 30cm","2026-06-24T02:05:48.594Z","Casa si gradina","Garduri si accesorii","2349"
"BK99239","Minge decorativa artificiala verde cu frunze tip buxus 40cm","2026-06-24T02:05:48.594Z","Casa si gradina","Garduri si accesorii","4649"
"BK99231","Cort evenimente pavilion gradina 3x3m albastru, acoperis impermeabil in 2 ape, structura otel galvanizat Breckner Germany","2026-06-24T02:05:48.594Z","Casa si gradina","Corturi","39449"
"BK99231R","Cort evenimente pavilion gradina 3x3m rosu, acoperis impermeabil in 2 ape, structura otel galvanizat Breckner Germany","2026-06-24T02:05:48.594Z","Casa si gradina","Corturi","37990"
"DISRX09","Slefuitor orbital excentric profesional 125mm, 350W, 220V, sac colectare praf, 6 trepte viteza 8000-12000rpm","2026-06-24T02:05:48.594Z","Casa si gradina","Scule si unelte","16790"
"DISRX10","Pistol vopsit electric 550W, 220V, debit 800 ml/min, rezervor inferior 800ml, 3 duze incluse","2026-06-24T02:05:48.594Z","Casa si gradina","Scule si unelte","10790"
"DISVE47","Snur vulcanizare anvelope 6x100mm 50 buc/cutie 12-361 X-TRA SEAL","2026-06-24T02:05:48.594Z","Vulcanizare","Petice vulcanizare","2190"
"DISVE48","Petice vulcanizare anvelope radiale 45x73mm RADIAL 08 X-TRA SEAL","2026-06-24T02:05:48.594Z","Vulcanizare","Petice vulcanizare","230"
"DISVE50","Instrument vulcanizare tip ac cu maner plastic ergonomic pentru inserare snur anvelope","2026-06-24T02:05:48.594Z","Vulcanizare","Accesorii vulcanizare","763"
"DISVE51","Instrument vulcanizare tip ac 140mm cu maner plastic pentru inserare snur anvelope","2026-06-24T02:05:48.594Z","Vulcanizare","Accesorii vulcanizare","763"
"DISVE52","Creta vulcanizare alba marcare anvelope 12x110mm HEX 14-553 X-TRA SEAL","2026-06-24T02:05:48.594Z","Vulcanizare","Accesorii vulcanizare","175"
"DISVE54","Pensula vulcanizare aplicare pasta montaj anvelope 38mm X-TRA SEAL","2026-06-24T02:05:48.594Z","Vulcanizare","Accesorii vulcanizare","1390"
"DISVE78","Kit vulcanizare anvelope tubeless la rece cu snur si instrument inserare 2 in 1 tip ac 27-001 X-TRA SEAL","2026-06-24T02:05:48.594Z","Vulcanizare","Accesorii vulcanizare","594"
"DISVE79","Kit vulcanizare anvelope tubeless la rece cu snur, adeziv, instrument inserare tip ac si alezor 27-003 X-TRA SEAL","2026-06-24T02:05:48.594Z","Vulcanizare","Accesorii vulcanizare","1090"
"DISVE80","Set 4 capace valve auto aluminiu compatibile senzor TPMS 27-014 X-TRA SEAL","2026-06-24T02:05:48.594Z","Vulcanizare","Accesorii vulcanizare","446"
"DISVE81","Set 4 capace valve auto metalice cu cap de surubelnita 27-015 X-TRA SEAL","2026-06-24T02:05:48.594Z","Vulcanizare","Accesorii vulcanizare","453"
"DISVM14","Moara cereale electrica 3kW, 220V, capacitate 300 kg/h, turatie ax 5900 r/min, 4 site incluse THOR","2026-06-24T02:05:48.594Z","Utilaje mici","Mori cereale","107849"
"BK99228","Umbrela de gradina rotunda crem 3m, brat lateral reglabil cu manivela, structura metalica Breckner Germany","2026-06-24T02:05:48.594Z","Casa si gradina","Mobilier","43849"
"BK99243","Scaun de birou ergonomic directorial cu suport lombar, piele ecologica neagra, rotativ, spatar si inaltime reglabile","2026-06-24T02:05:48.594Z","Casa si gradina","Mobilier","27049"
"BK99244","Scaun de birou directorial, piele ecologica neagra, rotativ, reglabil pe inaltime si inclinatie","2026-06-24T02:05:48.594Z","Casa si gradina","Mobilier","25849"
"BK99664","Disc motocoasa drept 2 dinti 305x25.4x1.4mm 10000 r/min Breckner Germany","2026-06-24T02:05:48.594Z","Utilaje mici","Motocositori","668"
"BK99666","Disc motocoasa drept 2 dinti 305x25.4x1.4mm 10000 r/min Breckner Germany","2026-06-24T02:05:48.594Z","Utilaje mici","Motocositori","668"
"BK99667","Disc motocoasa drept 2 dinti 305x25.4x2mm 10000 r/min Breckner Germany","2026-06-24T02:05:48.594Z","Utilaje mici","Motocositori","778"
"BK99241","Scaun camping pliabil albastru cu suport pahar, husa transport, structura metalica 50x80x80cm","2026-06-24T02:05:48.594Z","Casa si gradina","Camping","3749"
"BK99242","Scaun relaxare pliabil zero gravity tip sezlong negru cu suport pahar si tava, tetiera detasabila, structura otel","2026-06-24T02:05:48.594Z","Casa si gradina","Mobilier","16790"
"BK99751","Fir patrat rasucit motocoasa 3mm x 15m multicolor Breckner Germany","2026-06-24T02:05:48.594Z","Utilaje mici","Motocositori","771"
"DISRL64","Motopompa pe benzina 22.4CP, 8 toli, motor Honda GX690, debit 300 m3/h, adancime aspiratie 4m, inaltime pompare 15m, pornire la cheie Breckner Germany","2026-06-24T02:05:48.594Z","Accesorii agricole","Motopompe","1626790"
"BK99227","Carucior transport pliabil de gradina si camping cu roti, maner extensibil, cadru metalic, material textil 70x48x47cm Breckner Germany","2026-06-24T02:05:48.594Z","Casa si gradina","Camping","12249"
"BK99229","Set masa pliabila camping cu 4 scaune din aluminiu, portabila tip valiza, reglabila pe inaltime 120x60cm Breckner Germany","2026-06-24T02:05:48.594Z","Casa si gradina","Mobilier","17849"
"BK99683","Drujba electrica profesionala cu 2 acumulatori 20V, 4Ah Li-ion, motor brushless, display digital LED, lama 12 inch (300mm) Breckner Germany","2026-06-24T02:05:48.594Z","Utilaje mici","Drujbe","26949"
"40TH488","Drujba pe benzina profesionala 2 timpi 52cc, 3CP, 8000rpm, lama 16 inch (400mm) THOR","2026-06-24T02:05:48.594Z","Utilaje mici","Drujbe","25549"
"BK99694","Disc motocoasa cu 5 cutite pliabile 255x25.4mm otel Breckner Germany","2026-06-24T02:05:48.594Z","Utilaje mici","Motocositori","1049"
"BK99695","Disc motocoasa cu 6 cutite pliabile 255x25.4mm otel Breckner Germany","2026-06-24T02:05:48.594Z","Utilaje mici","Motocositori","1090"
"BK99698","Disc perie nylon motocoasa 200x25.4mm pentru curatare buruieni, rosturi, pavaj Breckner Germany","2026-06-24T02:05:48.594Z","Utilaje mici","Motocositori","2649"
"BK97999","Aparat nituire lant drujba pas 0.325, 0.404, 3/8 Breckner Germany","2026-06-24T02:05:48.594Z","Utilaje mici","Drujbe","15590"
"BK99665","Disc motocoasa drept 2 dinti 305x25.4x2mm 10000 r/min Breckner Germany","2026-06-24T02:05:48.594Z","Utilaje mici","Motocositori","778"
"BK99684","Drujba electrica profesionala cu 2 acumulatori 20V, 4Ah Li-ion, motor brushless, display digital LED, lama 12 inch (300mm) Breckner Germany","2026-06-24T02:05:48.594Z","Utilaje mici","Drujbe","31849"
"BK99686","Set 3 pile rotunde ascutit lant drujba 4.5x200mm 11/64 inch","2026-06-24T02:05:48.594Z","Utilaje mici","Drujbe","703"
"BK99687","Cap tambur motocoasa aluminiu M10x1.25mm, fir 2.4mm, automat Tap&Go universal","2026-06-24T02:05:48.594Z","Utilaje mici","Motocositori","1190"
"BK99688","Cap tambur motocoasa M10x1.25mm, fir 2.4mm, automat Tap&Go universal","2026-06-24T02:05:48.594Z","Utilaje mici","Motocositori","1190"
"BK99689","Cap tambur motocoasa M10x1.25mm, fir 2.4mm, automat Tap&Go universal","2026-06-24T02:05:48.594Z","Utilaje mici","Motocositori","1190"
"BK99691","Cap tambur motocoasa M10x1.25mm, fir 2.4mm, automat Tap&Go universal","2026-06-24T02:05:48.594Z","Utilaje mici","Motocositori","1349"
"BK99692","Cap tambur motocoasa aluminiu M12x1.25mm, fir 2.4mm, automat Tap&Go universal","2026-06-24T02:05:48.594Z","Utilaje mici","Motocositori","1649"
"BK99693","Set disc motocoasa 145x25.4mm 5 dinti + 2 dinti cu protectie pentru curatare buruieni, plivit Breckner Germany","2026-06-24T02:05:48.594Z","Utilaje mici","Motocositori","890"
"BK99696","Disc perie sarma circulara motocoasa 150x25.4mm cu fir otel rasucit pentru curatare rugina, vopsea, depuneri, debavurare metal Breckner Germany","2026-06-24T02:05:48.594Z","Utilaje mici","Motocositori","1090"
"BK99697","Disc perie sarma circulara motocoasa 200x25.4mm cu fir otel rasucit pentru curatare rugina, vopsea, depuneri, debavurare metal Breckner Germany","2026-06-24T02:05:48.594Z","Utilaje mici","Motocositori","1549"
"BK99699","Disc motocoasa cu lant de drujba 235x25.4mm, 18 dinti pentru arbusti, crengi, vegetatie densa Breckner Germany","2026-06-24T02:05:48.594Z","Utilaje mici","Motocositori","2449"
"BK99700","Disc motocoasa cu lant de drujba 230x25.4mm, 20 dinti pentru arbusti, crengi, vegetatie densa Breckner Germany","2026-06-24T02:05:48.594Z","Utilaje mici","Motocositori","2149"
"BK99682","Suflanta aer si aspirator de gradina cu tocator pe benzina 1CP, 25.4cc, sac colector 40L, debit aer 612 m3/h, turatie 7500 r/min Breckner Germany","2026-06-24T02:05:48.594Z","Casa si gradina","Scule si unelte","36990"
"BK99799","Suflanta aer de gradina pe benzina 1CP, 25.4cc, debit aer 612 m3/h, turatie 7500 r/min Breckner Germany","2026-06-24T02:05:48.594Z","Casa si gradina","Scule si unelte","32490"
"DISVT80","Cuplaj elastic New Holland 70x195x33mm cod OEM 450679","2026-06-24T02:05:48.595Z","Piese tractoare straine","New Holland","11949"
"DISVT85","Disc frictiune frana New Holland, John Deere 202mm Z=16 cod OEM 85807016","2026-06-24T02:05:48.595Z","Piese tractoare straine","New Holland","5449"
"DISWD67","Pinion ax came Case IH motor Cummins Z=84 cod OEM J918777","2026-06-24T02:05:48.595Z","Piese tractoare straine","Case","33549"
"DISVE77","Petice vulcanizare anvelope radiale 57x102mm RADIAL 12 X-TRA SEAL","2026-06-24T02:05:48.595Z","Vulcanizare","Petice vulcanizare","304"
"40TH486","Drujba pe benzina profesionala 2 timpi 25.4cc, 1.2CP, 8500rpm, lama 12 inch (300mm) THOR","2026-06-24T02:05:48.595Z","Utilaje mici","Drujbe","28390"
"BK76983","Set lama drujba 20cm (8 inch) cu lant pas 1/4 mini, 1.1mm, T48 zale Breckner Germany","2026-06-24T02:05:48.595Z","Utilaje mici","Drujbe","2890"
"BK76984","Set lama drujba 35cm (14 inch) cu 2 lanturi pas 3/8, 1.3mm, T50 zale uz profesional Breckner Germany","2026-06-24T02:05:48.595Z","Utilaje mici","Drujbe","3390"
"BK76985","Set lama drujba 35cm (14 inch) cu 2 lanturi pas 3/8, 1.3mm, T52 zale uz profesional Breckner Germany","2026-06-24T02:05:48.595Z","Utilaje mici","Drujbe","3449"
"BK76986","Set lama drujba 40cm (16 inch) cu 2 lanturi pas 3/8, 1.3mm, T57 zale uz profesional Breckner Germany","2026-06-24T02:05:48.595Z","Utilaje mici","Drujbe","3749"
"BK76987","Set lama drujba 40cm (16 inch) cu 2 lanturi pas 325, 1.5mm, T64 zale uz profesional Breckner Germany","2026-06-24T02:05:48.595Z","Utilaje mici","Drujbe","4149"
"BK88833","Geanta scule multifunctionala cu 15 buzunare, curea umar, baza din plastic, material textil 31x17x28cm Breckner Germany","2026-06-24T02:05:48.595Z","Casa si gradina","Lazi pentru scule","10290"
"BK99230","Scaun camping pliabil verde cu suport pahar, husa transport, structura metalica 50x80x80cm","2026-06-24T02:05:48.595Z","Casa si gradina","Camping","3749"
"DISUZ68","Pompa de gresare manuala 25kg cu roti si furtun 1.5m Breckner Germany","2026-06-24T02:05:48.595Z","Casa si gradina","Scule si unelte","28549"
"BK99984","Polizor unghiular flex 850W, 220V, disc 100mm, turatie 11000 r/min Breckner Germany","2026-06-24T02:05:48.595Z","Casa si gradina","Scule si unelte","10690"
"BK99982","Masina de gaurit electrica 400W, 220V, mandrina rapida 10mm, turatie reglabila 0-4000rpm Breckner Germany","2026-06-24T02:05:48.595Z","Casa si gradina","Scule si unelte","9349"
"BK72515","Trusa freze perforare gauri senzori parcare 17-32mm 23 piese Breckner Germany","2026-06-24T02:05:48.595Z","Casa si gradina","Scule si unelte","12849"
"BK72518","Trusa extractor injectoare common rail motoare diesel VAG 1.6/2.0 TDI 7 piese Breckner Germany","2026-06-24T02:05:48.595Z","Casa si gradina","Scule si unelte","14390"
"BK72520","Trusa conectori conducta retur injectoare diesel common rail 85 piese Breckner Germany","2026-06-24T02:05:48.595Z","Casa si gradina","Scule si unelte","10490"
"BK72527","Trusa presa telescopica arcuri Mercedes-Benz 120-325mm 5 piese Breckner Germany","2026-06-24T02:05:48.595Z","Casa si gradina","Scule si unelte","24190"
"BK72529","Trusa adaptoare montare si demontare rulmenti, bucse, simeringuri 18-74mm 52 piese Breckner Germany","2026-06-24T02:05:48.595Z","Casa si gradina","Scule si unelte","23190"
"BK72531","Trusa blocare distributie Ford 2.0 TDCi EcoBlue 13 piese Breckner Germany","2026-06-24T02:05:48.595Z","Casa si gradina","Scule si unelte","16990"
"BK99980","Ciocan rotopercutor electric profesional 800W, 4J, mandrina SDS Plus, gaurire 26mm, frecventa 3000bpm Breckner Germany","2026-06-24T02:05:48.595Z","Casa si gradina","Scule si unelte","25790"
"BK99981","Bormasina cu percutie electrica 650W, 220V, mandrina SDS Plus, gaurire 20mm, turatie 850 r/min Breckner Germany","2026-06-24T02:05:48.595Z","Casa si gradina","Scule si unelte","19449"
"BK99985","Fierastrau electric cu lant 2100W, 220V, lama 16 inch (400mm), diametru taiere 405mm Breckner Germany","2026-06-24T02:05:48.595Z","Casa si gradina","Scule si unelte","28249"
"BK98373","Generator electric trifazat insonorizat 27.5KVA, 230/400V, motor diesel Ricardo 30kW ZH4100D cu ATS integrat Breckner Germany","2026-06-24T02:05:48.595Z","Accesorii agricole","Generatoare","2681390"
"BK98370","Generator electric trifazat insonorizat 62.5KVA, 230/400V, motor diesel Ricardo 56kW ZH4105ZD cu ATS integrat Breckner Germany","2026-06-24T02:05:48.595Z","Accesorii agricole","Generatoare","3013290"
"BK98372","Generator electric trifazat insonorizat 37.5KVA, 230/400V, motor diesel Ricardo 38kW ZH4105D Breckner Germany","2026-06-24T02:05:48.595Z","Accesorii agricole","Generatoare","2318090"
"40TH485","Drujba pe benzina profesionala 2 timpi 58cc, 3.3CP, 8500rpm, lama 18 inch (450mm) THOR","2026-06-24T02:05:48.595Z","Utilaje mici","Drujbe","34549"
"40TH487","Drujba pe benzina profesionala 2 timpi 58cc, 3.3CP, 8500rpm, lama 18 inch (450mm) THOR","2026-06-24T02:05:48.595Z","Utilaje mici","Drujbe","25549"
"BK99685","Drujba electrica profesionala cu 2 acumulatori 40V, 4Ah Li-ion, display digital LED, lama 16 inch (400mm) Breckner Germany","2026-06-24T02:05:48.595Z","Utilaje mici","Drujbe","42290"
"BK72530","Trusa cale blocare si fixare distributie motoare VAG VW, Audi 2.7, 3.0, 4.0, 4.2 TDI Breckner Germany","2026-06-24T02:05:48.595Z","Casa si gradina","Scule si unelte","18690"
"BK72532","Trusa dispozitiv fixare amortizor de vibratii Audi, Skoda, VW 1.8, 2.0 TSI, TFSI EA888 Breckner Germany","2026-06-24T02:05:48.595Z","Casa si gradina","Scule si unelte","21890"
"BK72535","Trusa scule inlocuire saboti de frana universala 8 piese Breckner Germany","2026-06-24T02:05:48.595Z","Casa si gradina","Scule si unelte","8290"
"BK72536","Trusa extractor injectoare Ford 2.0 TDCi EcoBlue diesel Breckner Germany","2026-06-24T02:05:48.595Z","Casa si gradina","Scule si unelte","25249"
"BK64110","Rola lant drujba pas .325, 820 dinti, latime 1.3mm Breckner Germany","2026-06-24T02:05:48.595Z","Utilaje mici","Drujbe","50149"
"BK80480","Banda adeziva izolatoare aluminiu 100mm x 50m Breckner Germany","2026-06-24T02:05:48.595Z","Casa si gradina","Benzi adezive","3049"
"BK80481","Banda adeziva izolatoare aluminiu 150mm x 50m Breckner Germany","2026-06-24T02:05:48.595Z","Casa si gradina","Benzi adezive","4549"
"BK99797","Drujba pe benzina profesionala 2 timpi 58cc, 3.3CP, 8500rpm, lama 18 inch (450mm) Breckner Germany","2026-06-24T02:05:48.595Z","Utilaje mici","Drujbe","28390"
"BK99798","Drujba pe benzina profesionala 2 timpi 25.4cc, 1.2CP, 8500rpm, lama 12 inch (300mm) Breckner Germany","2026-06-24T02:05:48.595Z","Utilaje mici","Drujbe","28390"
"BK88880","Pompa electrica transfer combustibil portabila cu baterii, debit 9 L/min, duza control flux, furtun flexibil 90cm","2026-06-24T02:05:48.595Z","Accesorii agricole","Sisteme alimentare combustibil","5090"
"BK80197","Valva roata tubeless premium EPDM 44mm TR438","2026-06-24T02:05:48.595Z","Vulcanizare","Valve","86"
"DISDG22","Pistol de suflat aer comprimat cu tija 100mm 13 bar Breckner Germany","2026-06-24T02:05:48.595Z","Casa si gradina","Scule si unelte","736"
"DISRX81","Racleta razuitor anvelope 150mm","2026-06-24T02:05:48.595Z","Vulcanizare","Accesorii vulcanizare","635"
"DISVE76","Placa reparatie fixare balama mobilier 35mm otel inoxidabil","2026-06-24T02:05:48.595Z","Casa si gradina","Feronerie","89"
"DISVG94","Subler mecanic masurare adancime uzura profil anvelope 0-25mm","2026-06-24T02:05:48.595Z","Casa si gradina","Scule si unelte","2490"
"DISVG95","Valva roata camion tubeless alama 90 grade 50mm DCV202","2026-06-24T02:05:48.595Z","Vulcanizare","Valve","1149"
"DISVG96","Valva roata camion tubeless alama 27mm SP8","2026-06-24T02:05:48.595Z","Vulcanizare","Valve","922"
"DISVG98","Valva agricola tubeless alama 43mm TR618C","2026-06-24T02:05:48.595Z","Vulcanizare","Valve","605"
"DISVG99","Valva roata camion tubeless indoita 90mm V3.04.3","2026-06-24T02:05:48.595Z","Vulcanizare","Valve","756"
"DISVH01","Valva roata tubeless aluminiu 90 grade PVR40X","2026-06-24T02:05:48.595Z","Vulcanizare","Valve","65"
"BK98371","Generator electric trifazat insonorizat 50KVA, 230/400V, motor diesel Ricardo 56kW ZH4105ZD Breckner Germany","2026-06-24T02:05:48.595Z","Accesorii agricole","Generatoare","2606990"
"BK98374","Generator electric trifazat insonorizat 27.5KVA, 230/400V, motor diesel Ricardo 30kW ZH4100D Breckner Germany","2026-06-24T02:05:48.595Z","Accesorii agricole","Generatoare","2173190"
"DISVF55","Roata pivotanta industriala 75x22mm fara frana, cauciuc plin negru, placa otel 80x66mm 35kg","2026-06-24T02:05:48.595Z","Casa si gradina","Feronerie","440"
"DISVF56","Roata pivotanta industriala 100x30mm fara frana, cauciuc plin negru, placa otel 100x80mm 55kg","2026-06-24T02:05:48.595Z","Casa si gradina","Feronerie","842"
"DISVF57","Roata pivotanta industriala 125x33mm fara frana, cauciuc plin negru, placa otel 100x80mm 95kg","2026-06-24T02:05:48.595Z","Casa si gradina","Feronerie","1049"
"DISVF58","Roata pivotanta industriala 150x38mm fara frana, cauciuc plin negru, placa otel 135x105mm 120kg","2026-06-24T02:05:48.595Z","Casa si gradina","Feronerie","2149"
"DISVF59","Roata pivotanta industriala 200x44mm fara frana, cauciuc plin negru, placa otel 135x105mm 140kg","2026-06-24T02:05:48.595Z","Casa si gradina","Feronerie","2649"
"DISVF60","Roata fixa industriala 75x22mm fara frana, cauciuc plin negru, placa otel 80x66mm 35kg","2026-06-24T02:05:48.595Z","Casa si gradina","Feronerie","382"
"DISVF61","Roata fixa industriala 100x30mm fara frana, cauciuc plin negru, placa otel 100x80mm 55kg","2026-06-24T02:05:48.595Z","Casa si gradina","Feronerie","742"
"DISVF62","Roata fixa industriala 125x33mm fara frana, cauciuc plin negru, placa otel 100x80mm 95kg","2026-06-24T02:05:48.595Z","Casa si gradina","Feronerie","902"
"DISVF63","Roata fixa  industriala 150x38mm fara frana, cauciuc plin negru, placa otel 135x105mm 120kg","2026-06-24T02:05:48.595Z","Casa si gradina","Feronerie","1949"
"DISVF64","Roata fixa industriala 200x44mm fara frana, cauciuc plin negru, placa otel 135x105mm 140kg","2026-06-24T02:05:48.595Z","Casa si gradina","Feronerie","2390"
"DISVF65","Roata pivotanta industriala 75x22mm cu frana, cauciuc plin negru, placa otel 80x66mm 35kg","2026-06-24T02:05:48.595Z","Casa si gradina","Feronerie","640"
"DISVF66","Roata pivotanta industriala 100x30mm cu frana, cauciuc plin negru, placa otel 100x80mm 55kg","2026-06-24T02:05:48.595Z","Casa si gradina","Feronerie","1090"
"DISVF67","Roata pivotanta industriala 125x33mm cu frana, cauciuc plin negru, placa otel 100x80mm 95kg","2026-06-24T02:05:48.595Z","Casa si gradina","Feronerie","1290"
"DISVF68","Roata pivotanta industriala 150x38mm cu frana, cauciuc plin negru, placa otel 135x105mm 120kg","2026-06-24T02:05:48.595Z","Casa si gradina","Feronerie","2790"
"DISVF69","Roata pivotanta industriala 200x44mm cu frana, cauciuc plin negru, placa otel 135x105mm 140kg","2026-06-24T02:05:48.595Z","Casa si gradina","Feronerie","3249"
"DISVF70","Roata pivotanta 50x16mm fara frana, cauciuc plin albastru, placa otel 50x50mm 27kg","2026-06-24T02:05:48.595Z","Casa si gradina","Feronerie","322"
"DISVF71","Roata pivotanta 65x19mm fara frana, cauciuc plin albastru, placa otel 65x65mm 35kg","2026-06-24T02:05:48.595Z","Casa si gradina","Feronerie","549"
"DISVF72","Roata pivotanta 75x21mm fara frana, cauciuc plin albastru, placa otel 65x65mm 45kg","2026-06-24T02:05:48.595Z","Casa si gradina","Feronerie","596"
"DISVF73","Roata pivotanta 100x26mm fara frana, cauciuc plin albastru, placa otel 75x75mm 55kg","2026-06-24T02:05:48.595Z","Casa si gradina","Feronerie","989"
"DISVF74","Roata pivotanta 125x27mm fara frana, cauciuc plin albastru, placa otel 75x75mm 60kg","2026-06-24T02:05:48.595Z","Casa si gradina","Feronerie","1249"
"DISVF75","Roata fixa 50x16mm fara frana, cauciuc plin albastru, placa otel 65x50mm 27kg","2026-06-24T02:05:48.595Z","Casa si gradina","Feronerie","227"
"DISVF76","Roata fixa 65x19mm fara frana, cauciuc plin albastru, placa otel 100x59mm 35kg","2026-06-24T02:05:48.595Z","Casa si gradina","Feronerie","445"
"DISVF77","Roata fixa 75x21mm fara frana, cauciuc plin albastru, placa otel 100x59mm 45kg","2026-06-24T02:05:48.595Z","Casa si gradina","Feronerie","489"
"DISVF78","Roata fixa 100x26mm fara frana, cauciuc plin albastru, placa otel 100x59mm 55kg","2026-06-24T02:05:48.595Z","Casa si gradina","Feronerie","823"
"DISVF79","Roata fixa 125x27mm fara frana, cauciuc plin albastru, placa otel 100x59mm 60kg","2026-06-24T02:05:48.595Z","Casa si gradina","Feronerie","1049"
"DISVF80","Roata pivotanta 50x16mm cu frana, cauciuc plin albastru, placa otel 50x50mm 27kg","2026-06-24T02:05:48.595Z","Casa si gradina","Feronerie","440"
"DISVF81","Roata pivotanta 65x19mm cu frana, cauciuc plin albastru, placa otel 65x65mm 35kg","2026-06-24T02:05:48.595Z","Casa si gradina","Feronerie","680"
"DISVF82","Roata pivotanta 75x21mm cu frana, cauciuc plin albastru, placa otel 65x65mm 45kg","2026-06-24T02:05:48.595Z","Casa si gradina","Feronerie","727"
"DISVF83","Roata pivotanta 100x26mm cu frana, cauciuc plin albastru, placa otel 75x75mm 55kg","2026-06-24T02:05:48.595Z","Casa si gradina","Feronerie","1190"
"DISVF84","Roata pivotanta 125x27mm cu frana, cauciuc plin albastru, placa otel 75x75mm 60kg","2026-06-24T02:05:48.595Z","Casa si gradina","Feronerie","1449"
"DISVG08","Roata pivotanta 64x31mm fara frana, PVC portocaliu, placa otel 94x63mm 60kg","2026-06-24T02:05:48.595Z","Casa si gradina","Feronerie","585"
"DISVG09","Roata pivotanta 75x31mm fara frana, PVC portocaliu, placa otel 94x63mm 80kg","2026-06-24T02:05:48.595Z","Casa si gradina","Feronerie","596"
"DISVG10","Roata pivotanta 100x31mm fara frana, PVC portocaliu, placa otel 94x63mm 90kg","2026-06-24T02:05:48.595Z","Casa si gradina","Feronerie","774"
"DISVG11","Roata pivotanta 125x31mm fara frana, PVC portocaliu, placa otel 94x63mm 100kg","2026-06-24T02:05:48.595Z","Casa si gradina","Feronerie","965"
"DISVG12","Roata fixa 64x31mm fara frana, PVC portocaliu, placa otel 94x63mm 60kg","2026-06-24T02:05:48.595Z","Casa si gradina","Feronerie","453"
"DISVG13","Roata fixa 75x31mm fara frana, PVC portocaliu, placa otel 94x63mm 80kg","2026-06-24T02:05:48.595Z","Casa si gradina","Feronerie","465"
"DISVG14","Roata fixa 100x31mm fara frana, PVC portocaliu, placa otel 94x63mm 90kg","2026-06-24T02:05:48.595Z","Casa si gradina","Feronerie","643"
"DISVG15","Roata fixa 125x31mm fara frana, PVC portocaliu, placa otel 94x63mm 100kg","2026-06-24T02:05:48.595Z","Casa si gradina","Feronerie","834"
"DISVG16","Roata pivotanta 64x31mm cu frana, PVC portocaliu, placa otel 94x63mm 60kg","2026-06-24T02:05:48.595Z","Casa si gradina","Feronerie","823"
"DISVG17","Roata pivotanta 75x31mm cu frana, PVC portocaliu, placa otel 94x63mm 80kg","2026-06-24T02:05:48.595Z","Casa si gradina","Feronerie","834"
"DISVG18","Roata pivotanta 100x31mm cu frana, PVC portocaliu, placa otel 94x63mm 90kg","2026-06-24T02:05:48.595Z","Casa si gradina","Feronerie","1049"
"DISVG19","Roata pivotanta 125x31mm cu frana, PVC portocaliu, placa otel 94x63mm 100kg","2026-06-24T02:05:48.595Z","Casa si gradina","Feronerie","1249"
"DISVG20","Roata pivotanta industriala 100x50mm fara frana, cauciuc plin negru, placa otel 115x100mm 100kg","2026-06-24T02:05:48.595Z","Casa si gradina","Feronerie","3449"
"DISVG21","Roata pivotanta industriala 125x50mm fara frana, cauciuc plin negru, placa otel 115x100mm 130kg","2026-06-24T02:05:48.595Z","Casa si gradina","Feronerie","3990"
"DISVG22","Roata pivotanta industriala 150x50mm fara frana, cauciuc plin negru, placa otel 115x100mm 200kg","2026-06-24T02:05:48.595Z","Casa si gradina","Feronerie","4249"
"DISVG23","Roata pivotanta industriala 200x50mm fara frana, cauciuc plin negru, placa otel 115x100mm 220kg","2026-06-24T02:05:48.595Z","Casa si gradina","Feronerie","4949"
"DISVG24","Roata fixa industriala 100x50mm fara frana, cauciuc plin negru, placa otel 115x100mm 100kg","2026-06-24T02:05:48.595Z","Casa si gradina","Feronerie","2949"
"DISVG25","Roata fixa industriala 125x50mm fara frana, cauciuc plin negru, placa otel 115x100mm 130kg","2026-06-24T02:05:48.595Z","Casa si gradina","Feronerie","3490"
"DISVG26","Roata fixa industriala 150x50mm fara frana, cauciuc plin negru, placa otel 115x100mm 200kg","2026-06-24T02:05:48.595Z","Casa si gradina","Feronerie","3749"
"DISVG27","Roata fixa industriala 200x50mm fara frana, cauciuc plin negru, placa otel 115x100mm 220kg","2026-06-24T02:05:48.595Z","Casa si gradina","Feronerie","4449"
"DISVG28","Roata pivotanta industriala 100x50mm cu frana, cauciuc plin negru, placa otel 115x100mm 100kg","2026-06-24T02:05:48.595Z","Casa si gradina","Feronerie","4949"
"DISVG29","Roata pivotanta industriala 125x50mm cu frana, cauciuc plin negru, placa otel 115x100mm 130kg","2026-06-24T02:05:48.596Z","Casa si gradina","Feronerie","5490"
"DISVG30","Roata pivotanta industriala 150x50mm cu frana, cauciuc plin negru, placa otel 115x100mm 200kg","2026-06-24T02:05:48.596Z","Casa si gradina","Feronerie","5749"
"DISVG31","Roata pivotanta industriala 200x50mm cu frana, cauciuc plin negru, placa otel 115x100mm 220kg","2026-06-24T02:05:48.596Z","Casa si gradina","Feronerie","6449"
"DISVF85","Roata pivotanta 25x14mm fara frana, polipropilena alba, placa otel 39x33mm 10kg","2026-06-24T02:05:48.596Z","Casa si gradina","Feronerie","96"
"DISVF86","Roata pivotanta 30x14mm fara frana, polipropilena alba, placa otel 39x33mm 15kg","2026-06-24T02:05:48.596Z","Casa si gradina","Feronerie","102"
"DISVF87","Roata pivotanta 40x17mm fara frana, polipropilena alba, placa otel 45x38mm 20kg","2026-06-24T02:05:48.596Z","Casa si gradina","Feronerie","121"
"DISVF88","Roata pivotanta 50x22mm fara frana, polipropilena alba, placa otel 58x47mm 30kg","2026-06-24T02:05:48.596Z","Casa si gradina","Feronerie","172"
"DISVF89","Roata pivotanta 65x23mm fara frana, polipropilena alba, placa otel 70x58mm 35kg","2026-06-24T02:05:48.596Z","Casa si gradina","Feronerie","337"
"DISVF90","Roata pivotanta 73x25mm fara frana, polipropilena alba, placa otel 70x58mm 45kg","2026-06-24T02:05:48.596Z","Casa si gradina","Feronerie","353"
"DISVF91","Roata fixa 25x14mm fara frana, polipropilena alba, placa otel 37x19mm 10kg","2026-06-24T02:05:48.596Z","Casa si gradina","Feronerie","68"
"DISVF92","Roata fixa 30x14mm fara frana, polipropilena alba, placa otel 37x19mm 15kg","2026-06-24T02:05:48.596Z","Casa si gradina","Feronerie","78"
"DISVF93","Roata fixa 40x17mm fara frana, polipropilena alba, placa otel 46x24mm 20kg","2026-06-24T02:05:48.596Z","Casa si gradina","Feronerie","96"
"DISVF94","Roata fixa 50x22mm fara frana, polipropilena alba, placa otel 60x41mm 30kg","2026-06-24T02:05:48.596Z","Casa si gradina","Feronerie","147"
"DISVF95","Roata fixa 65x23mm fara frana, polipropilena alba, placa otel 70x44mm 35kg","2026-06-24T02:05:48.596Z","Casa si gradina","Feronerie","266"
"DISVF96","Roata fixa 73x25mm fara frana, polipropilena alba, placa otel 70x44mm 45kg","2026-06-24T02:05:48.596Z","Casa si gradina","Feronerie","316"
"DISVF97","Roata pivotanta 40x17mm cu frana, polipropilena alba, placa otel 45x38mm 20kg","2026-06-24T02:05:48.596Z","Casa si gradina","Feronerie","147"
"DISVF98","Roata pivotanta 50x22mm cu frana, polipropilena alba, placa otel 58x47mm 30kg","2026-06-24T02:05:48.596Z","Casa si gradina","Feronerie","196"
"DISVF99","Roata pivotanta 65x23mm cu frana, polipropilena alba, placa otel 70x58mm 35kg","2026-06-24T02:05:48.596Z","Casa si gradina","Feronerie","387"
"DISVG01","Roata pivotanta 73x25mm cu frana, polipropilena alba, placa otel 70x58mm 45kg","2026-06-24T02:05:48.596Z","Casa si gradina","Feronerie","406"
"DISVG02","Roata pivotanta 42x21mm fara frana, PVC negru, placa otel 60x43mm 30kg","2026-06-24T02:05:48.596Z","Casa si gradina","Feronerie","290"
"DISVG03","Roata pivotanta 50x24mm fara frana, PVC negru, placa otel 72x52mm 40kg","2026-06-24T02:05:48.596Z","Casa si gradina","Feronerie","322"
"DISVG04","Roata fixa 42x21mm fara frana, PVC negru, placa otel 60x43mm 30kg","2026-06-24T02:05:48.596Z","Casa si gradina","Feronerie","257"
"DISVG05","Roata fixa 50x24mm fara frana, PVC negru, placa otel 72x52mm 40kg","2026-06-24T02:05:48.596Z","Casa si gradina","Feronerie","290"
"DISVG06","Roata pivotanta 42x21mm cu frana, PVC negru, placa otel 60x43mm 30kg","2026-06-24T02:05:48.596Z","Casa si gradina","Feronerie","387"
"DISVG07","Roata pivotanta 50x24mm cu frana, PVC negru, placa otel 72x52mm 40kg","2026-06-24T02:05:48.596Z","Casa si gradina","Feronerie","453"
"DISTU17","Masina de sapat santuri 350-450mm, adancime 350-450mm pentru tractor 50-80CP, cardan inclus","2026-06-24T02:05:48.596Z","Utilaje mici","Masini de sapat","412949"
"DISVD90","Menghina cu baza rotativa si nicovala 130mm Breckner Germany","2026-06-24T02:05:48.596Z","Casa si gradina","Scule si unelte","18249"
"DISVD91","Menghina cu baza rotativa si nicovala 155mm Breckner Germany","2026-06-24T02:05:48.596Z","Casa si gradina","Scule si unelte","23649"
"DISVD92","Menghina cu baza rotativa si nicovala 160mm Breckner Germany","2026-06-24T02:05:48.596Z","Casa si gradina","Scule si unelte","34149"
"DISVD93","Menghina cu baza rotativa si nicovala 170mm Breckner Germany","2026-06-24T02:05:48.596Z","Casa si gradina","Scule si unelte","31390"
"DISVJ49","Set berarie cu masa si 2 banci pliabile din lemn masiv pentru gradina, terasa, evenimente 2200x600x770mm","2026-06-24T02:05:48.596Z","Casa si gradina","Mobilier","75649"
"DISVJ50","Set berarie cu masa si 2 banci pliabile din lemn masiv pentru gradina, terasa, evenimente 2200x700x770mm","2026-06-24T02:05:48.596Z","Casa si gradina","Mobilier","81049"
"DISVJ51","Set berarie cu masa si 2 banci pliabile din lemn masiv pentru gradina, terasa, evenimente 2200x800x770mm","2026-06-24T02:05:48.596Z","Casa si gradina","Mobilier","86449"
"BK98375","Generator electric trifazat insonorizat 100KVA, 230/400V, motor diesel Ricardo 100kW R6105AZLD Breckner Germany","2026-06-24T02:05:48.596Z","Accesorii agricole","Generatoare","3910490"
"BK98376","Generator electric trifazat insonorizat 200KVA, 230/400V, motor diesel Ricardo 176kW R6110ZLD Breckner Germany","2026-06-24T02:05:48.596Z","Accesorii agricole","Generatoare","6051849"
"DISVN05","Buson ulei monobloc John Deere 51mm cod OEM RE259557","2026-06-24T02:05:48.596Z","Piese tractoare straine","John Deere","2190"
"DISVN12","Foarfeca taiat crengi profesionala telescopica 69-107cm, deschidere 6.5cm, lama otel SK5 Breckner Germany","2026-06-24T02:05:48.596Z","Casa si gradina","Gradinarit","9490"
"BK88826","Fierastrau circular stationar profesional 1800W, 220V, disc 255mm 60T, taiere inclinata 45°, 5500 r/min, sac colectare Breckner Germany","2026-06-24T02:05:48.596Z","Casa si gradina","Scule si unelte","36049"
"BK88827","Fierastrau circular stationar profesional 1800W, 220V, disc 255mm 40T, taiere inclinata 45°, 5000 r/min, sac colectare Breckner Germany","2026-06-24T02:05:48.596Z","Casa si gradina","Scule si unelte","48849"
"40TH478","Masina de tuns iarba cu telecomanda pe senile, motor diesel 12.5CP, 499cc, latime de taiere 1000mm THOR","2026-06-24T02:05:48.596Z","Utilaje mici","Masini de tuns iarba","1586449"
"40TH479","Masina de tuns iarba cu telecomanda pe senile, motor diesel 12.5CP, 499cc, latime de taiere 1200mm THOR","2026-06-24T02:05:48.596Z","Utilaje mici","Masini de tuns iarba","1854790"
"BK88828","Fierastrau circular debitat placi ceramice, gresie si faianta 1050W, 220V, disc 110mm, taiere inclinata 0-45°, turatie 12800 r/min Breckner Germany","2026-06-24T02:05:48.596Z","Casa si gradina","Scule si unelte","14590"
"BK99887","Disc inelar diamantat segmentat 400mm, 26 dinti, rola antrenare pentru masina de taiat beton Breckner Germany","2026-06-24T02:05:48.596Z","Casa si gradina","Scule si unelte","26090"
"BK99888","Disc inelar diamantat segmentat 410mm, 30 dinti, caneluri interioare antrenare pentru masina de taiat beton Breckner Germany","2026-06-24T02:05:48.596Z","Casa si gradina","Scule si unelte","31290"
"BK99889","Disc inelar diamantat segmentat 500mm, 30 dinti, rola antrenare pentru masina de taiat beton Breckner Germany","2026-06-24T02:05:48.596Z","Casa si gradina","Scule si unelte","46949"
"BK99890","Disc inelar diamantat segmentat 600mm, 37 dinti, rola antrenare pentru masina de taiat beton Breckner Germany","2026-06-24T02:05:48.596Z","Casa si gradina","Scule si unelte","62590"
"BK79454","Disc inelar diamantat segmentat 510mm, 30 dinti, caneluri interioare cu rola antrenare pentru masina de taiat beton Breckner Germany","2026-06-24T02:05:48.596Z","Casa si gradina","Scule si unelte","52149"
"40TH493","Snec transportor cereale orizontal 3m, 220V, 3kW, diametru 160mm, capacitate 10-15 T/h, cuva de alimentare si suport THOR","2026-06-24T02:05:48.596Z","Utilaje mici","Mori cereale","282290"
"BK78925","Pompa apa de suprafata multietajata 2200W, 380V, debit 120L/min, inaltime pompare 93m IP44 Breckner Germany","2026-06-24T02:05:48.596Z","Casa si gradina","Aparate si masini gradinarit","119190"
"BK99983","Ciocan demolator electric profesional 1600W, 220V, mandrina HEX, frecventa 4200bpm, dalta ascutita 410mm inclusa Breckner Germany","2026-06-24T02:05:48.596Z","Casa si gradina","Scule si unelte","46549"
"DISUS64","Foarfeca electrica de gradina cu 2 acumulatori 16.8V, 1.5 Ah Li-ion, diametru taiere 0-28mm","2026-06-24T02:05:48.596Z","Casa si gradina","Gradinarit","21349"
"DISVH56","Dispozitiv electric vulcanizare anvelope la cald 2x500W, 220V, 7 adaptoare aluminiu, temperatura reglabila 0-180°C THOR","2026-06-24T02:05:48.596Z","Vulcanizare","Echipamente vulcanizare","126549"
"DISVH57","Dispozitiv electric vulcanizare anvelope la cald 500W, 220V, mod automat/manual, temperatura reglabila 120-195°C THOR","2026-06-24T02:05:48.596Z","Vulcanizare","Echipamente vulcanizare","38590"
"DISVH71","Dispozitiv electric vulcanizare anvelope la cald 2x500W, 220V, 8 adaptoare aluminiu, temperatura reglabila 0-180°C THOR","2026-06-24T02:05:48.596Z","Vulcanizare","Echipamente vulcanizare","62290"
"DISVH72","Dispozitiv electric vulcanizare anvelope la cald 2x500W, 220V, 8 adaptoare aluminiu, timer 0-120 minute THOR","2026-06-24T02:05:48.596Z","Vulcanizare","Echipamente vulcanizare","111949"
"DISVH73","Masina de recanelare anvelope portabila 350W, 220V, temperatura reglabila, 4 trepte putere, afisaj analog, lame 2-12mm THOR","2026-06-24T02:05:48.596Z","Vulcanizare","Echipamente vulcanizare","126549"
"DISVH74","Tun umflat roti cu rezervor aer comprimat 18L THOR","2026-06-24T02:05:48.596Z","Vulcanizare","Echipamente vulcanizare","40890"
"DISVH75","Tun umflat roti cu rezervor aer comprimat 18L THOR","2026-06-24T02:05:48.596Z","Vulcanizare","Echipamente vulcanizare","28249"
"DISVH70","Tun umflat roti cu rezervor aer comprimat 18L THOR","2026-06-24T02:05:48.596Z","Vulcanizare","Echipamente vulcanizare","33090"
"DISUX05","Sac big bag 100x100x130cm alb, capacitate 2000kg, tip U-Panel nelaminat, fund plan, top fusta 85cm","2026-06-24T02:05:48.596Z","Casa si gradina","Saci","5149"
"DISUX07","Sac big bag 95x95x165cm alb, capacitate 1500kg, tip U-Panel nelaminat, fund plan, top fusta 85cm","2026-06-24T02:05:48.596Z","Casa si gradina","Saci","3949"
"DISSU09","Cositoare rotativa 1.05 cu prelata model Polonia","2026-06-24T02:05:48.596Z","Utilaje mici","Cositori","266990"
"DISWK85","Pompa apa centrifuga cu fulie dubla 1.1kW, 2 toli, debit 12 m3/h, adancime aspiratie 9m, inaltime pompare 15m pentru irigatii","2026-06-24T02:05:48.596Z","Casa si gradina","Aparate si masini gradinarit","14649"
"DISWK86","Pompa apa centrifuga cu fulie dubla 1.5kW, 2.5 toli, debit 20 m3/h, adancime aspiratie 9m, inaltime pompare 15m pentru irigatii","2026-06-24T02:05:48.596Z","Casa si gradina","Aparate si masini gradinarit","19690"
"DISWK87","Pompa apa centrifuga cu rotor dublu 4kW, 2 toli, debit 25 m3/h, adancime aspiratie 9m, inaltime pompare 40m pentru irigatii","2026-06-24T02:05:48.596Z","Casa si gradina","Aparate si masini gradinarit","38349"
"DISWK88","Pompa apa centrifuga cu rotor dublu 5.5kW, 2.5 toli, debit 35 m3/h, adancime aspiratie 9m, inaltime pompare 35m pentru irigatii","2026-06-24T02:05:48.596Z","Casa si gradina","Aparate si masini gradinarit","42349"
"DISVN94","Pompa apa centrifuga autoamorsanta cu fulie dubla 3kW, 1.5 toli, debit 20 m3/h, adancime aspiratie 7m, inaltime pompare 24m pentru irigatii","2026-06-24T02:05:48.596Z","Casa si gradina","Aparate si masini gradinarit","18490"
"DISVN95","Pompa apa centrifuga autoamorsanta cu fulie dubla 3kW, 2 toli, debit 33 m3/h, adancime aspiratie 7m, inaltime pompare 33m pentru irigatii","2026-06-24T02:05:48.596Z","Casa si gradina","Aparate si masini gradinarit","18490"
"DISVN96","Pompa apa centrifuga autoamorsanta cu fulie dubla 4kW, 3 toli, debit 40 m3/h, adancime aspiratie 7m, inaltime pompare 36m pentru irigatii","2026-06-24T02:05:48.596Z","Casa si gradina","Aparate si masini gradinarit","28249"
"DISVN97","Pompa apa centrifuga autoamorsanta cu fulie dubla 4kW, 2 toli, debit 30 m3/h, adancime aspiratie 5m, inaltime pompare 56m pentru irigatii","2026-06-24T02:05:48.596Z","Casa si gradina","Aparate si masini gradinarit","44790"
"BK69379","Despicator lemne vertical/orizontal 37T, motor benzina 15CP, grosime maxima 610mm, pompa hidraulica 16GPM THOR","2026-06-24T02:05:48.596Z","Utilaje mici","Despicatoare lemne","568349"
"DISVN90","Pompa apa solara autoamorsanta automata booster 900W, 48-105V, 1 tol, debit 6 m3/h, adancime aspiratie 8m, inaltime pompare 28m pentru irigatii","2026-06-24T02:05:48.596Z","Casa si gradina","Aparate si masini gradinarit","58390"
"DISVN91","Pompa apa solara autoamorsanta automata booster 900W, 48-105V, 1.5 toli, debit 17 m3/h, adancime aspiratie 8m, inaltime pompare 30m pentru irigatii","2026-06-24T02:05:48.596Z","Casa si gradina","Aparate si masini gradinarit","59890"
"DISVN92","Pompa apa solara autoamorsanta automata booster 900W, 48-105V, 2 toli, debit 20 m3/h, adancime aspiratie 8m, inaltime pompare 30m pentru irigatii","2026-06-24T02:05:48.596Z","Casa si gradina","Aparate si masini gradinarit","61349"
"DISVH58","Dispozitiv pneumatic vulcanizare anvelope la cald 2000W, 220V, 10 adaptoare aluminiu, timer 0-120 minute, 2 regulatoare digitale temperatura 0-400°C THOR","2026-06-24T02:05:48.596Z","Vulcanizare","Echipamente vulcanizare","596390"
"DISUT31","Statie de pompare ape murdare diesel 39CP, 6 toli autoamorsanta, debit 200 m3/h pe remorca agricola tractabila KONIG TRAKTOREN","2026-06-24T02:05:48.596Z","Accesorii agricole","Motopompe","2064749"
"DISUT34","Statie de pompare ape murdare diesel 97CP, 10 toli autoamorsanta, debit 1000 m3/h cu remorca agricola tractabila KONIG TRAKTOREN","2026-06-24T02:05:48.596Z","Accesorii agricole","Motopompe","3880949"
"DISRN52","Dispozitiv solar alungare pasari cu ultrasunete, senzor de miscare PIR, raza actiune 462 m², baterie 800mAh","2026-06-24T02:05:48.596Z","Casa si gradina","Produse antidaunatori","10349"
"DISTS04","Chematoare prepelita electronica 12V MultiSound 30/TM, 6 canale, temporizator programabil 1-24 ore","2026-06-24T02:05:48.596Z","Zootehnie","Accesorii pasari","37090"
"DISRX82","Tampon cauciuc pentru elevator auto mobil tip foarfeca 160x120x40mm","2026-06-24T02:05:48.596Z","Casa si gradina","Scule si unelte","2349"
"DISRX83","Tampon cauciuc pentru elevator auto mobil tip foarfeca 160x120x80mm","2026-06-24T02:05:48.596Z","Casa si gradina","Scule si unelte","3790"
"DISRX92","Ac inserare snur vulcanizare anvelope 100mm","2026-06-24T02:05:48.596Z","Vulcanizare","Accesorii vulcanizare","133"
"DISRX93","Ac spirala vulcanizare anvelope 120mm","2026-06-24T02:05:48.596Z","Vulcanizare","Accesorii vulcanizare","1090"
"DISRX94","Roata lamelara abraziva P80 cu tija 30x25x6mm","2026-06-24T02:05:48.596Z","Vulcanizare","Accesorii vulcanizare","222"
"DISVH59","Cap polizat anvelope 35mm, granulatie 65, tija 3/8 inch","2026-06-24T02:05:48.596Z","Vulcanizare","Accesorii vulcanizare","3549"
"DISVH60","Cap polizat anvelope 35mm, granulatie 36, tija 3/8 inch","2026-06-24T02:05:48.596Z","Vulcanizare","Accesorii vulcanizare","3890"
"DISVH61","Cap polizat anvelope 50mm, granulatie 65, tija 3/8 inch","2026-06-24T02:05:48.596Z","Vulcanizare","Accesorii vulcanizare","5090"
"DISVH62","Cap polizat anvelope 50mm, granulatie 36, tija 3/8 inch","2026-06-24T02:05:48.596Z","Vulcanizare","Accesorii vulcanizare","5490"
"DISVH63","Piatra polizat anvelope abraziva sferica 16mm, granulatie 60, tija 3/8 inch","2026-06-24T02:05:48.596Z","Vulcanizare","Accesorii vulcanizare","2149"
"DISVH64","Roata abraziva polizat anvelope 50x10mm, granulatie K36, tija hexagonala 3/8 inch","2026-06-24T02:05:48.596Z","Vulcanizare","Accesorii vulcanizare","6349"
"DISVH65","Roata abraziva polizat anvelope 50x7mm, granulatie K36, tija hexagonala 3/8 inch","2026-06-24T02:05:48.596Z","Vulcanizare","Accesorii vulcanizare","5590"
"DISVH66","Piatra polizat anvelope abraziva conica 100mm, granulatie K36, tija 6mm","2026-06-24T02:05:48.596Z","Vulcanizare","Accesorii vulcanizare","2349"
"DISVH67","Piatra polizat anvelope abraziva conica 25x50mm, granulatie K36, tija hexagonala 3/8 inch","2026-06-24T02:05:48.596Z","Vulcanizare","Accesorii vulcanizare","8890"
"DISVH68","Piatra polizat anvelope abraziva conica 19x50mm, granulatie K36, tija hexagonala 3/8 inch","2026-06-24T02:05:48.596Z","Vulcanizare","Accesorii vulcanizare","5490"
"DISVH69","Piatra polizat anvelope abraziva conica 19x40mm, granulatie K36, tija hexagonala 3/8 inch","2026-06-24T02:05:48.596Z","Vulcanizare","Accesorii vulcanizare","5290"
"DISAY18","Comutator automat de transfer ATS 400A, 400V, 4P pentru generator electric 225KVA","2026-06-24T02:05:48.596Z","Accesorii agricole","Generatoare","477190"
"DISAY27","Comutator automat de transfer ATS 125A, 400V, 4P pentru generator electric 110KVA","2026-06-24T02:05:48.596Z","Accesorii agricole","Generatoare","270290"
"DISGK21","Despicator lemne vertical/orizontal 37T, motor benzina 15CP, lungime bustean 1050mm, pompa hidraulica 16GPM THOR","2026-06-24T02:05:48.596Z","Utilaje mici","Despicatoare lemne","795349"
"DISBU18","Despicator lemne vertical/orizontal 22T, motor benzina 5.5CP, lungime bustean 610mm, pompa hidraulica 16GPM THOR","2026-06-24T02:05:48.596Z","Utilaje mici","Despicatoare lemne","548549"
"DISVK65","Separator smantana din lapte sau pentru degresat automat 200W, 220V, recipient inox cu capac 12L, turatie reglabila, capacitate 100 L/h","2026-06-24T02:05:48.596Z","Zootehnie","Echipamente de procesare","78690"
"DISVK66","Separator smantana din lapte sau pentru degresat automat 60W, 220V, recipient plastic 7L, capacitate 80 L/h","2026-06-24T02:05:48.596Z","Zootehnie","Echipamente de procesare","56049"
"DISVK67","Separator smantana din lapte sau pentru degresat manual, recipient plastic 7L, capacitate 80 L/h","2026-06-24T02:05:48.596Z","Zootehnie","Echipamente de procesare","58249"
"DISVK68","Aparat preparare unt electric profesional 300W, 220V, recipient inox 20L, lama paste tomate inclusa","2026-06-24T02:05:48.596Z","Zootehnie","Echipamente de procesare","51749"
"BK91245","Spray ungere lant 450ml Breckner Germany","2026-06-24T02:05:48.596Z","Accesorii agricole","Spray-uri si intretinere","839"
"BK91246","Spray lubrifiant uscat antiaderent si anticoroziv 450ml Breckner Germany","2026-06-24T02:05:48.596Z","Accesorii agricole","Spray-uri si intretinere","1249"
"BK91247","Spray lubrifiant si degripant antirugina 450ml Breckner Germany","2026-06-24T02:05:48.596Z","Accesorii agricole","Spray-uri si intretinere","1349"
"BK91248","Spray lubrifiant solid antiuzura pentru sarcini grele si temperaturi inalte 450ml Breckner Germany","2026-06-24T02:05:48.596Z","Accesorii agricole","Spray-uri si intretinere","1390"
"BK91249","Spray vaselina rezistenta la temperaturi inalte 450ml Breckner Germany","2026-06-24T02:05:48.596Z","Accesorii agricole","Spray-uri si intretinere","1349"
"BK91250","Spray lubrifiant uscat antiaderent cu teflon PTFE 450ml Breckner Germany","2026-06-24T02:05:48.596Z","Accesorii agricole","Spray-uri si intretinere","975"
"BK91251","Spray siliconic multifunctional 450ml Breckner Germany","2026-06-24T02:05:48.596Z","Accesorii agricole","Spray-uri si intretinere","803"
"BK91252","Spray vaselina lichida alba cu litiu 450ml Breckner Germany","2026-06-24T02:05:48.596Z","Accesorii agricole","Spray-uri si intretinere","1349"
"BK91253","Spray decapant rugina si lubrifiant 450ml Breckner Germany","2026-06-24T02:05:48.596Z","Accesorii agricole","Spray-uri si intretinere","907"
"BK91254","Spray decapant rugina si lubrifiant cu disulfura de molibden MoS2 450ml Breckner Germany","2026-06-24T02:05:48.596Z","Accesorii agricole","Spray-uri si intretinere","1049"
"BK91255","Spray lubrifiant si decapant rugina 450ml Breckner Germany","2026-06-24T02:05:48.597Z","Accesorii agricole","Spray-uri si intretinere","780"
"BK91256","Spray decapant rugina si lubrifiant 200ml Breckner Germany","2026-06-24T02:05:48.597Z","Accesorii agricole","Spray-uri si intretinere","665"
"BK91257","Spray ulei lubrifiant pentru incuietori, yale si lacate 100ml Breckner Germany","2026-06-24T02:05:48.597Z","Accesorii agricole","Spray-uri si intretinere","426"
"BK91258","Spray ulei lubrifiant galben 100ml Breckner Germany","2026-06-24T02:05:48.597Z","Accesorii agricole","Spray-uri si intretinere","413"
"BK91260","Spray curatare frane si ambreiaje 500ml Breckner Germany","2026-06-24T02:05:48.597Z","Accesorii agricole","Spray-uri si intretinere","860"
"BK91261","Spray curatare frane si ambreiaje 700ml Breckner Germany","2026-06-24T02:05:48.597Z","Accesorii agricole","Spray-uri si intretinere","1390"
"BK91268","Spray anticoroziv protectie sasiu cauciucat negru 650ml Breckner Germany","2026-06-24T02:05:48.597Z","Accesorii agricole","Spray-uri si intretinere","1249"
"BK91269","Spray anticoroziv protectie sasiu cauciucat alb 650ml Breckner Germany","2026-06-24T02:05:48.597Z","Accesorii agricole","Spray-uri si intretinere","1249"
"BK91308","Spray indepartare autocolante si etichete 450ml Breckner Germany","2026-06-24T02:05:48.597Z","Accesorii agricole","Spray-uri si intretinere","827"
"BK91271","Spray umflare si etansare anvelope 450ml Breckner Germany","2026-06-24T02:05:48.597Z","Accesorii agricole","Spray-uri si intretinere","975"
"BK91272","Spray spuma activa pentru curatare anvelope 650ml Breckner Germany","2026-06-24T02:05:48.597Z","Accesorii agricole","Spray-uri si intretinere","849"
"BK91273","Spray negru protectie si luciu anvelope 650ml Breckner Germany","2026-06-24T02:05:48.597Z","Accesorii agricole","Spray-uri si intretinere","1290"
"BK91280","Spray silicon bord antistatic capsuni 200ml Breckner Germany","2026-06-24T02:05:48.597Z","Accesorii agricole","Spray-uri si intretinere","544"
"BK91286","Spray odorizant camera capsuni 320ml Breckner Germany","2026-06-24T02:05:48.597Z","Accesorii agricole","Spray-uri si intretinere","544"
"BK91287","Spray odorizant camera cirese 320ml Breckner Germany","2026-06-24T02:05:48.597Z","Accesorii agricole","Spray-uri si intretinere","544"
"BK91288","Spray odorizant camera lamaie 320ml Breckner Germany","2026-06-24T02:05:48.597Z","Accesorii agricole","Spray-uri si intretinere","544"
"BK91289","Spray odorizant camera trandafir 320ml Breckner Germany","2026-06-24T02:05:48.597Z","Accesorii agricole","Spray-uri si intretinere","544"
"BK91290","Spray odorizant camera lavanda 320ml Breckner Germany","2026-06-24T02:05:48.597Z","Accesorii agricole","Spray-uri si intretinere","544"
"BK91291","Spray odorizant camera portocala 320ml Breckner Germany","2026-06-24T02:05:48.597Z","Accesorii agricole","Spray-uri si intretinere","544"
"BK91292","Spray odorizant camera iasomie 320ml Breckner Germany","2026-06-24T02:05:48.597Z","Accesorii agricole","Spray-uri si intretinere","544"
"BK91293","Spray odorizant camera lemn de santal 320ml Breckner Germany","2026-06-24T02:05:48.597Z","Accesorii agricole","Spray-uri si intretinere","544"
"BK91294","Spray odorizant camera mar 320ml Breckner Germany","2026-06-24T02:05:48.597Z","Accesorii agricole","Spray-uri si intretinere","544"
"BK91295","Spray odorizant camera ocean 320ml Breckner Germany","2026-06-24T02:05:48.597Z","Accesorii agricole","Spray-uri si intretinere","544"
"BK91306","Spray curatare carburator 450ml Breckner Germany","2026-06-24T02:05:48.597Z","Accesorii agricole","Spray-uri si intretinere","1290"
"BK91307","Spray spuma activa curatare tapiterie 650ml Breckner Germany","2026-06-24T02:05:48.597Z","Accesorii agricole","Spray-uri si intretinere","709"
"BK91310","Spray aer comprimat 450ml Breckner Germany","2026-06-24T02:05:48.597Z","Accesorii agricole","Spray-uri si intretinere","1790"
"BK91311","Spray curatare contacte electrice 450ml Breckner Germany","2026-06-24T02:05:48.597Z","Accesorii agricole","Spray-uri si intretinere","780"
"BK91312","Spray dezghetare parbriz si geamuri auto 450ml Breckner Germany","2026-06-24T02:05:48.597Z","Accesorii agricole","Spray-uri si intretinere","851"
"BK91321","Spray degresant multisuprafete curatare bucatarie 400ml Breckner Germany","2026-06-24T02:05:48.597Z","Accesorii agricole","Spray-uri si intretinere","437"
"BK91322","Spray spuma activa curatare gratar 400ml Breckner Germany","2026-06-24T02:05:48.597Z","Accesorii agricole","Spray-uri si intretinere","449"
"BK91323","Spray spuma activa curatare toaleta 400ml Breckner Germany","2026-06-24T02:05:48.597Z","Accesorii agricole","Spray-uri si intretinere","473"
"BK91325","Spray indepartare adeziv si lipici 450ml Breckner Germany","2026-06-24T02:05:48.597Z","Accesorii agricole","Spray-uri si intretinere","969"
"DISUX24","Dalta scarificator Bednar Terraland cod OEM KM060197","2026-06-24T02:05:48.597Z","Utilaje mici","Scarificatoare","16690"